track_id,artists,album_name,track_name,popularity,duration_ms,explicit,danceability,energy,key,loudness,mode,speechiness,acousticness,instrumentalness,liveness,valence,tempo,time_signature,track_genre,skip_probability,skipped,skip_risk_category
6KwkVtXm8OUp2XffN5k7lY,Hillsong Worship,No Other Name,No Other Name,50,440247,False,0.369,0.598,7,-6.984,1,0.0304,0.00511,0.0,0.176,0.0466,148.014,4,world-music,0.3752352451635801,0,1
2dp5I5MJ8bQQHDoFaNRFtX,Internal Rot,Grieving Birth,Failed Organum,11,93933,False,0.171,0.997,7,-3.586,1,0.118,0.00521,0.801,0.42,0.0294,122.223,4,grindcore,0.4145307642852977,0,1
5avw06usmFkFrPjX8NxC40,Zhoobin Askarieh;Ali Sasha,Noise A Noise 20.4-1,"Save the Trees, Pt. 1",0,213578,False,0.173,0.803,9,-10.071,0,0.144,0.613,0.00191,0.195,0.0887,75.564,3,iranian,0.4375153979302975,0,1
75hT0hvlESnDJstem0JgyR,Bryan Adams,All I Want For Christmas Is You,Merry Christmas,0,151387,False,0.683,0.511,6,-5.598,1,0.0279,0.406,0.000197,0.111,0.598,109.991,3,rock,0.312987642401031,0,0
4bY2oZGA5Br3pTE1Jd1IfY,Nogizaka46,バレッタ TypeD,月の大きさ,57,236293,False,0.555,0.941,9,-3.294,0,0.0481,0.484,0.0,0.266,0.813,92.487,4,j-idol,0.23341066955358605,0,0
2zQt5C0AIv27RhfJCRZdZ4,BaianaSystem,Duas Cidades,"Jah Jah Revolta, Pt. 2",38,309493,False,0.776,0.8,8,-4.704,0,0.0438,0.00631,0.0731,0.35,0.583,143.989,4,samba,0.27142296724898546,0,0
6BctgCJXlgxYeR0ObhLdtR,Joe DeRosa,You Let Me Down,Please Stop Communicating,21,496201,False,0.627,0.815,6,-6.959,0,0.911,0.785,0.0,0.744,0.532,119.197,5,comedy,0.598607344844858,1,1
1LDQFdGTEXOnycDC8CJ5p1,Cane Hill,A Form of Protest,A Form of Protest,54,189405,False,0.395,0.933,11,-3.6,0,0.116,8.74e-06,0.0125,0.328,0.194,92.53,4,metalcore,0.3538569242665999,0,1
2DDR5F7bHFJBiX6lPPsT8O,Kano,I'm Ready (Disco Mix - Original 12 Inch Version),I'm Ready - Radio Edit,29,209226,False,0.914,0.766,5,-5.662,1,0.0387,0.192,0.65,0.0747,0.9,126.632,4,disco,0.2316750492257521,0,0
2ScU6iEvgb0TIuKiyem9rg,Charlie Brown Jr.,Acústico (Ao Vivo),Proibida Pra Mim (Grazon) - Ao Vivo,48,151666,False,0.345,0.976,8,-4.74,1,0.0487,0.000587,0.0507,0.487,0.818,181.121,4,r-n-b,0.3252289718290202,0,0
4ifiz8TRTNdG9ORNWh2P0Q,Kacey Musgraves;Lana Del Rey,Jingle Bell Rock 2022,I'll Be Home For Christmas - From The Kacey Musgraves Christmas Show,0,132108,False,0.469,0.183,5,-15.414,1,0.0407,0.829,0.0,0.71,0.381,139.592,4,country,0.61439027101019,1,2
5xWxnLpw8ooMW1nJwY2hui,KIRINJI,J-Pop 輕旅行,時間がない,0,284160,False,0.772,0.675,11,-9.154,0,0.0366,0.124,0.0121,0.102,0.68,126.033,4,j-pop,0.234422403829724,0,0
3i2L1PRDEwWcUC03y95UPG,Aníbal Troilo Y Su Orquesta Típica;Roberto Goyeneche,15 Grandes Exitos - Los Discos De Oro De Roberto Goyeneche,Sur,28,237573,False,0.423,0.401,2,-11.219,0,0.0449,0.726,0.0,0.269,0.507,111.213,4,tango,0.5166346032356486,1,1
46JGS5Gcz5TilUnqGGHnnl,Imaginasamba;Jojo Maronttinni,Antes e depois (Ao vivo),Pega pega (Participação especial de Jojo Maronttinni) - Ao vivo,50,222184,False,0.511,0.751,11,-4.731,1,0.0924,0.844,0.0,0.962,0.732,158.1,4,pagode,0.4590898488696509,1,1
5pq4v03P5PxMcnCagg4S3Z,Boyce Avenue,"Cover Sessions, Vol. 4",In Case You Didn’t Know,60,225165,False,0.633,0.299,11,-7.798,1,0.0353,0.833,0.0,0.109,0.341,147.549,4,acoustic,0.4465223671166807,0,1
08HJeHs0U9iSbDWX0sWIem,Maria Bethânia,Noturno,O Sopro do Fole,41,169371,False,0.524,0.0856,9,-17.766,1,0.0999,0.739,0.0,0.0919,0.316,93.672,4,r-n-b,0.6531900660859689,1,2
198v7BbjXn2GTeI4NkBN39,Mariene De Castro,Santo De Casa,Vi Mamãe Oxum Na Cachoeira - Live,39,105240,False,0.59,0.697,5,-8.046,1,0.0323,0.75,0.000163,0.621,0.815,126.911,4,samba,0.49982923199513346,1,1
6bl8PFDgYxbDZHk0LRQhhz,Jebroer;Paul Elstak;The BeatKrusher,Me Gabber (DJ Paul Elstak & The BeatKrusher Remix),Me Gabber - DJ Paul Elstak & The BeatKrusher Remix,22,205351,False,0.553,0.928,7,-3.544,0,0.13,0.0251,0.0,0.171,0.305,160.044,4,hardstyle,0.26583269342849053,0,0
0b11D9D0hMOYCIMN3OKreM,Witt Lowry;Ava Max,Into Your Arms (feat. Ava Max),Into Your Arms (feat. Ava Max),77,186022,True,0.504,0.788,3,-4.113,0,0.215,0.0134,0.0,0.363,0.228,170.039,4,pop,0.2842443445008151,0,0
2pXg8l1JGZ3hCyFqxirV13,Lalo Ebratt;Trapical,Frescura y Perreo,Mocca,0,200293,False,0.786,0.696,1,-5.343,0,0.352,0.183,0.0,0.123,0.591,97.956,4,reggae,0.2699091533631919,0,0
3dJj6o9o1fRgrojWjailuz,Linkin Park,One More Light,Nobody Can Save Me,61,225546,False,0.645,0.688,11,-4.749,1,0.0341,0.0107,0.0,0.186,0.433,139.957,4,metal,0.17270606616265344,0,0
0rWLHJnMyJaMFA8x9l8AT0,Billie Eilish,Halloween Party 2022,all the good girls go to hell,3,168839,False,0.854,0.446,1,-8.957,0,0.198,0.313,0.215,0.156,0.57,92.545,4,electro,0.3614309418277362,0,1
36kDrsAPQ62bI32WPrlJew,ZITH;Misanthropix,Machine Spirit,Machine Spirit,17,228571,False,0.643,0.956,1,-3.385,1,0.051,0.000458,0.78,0.228,0.515,104.99,4,club,0.2064684769888545,0,0
0lASm1brReAnrOirk2f0a2,Christopher Zondaflex Tyler,Mr Chris Hip Hop Dance Moves,Bear Crawl,13,97620,False,0.738,0.499,1,-14.344,1,0.546,0.21,0.0,0.569,0.806,88.916,4,kids,0.43306923976727485,0,1
1WhGXbgwPOTDPB4ZsJBIDG,Chip E.,Hotter Than House,Time To Jack,7,354960,False,0.813,0.863,1,-8.587,1,0.0563,0.00024,0.89,0.109,0.717,122.93,4,chicago-house,0.1463212891187723,0,0
2xIbHYxBs1fiR4NkPc8z33,Tony Matterhorn,Jamaican Style,Ready fi di party,19,59600,False,0.911,0.616,1,-12.46,1,0.272,0.569,0.00795,0.154,0.467,120.999,4,j-dance,0.2958435159372993,0,0
6NPTmYw2yMu0Oz0IJkoxeR,Los Tukas,10 de Colección,Mis Noches Te Recuerdan,33,134400,False,0.643,0.574,0,-5.427,1,0.035,0.583,0.0,0.0492,0.845,108.002,4,rock-n-roll,0.3616842668712521,0,1
0Xs1Yh44j5cIgUQtOCBcQj,Apache Indian,Time For Change,Sometimes Love,3,242213,False,0.652,0.806,2,-3.875,0,0.0797,0.133,0.0,0.281,0.88,107.883,4,dancehall,0.3086275384966247,0,0
5TcuM4sQFHK747kwB2q1Qy,Annaleigh Ashford,Sunday in the Park with George (2017 Broadway Cast Recording),Everybody Loves Louis,22,219333,False,0.521,0.189,1,-10.74,1,0.0478,0.892,0.0,0.0824,0.301,117.833,4,show-tunes,0.5846918654925767,1,1
4bh9zPGpEX1yl9Do6rkhHr,Shinedown,Rock Brandneu,Planet Zero,0,222738,False,0.416,0.964,9,-2.967,1,0.112,2.35e-05,0.000875,0.473,0.212,157.925,4,alternative,0.48992367778333845,1,1
7vk7u7kaqw5A6BtkfoxQf3,Yiruma,The Best - Reminiscent 10th Anniversary,Do You?,46,292906,False,0.435,0.101,7,-18.753,1,0.0487,0.992,0.926,0.101,0.222,107.449,4,new-age,0.4385684260877698,0,1
72jbDTw1piOOj770jWNeaG,The Chainsmokers,Memories...Do Not Open,Paris,74,221506,False,0.653,0.658,2,-6.428,1,0.0304,0.0215,1.66e-06,0.0939,0.219,99.99,4,dance,0.3158405940191023,0,0
4zD9RBG51Lj8bnQwolLnyu,OneRepublic,Human (Deluxe),Wild Life,45,267117,False,0.479,0.762,2,-7.86,1,0.0378,0.00711,0.011,0.0965,0.0519,115.956,4,piano,0.33419370461459186,0,0
7MiYNyj5si5yiWyeSkgzqB,Joachim Pastor;Worakls,"Hungry Music Remix, Vol. 1",Joda - Worakls Remix,50,338086,False,0.757,0.678,3,-11.225,0,0.0323,0.0399,0.849,0.129,0.13,115.01,4,techno,0.1661418629731902,0,0
6suU440DRXoxpLNKWf46XJ,Realidade Cruel,Dos Barracos de Maderite aos Palácios de Platina,O Resgate,48,415660,False,0.553,0.732,7,-5.206,0,0.262,0.622,0.0,0.163,0.436,152.59,4,funk,0.283515367609134,0,0
5ueWiIP0QQcAqbMutT1Ng0,Balbi El Chamako,La Vida Es Bela,La Mala,39,221184,True,0.628,0.787,10,-6.809,1,0.139,0.0059,0.0,0.124,0.377,172.045,4,reggaeton,0.25608761798375795,0,0
49Z1VQivkHoY5KGdUwMv5i,RL Grime;Hex Cougar;fknsyd,Sable Valley Summer Vol. 3,Silo (feat. fknsyd),55,247500,False,0.472,0.933,5,-4.985,0,0.195,0.0632,0.367,0.0678,0.326,159.949,4,electronic,0.23949415849903838,0,0
1WDDMw1k46OS4W2IGxmLzj,Feid,FELIZ CUMPLEAÑOS,Ferxxo 100,4,167760,False,0.705,0.562,8,-3.378,0,0.0674,0.257,0.0,0.137,0.569,163.893,4,pop,0.3965037627478821,0,1
5tmcGYwmon8ufw9igbwwKk,Blake Rules;Netherfriends,Kids Trap 2,Making Music,13,146086,False,0.782,0.342,0,-15.203,1,0.0721,0.299,0.0237,0.103,0.345,115.018,4,kids,0.3636582380941168,0,1
5Iqh58mh9xHzOkXNorHibJ,Estela Nuñez,Estela Nuñez... Sus Primeras E Inolvidables Grabaciones,Ruega por Mí (Prega Per Me),30,201493,False,0.494,0.404,0,-10.108,1,0.0299,0.847,0.0,0.122,0.386,96.387,3,rock-n-roll,0.4599001559503195,1,1
5llrpUzc5oZ4U2RLruiDeI,Yonder Mountain String Band,"Mountain Tracks, Vol. 3",Holding,33,537106,False,0.472,0.702,9,-8.965,1,0.0981,0.82,4.25e-05,0.362,0.351,104.656,4,bluegrass,0.5613504128849426,1,1
6jAoHpOWUd5dpBUy0PW7TR,VNV Nation,Judgement,The Farthest Star,25,292973,False,0.552,0.937,9,-6.738,0,0.0488,0.0232,0.00268,0.102,0.347,134.98,4,industrial,0.2368375553718894,0,0
0LoQuiekvzqx7n8flgEKzF,T. Rex,Electric Warrior,Get It On,71,262613,False,0.728,0.878,11,-6.926,0,0.0564,0.176,0.856,0.61,0.911,126.59,4,blues,0.17809379207037704,0,0
34XYMzu7cmqQjItV8mJ77m,Orquesta Color Tango De Roberto Alvarez,Tango a Pugliese Con estilo para bailar Vol. 3,Para dos,18,175046,False,0.633,0.219,9,-11.805,0,0.0887,0.72,0.692,0.113,0.537,118.814,4,tango,0.5061023696309589,1,1
60an8Fb1pH1MniTxTlo2l9,Mc Bruninho da Praia;Mc Kadu;MC GP;Mc Lele JP,Bloco do Carro Chefe,Bloco do Carro Chefe,46,396000,False,0.818,0.486,4,-7.006,0,0.394,0.0996,0.0,0.0437,0.637,113.192,5,funk,0.3154565820274017,0,0
5FPnjikbwlDMULCCCa6ZCJ,John Mayer,Heavier Things,Daughters,67,237906,False,0.674,0.413,2,-7.816,1,0.0274,0.836,1.95e-05,0.098,0.503,124.893,3,singer-songwriter,0.454553554809863,1,1
5kVZxyMY1gfdCLiChsfjn1,Bad Bunny,Un Verano Sin Ti,Yo No Soy Celoso,85,230704,True,0.872,0.588,0,-6.276,1,0.0492,0.275,0.0,0.17,0.93,142.004,4,reggaeton,0.18430373278103906,0,0
2Fc99kfkQ1S2RilXcd6xIU,Money Chicha,Echo en Mexico,Quieren Efectos,24,167217,False,0.553,0.773,5,-6.446,1,0.0343,0.173,0.865,0.185,0.597,96.617,4,afrobeat,0.4123524563886694,0,1
47bweAQBrsV1Vi3hDmEIAo,Korsakoff,Stiletto,Boozed - Edit,19,215639,False,0.462,0.978,6,-4.089,0,0.0951,0.0569,0.42,0.168,0.33,168.624,4,happy,0.23035059546199177,0,0
5i7s3sB1LzxeVz8CWVEpAO,Tove Lo;The Young Professionals,Remixes & Covers,Talking Body - The Young Professionals Remix,44,221146,True,0.651,0.579,5,-8.023,0,0.0379,0.00166,0.000397,0.0794,0.443,138.993,4,swedish,0.19841363430130693,0,0
6xwqmrEshHeFlVI3hrc685,Los Vaguens,Hotel Acapulco,Penurias,27,198013,False,0.329,0.596,5,-11.17,1,0.0569,0.0179,0.00102,0.267,0.413,167.831,4,rockabilly,0.338526690563674,0,0
21excOPd45gzWN8zCt8Vhw,Annie Lennox,Christmas Best Hits 2022,Angels From The Realms of Glory,0,240146,False,0.523,0.322,0,-8.957,1,0.0285,0.535,0.0,0.132,0.3,126.002,4,singer-songwriter,0.5084342953652873,1,1
39NkxITdhS5BPBZ3ma2CTM,The Green;Sean Na'auao;Kaumakaiwa;Kumu Hina,"My Hawai'i (feat. Sean Na'auao, Kaumakaiwa, Kumu Hina)","My Hawai'i (feat. Sean Na'auao, Kaumakaiwa, Kumu Hina)",36,265326,False,0.726,0.593,0,-7.138,0,0.0851,0.284,0.0,0.527,0.857,139.924,4,j-rock,0.3788836660750186,0,1
14nEPCQLWtMqV4uE1cRHFv,Lörihen,Bajo la Cruz,Vida Eterna,29,295263,False,0.31,0.884,1,-4.088,1,0.0488,0.000301,0.0,0.177,0.314,75.023,4,heavy-metal,0.2616005951042689,0,0
1gexiILoiAONdvcXlzVQeE,Unholy,Ego Sum Deus,Ego Sum Deus,41,310390,False,0.636,0.538,2,-6.921,1,0.0324,0.00126,0.881,0.123,0.0388,115.983,4,club,0.3607651253901779,0,1
0mljrVHFeq2qgThql44LcI,Ferrugem,Ferrugem em Casa 2 (Bloco 1) [Ao Vivo],Tô isso aqui pra te beijar - Ao Vivo,43,190662,False,0.537,0.761,2,-6.194,1,0.0741,0.543,0.0,0.472,0.705,165.984,4,pagode,0.31448648094243126,0,0
59wlTaYOL5tDUgXnbBQ3my,ODESZA,A Moment Apart,A Moment Apart,66,234244,False,0.515,0.663,7,-7.896,0,0.0328,0.179,0.668,0.494,0.0756,120.024,4,chill,0.32426071650240396,0,0
2Qud6Q1KlK22qHcjUGlRpJ,Marcianeke,Sueltate Mah,Sueltate Mah,41,178800,True,0.662,0.785,1,-10.159,0,0.203,0.614,0.0,0.106,0.797,180.108,4,reggaeton,0.3883125205796517,0,1
2Pp9osgyIcw6o1avfDDDhH,BLACKPINK,SQUARE UP,Forever Young,67,237076,False,0.592,0.961,4,-1.807,1,0.096,0.0423,0.0,0.0882,0.508,109.826,4,k-pop,0.2130437735033174,0,0
4xu38KnbRHbRHRwdg4KFul,Fan Sounds,Box Fan Long Loop For Sleep,Box Fan Long Loop For Sleep,54,500166,False,0.0,2.03e-05,6,-25.556,1,0.0,0.145,0.213,0.114,0.0,0.0,0,sleep,0.5115623865085471,1,1
3oRP6yGs5d0kFpGRRzzaS8,Mayday,因為你 所以我,因為你 所以我,53,281799,False,0.47,0.685,11,-6.896,1,0.0363,0.188,0.0,0.112,0.488,152.103,4,mandopop,0.2969478711663075,0,0
19ZjBzxJ5ARxbln6Qmw1AN,Ray Peterson,Missing You,"Corrina, Corrina",47,162160,False,0.481,0.413,9,-8.688,1,0.0326,0.798,1.61e-05,0.0817,0.681,127.591,4,rockabilly,0.4387960735639356,0,1
3CmUas41TD2t8EGNZ85J9f,blink-182,Emo Christmas 2022,"Happy Holidays, You Bastard",2,42440,True,0.409,0.99,11,-2.084,1,0.115,0.02,0.0,0.513,0.962,172.715,4,punk,0.2728452615699235,0,0
0y4iXXlpVFJSQjlx0vQ3MZ,Alex Keeper,Forever,Forever,57,172714,False,0.763,0.457,10,-14.629,0,0.0539,0.796,0.414,0.108,0.0384,117.996,4,french,0.34953439636910155,0,0
3F5DccNp39Waj4QjZBUPGO,George Frideric Handel;The English Concert;Trevor Pinnock;The English Concert Choir,Weihnachten Klassik 2022,"Messiah, HWV 56 / Pt. 2: XLII. ""Hallelujah""",0,240760,False,0.434,0.262,1,-12.874,1,0.0286,0.959,0.6,0.141,0.256,103.015,4,german,0.561039989794477,1,1
7Afr3PKTtlFGHGiXYgnv6P,Ben Rector,The Walking in Between,I Like You,56,138506,False,0.624,0.334,3,-11.89,1,0.0391,0.321,3.27e-06,0.113,0.397,157.92,4,piano,0.4026064842258777,0,1
0qjux3nULEYN7Yz9jijgWz,Rarin,GTA 2,GTA 2,57,123151,False,0.627,0.652,5,-8.545,0,0.122,0.214,0.0,0.0767,0.487,160.089,4,sad,0.3043240058941371,0,0
5f5DBTOW5Y6wPiKTVcYVkg,doVicente,Superlove,Superlove,58,145737,False,0.753,0.809,6,-8.268,1,0.0637,0.317,0.0076,0.141,0.409,119.991,4,french,0.3507384072541736,0,1
5jyPgh9K0YlyhlVGQzFsbO,Robin Schulz;David Guetta,House Anthems,On Repeat,5,190217,False,0.609,0.801,1,-8.483,0,0.0694,0.0246,0.00255,0.37,0.202,122.958,4,deep-house,0.24782874771996452,0,0
6Gx3Ry4ORogdMibbdITOuN,Ajay Gogavale;Shreya Ghoshal,Dhadak,Dhadak Title Track,58,243484,False,0.375,0.312,7,-10.656,0,0.031,0.85,0.00988,0.137,0.22,77.527,4,pop-film,0.5132643094945744,1,1
34a89MbC7QXsUsLkljLgXX,Tom Petty,80s Bangers Vol. 1,Free Fallin',1,255680,False,0.619,0.504,5,-11.562,1,0.025,0.0614,0.0,0.06,0.568,84.335,4,folk,0.31743382929504743,0,0
3zPVG3y3rEzyixSFhe3XYu,Léo Magalhães,Ao Vivo em Goiânia,Andorinha Machucada / Tudo de Novo / Pense em Mim (Ao Vivo),45,225360,False,0.415,0.501,11,-7.232,1,0.0361,0.83,0.0,0.242,0.306,114.579,4,forro,0.439057789748982,0,1
4YXKKnIZuk7UtXH5oC0ffa,Little Richard,Good Golly!,Lucille,56,143826,False,0.676,0.708,8,-12.115,0,0.0698,0.592,0.000307,0.166,0.919,143.669,4,rockabilly,0.27224236228819165,0,0
089tprIgsyFSOrZpugamLI,Ekali;ZHU,Blame,Blame,45,177151,False,0.624,0.68,9,-7.285,0,0.0421,0.114,6.78e-05,0.0614,0.117,91.998,4,dubstep,0.2927673033827128,0,0
3RVKeAie8vdadw5r1PPBx5,Jody Reynolds,Endless Sleep,(Evil Hearted Me) Downright Evil,23,154466,False,0.593,0.865,4,-10.227,1,0.0378,0.719,2.29e-05,0.303,0.969,157.96,4,rockabilly,0.29372780027594136,0,0
7u1S5QZSwrWyNczrN9IAKR,Marina Herlop,Nanook,Doiloi,17,230000,False,0.343,0.129,8,-14.82,1,0.042,0.988,0.174,0.141,0.0371,124.396,5,club,0.7674321495199569,1,2
08r6N5mPmFMLhaXRZVfUbB,The Nightraver,We're From Rotterdam,If You'Re Smart,22,174718,False,0.571,0.873,6,-11.995,0,0.0732,3.25e-05,0.74,0.373,0.0894,179.841,4,happy,0.28179999295299885,0,0
5YLHLxoZsodDWjqSgjhBf3,Bazzi,COSMIC,Myself,68,167552,False,0.745,0.561,9,-5.513,0,0.072,0.465,1.12e-06,0.0338,0.902,195.918,4,electro,0.23411076854691562,0,0
1mVn6LE3NukwuP1uAixzgT,Powerman 5000,The Ultimate Skate Punk Album Vol.1,When Worlds Collide,27,177960,False,0.56,0.903,11,-4.77,1,0.0754,0.00132,0.0,0.291,0.581,143.821,4,industrial,0.3104590379136116,0,0
4zjuPxRdniuN7LZzI5aQNA,Isan,Lamenting Machine,Memory Cascades,10,279626,False,0.562,0.343,1,-20.924,1,0.0419,0.508,0.89,0.16,0.254,81.691,4,idm,0.4568721852038019,1,1
0CkwGzywZ3js4Hcmb0RkQn,twocolors,Mega Hits Autumn/Fall 2022,Heavy Metal Love,3,132000,False,0.768,0.767,5,-8.06,0,0.0358,0.194,0.0,0.121,0.457,125.029,4,edm,0.23923535020678918,0,0
2Yj1sRA7UENRp7p6tt8E1k,Powfu;sadeyes,Letter's You Never Received,Break Ups Suck Ass,51,164500,True,0.605,0.327,6,-7.659,1,0.037,0.866,0.0,0.125,0.608,179.839,4,sad,0.3808418048803535,0,1
6OEHLXWw1PDfhbJLbNRi94,Lindsay Mendez;Ben Crawford,35MM: A Musical Exhibition (Original Cast Recording),Make Me Happy,26,137053,False,0.713,0.639,10,-5.769,1,0.05,0.423,0.0,0.129,0.944,92.072,4,show-tunes,0.2983673525843862,0,0
2B5a8L30R9vk3F9clonX5g,Los Tecolines,Peerless 80 Aniversario - 24 Exitos Vol. 2,Vuela paloma,21,207013,False,0.668,0.374,7,-8.232,1,0.0288,0.788,0.0,0.29,0.669,113.108,4,guitar,0.3974602557022692,0,1
3AO4zBhbT0E8hxb9HMSmbM,Jamie Kilstein,"Libel, Slander & Sedition",Obama and Hitler!,24,140199,True,0.705,0.555,2,-7.811,1,0.941,0.653,0.0,0.649,0.661,116.073,5,comedy,0.5020346233751003,1,1
6LFXmq8DuXrxoyrPz7c5Lw,Limão Com Mel;Tarcísio do Acordeon,Estúdio Limão,Ponto Final,38,206767,False,0.657,0.829,2,-5.596,0,0.0673,0.276,0.0,0.207,0.569,117.029,4,forro,0.2790605166973929,0,0
4UDmDIqJIbrW0hMBQMFOsM,Bee Gees,Staying Alive (Original Motion Picture Soundtrack),Stayin' Alive,77,92866,False,0.707,0.535,10,-19.793,0,0.0436,0.113,0.00615,0.0884,0.641,103.644,4,disco,0.19439656107884762,0,0
4RShNT9cGPE2jnrO82Ma0I,Cameron's Bedtime Classics,Lullabies and Nursery Rhymes,Little Jack Horner - Original Mix,19,58826,False,0.495,0.137,5,-17.15,1,0.0468,0.968,0.946,0.109,0.271,139.73,3,disney,0.6254035920990236,1,2
0Y2v82GQsomVCqnfWpRSg5,Calcinha Preta,"Dois Amores, Duas Paixões, Vol. 14","Dois Amores, Duas Paixões",48,223007,False,0.496,0.727,1,-4.378,0,0.0427,0.237,0.0,0.422,0.501,166.068,4,pagode,0.3812244397031914,0,1
3iRKwxW8ZDjmL9nKk3nisz,Tiwa Savage;Zinoleesky,Jaiye Foreign,Jaiye Foreign,58,190164,False,0.82,0.816,5,-6.29,0,0.077,0.0216,7.81e-05,0.0541,0.861,108.98,4,dancehall,0.16437106339688579,0,0
1HGtTmgl1sEycuS9lJviWQ,Zaeden,Genesis 1:1,dooriyan,63,161624,False,0.735,0.593,11,-7.473,1,0.0885,0.731,0.178,0.135,0.475,160.07,4,indie-pop,0.2931941380450404,0,0
69Yia3qCLw6N9U80WhLwLn,Death,The Sound of Perseverance - Reissue,Voice of the Soul,58,223933,False,0.158,0.572,7,-6.293,0,0.0346,0.000926,0.893,0.144,0.347,79.176,3,death-metal,0.44688334718155653,0,1
73rQVihYf9bPXflrJiesqF,Kemuel,Ressuscitou (Resurrecting) [Kemuel Nation],Ressuscitou (Resurrecting) [Kemuel Nation],36,491000,False,0.413,0.509,1,-8.439,1,0.0292,0.326,0.0,0.116,0.222,148.055,4,groove,0.429113891877144,0,1
7G4FH6SEh9wgDRztDi3cDE,Lasse Stefanz,Evergreen,Utan att förstå,36,224640,False,0.663,0.733,9,-5.09,1,0.0298,0.00878,9.01e-06,0.108,0.741,107.967,4,swedish,0.2066130142760446,0,0
44Lv3y1OHRM7r8vuEAGTkW,FiNCH;SDP,Hold Me Now,Liebe ist ...,35,183173,True,0.631,0.8,9,-4.179,1,0.101,0.107,0.0,0.373,0.782,156.941,4,party,0.3295290835319073,0,0
5d4MvCqMJUgoVVCz16tvlD,Miriam Yeung,My Favourite Hits,再見二丁目,38,236840,False,0.645,0.3,5,-10.282,1,0.0362,0.815,0.0,0.115,0.214,143.928,4,cantopop,0.43981818039857234,0,1
3JCcBtwNldEBd3O4hqYDWI,Almighty;Manny Montes,Genelipsis,No Me Arrodillo,39,225500,False,0.81,0.542,11,-7.146,0,0.415,0.102,0.0,0.113,0.376,164.151,4,latino,0.27141772092010236,0,0
0fGDKi4UeXx8CypAvJdAj6,DJ Furax;Redshark,Techno Hard,F***k Orgus (Dance) - Dr. Rude Remix,26,332408,False,0.842,0.867,7,-6.886,1,0.364,0.00892,0.74,0.256,0.587,147.011,4,j-dance,0.27939898071248825,0,0
0NmnFMWMkTETNANGpVVqyc,Moore Kismet,Wasteland,Wasteland,51,183424,False,0.563,0.836,1,-3.901,0,0.0903,0.108,0.0,0.243,0.657,141.923,4,dubstep,0.1999172852729668,0,0
6HhdFRM9un1Ojpz1A98pVi,High Contrast,If We Ever (Unglued Remix),If We Ever - 2018 Remaster,25,320271,False,0.542,0.875,7,-4.285,1,0.0507,0.000356,0.31,0.359,0.114,172.973,4,j-dance,0.3082594258990752,0,0
5YRzeFvIc4yNhpzDcLKWvE,BadKidMacei;Badkidparis,Bossy,Bossy,21,144048,False,0.914,0.723,2,-6.193,1,0.138,0.196,0.0,0.216,0.335,95.0,4,kids,0.2383677262080875,0,0
5mq2tutI68FRDD8CiYOsYS,Paolo Nutini,Low-Key Hits,Growing Up Beside You,1,203666,False,0.504,0.51,7,-10.79,1,0.0415,0.771,7.61e-05,0.0766,0.0834,95.182,4,soul,0.48024178618631874,1,1
3B0hzwc1e8AYOytj9hZS2I,Blue Stahli,Blue Stahli (Deluxe Edition),ULTRAnumb,55,265434,False,0.439,0.915,2,-7.078,0,0.0745,0.000184,0.000899,0.326,0.34,91.993,4,industrial,0.23982418892929996,0,0
1aesK4KrWp8IF3jtRdA3WJ,Eikichi Yazawa,YAZAWA (50th Anniversary Remastered),LOVE THAT WAS LOST - Remastered 2022,34,225826,False,0.741,0.519,0,-11.103,1,0.0259,0.215,0.00205,0.319,0.899,107.882,4,j-rock,0.34857686134979277,0,0
5fIWOnufnkAtDp9SDqRMD3,Fossils,Fossils,Hansnuhana,45,294322,False,0.528,0.427,4,-12.304,1,0.0548,0.27,2.18e-05,0.105,0.307,133.127,4,indian,0.299966279802608,0,0
4K2NuhUFmcQbaepaAzHGdP,Alireza Mashayekhi;Marie-Thérèse Grisenti;Marc Vitantonio;Duo Grisenti Vitantonio,A. Mashayekhi - 5 Sonates Pour Violoncelle Et Piano,Sonate IV Opus 180 Pour Violoncelle Et Piano - 3ème Mouvement,0,284573,False,0.254,0.104,5,-19.932,1,0.0524,0.986,0.716,0.152,0.0378,84.693,4,iranian,0.6879873301108709,1,2
1g4C1BrGd4O1Dt5y0xue96,Culture Shock,Sequence,Renaissance (Edit),51,209549,False,0.458,0.981,1,-1.65,1,0.0518,0.0573,0.0363,0.172,0.143,173.882,4,drum-and-bass,0.12755909715238,0,0
6Sk0prnnRQ1SYTSDGxa92x,Seu Jorge,"Musicas para Churrasco, Vol.1 (Ao Vivo) (Delux Edition)",Pessoal Particular (Ao Vivo),47,387720,False,0.634,0.859,2,-5.832,1,0.0567,0.539,3.2e-05,0.693,0.64,112.942,4,mpb,0.33960037270489096,0,0
5z6YX4XnUd06mWDQc7rF10,Desmond Dennis,Desmond Kids Jams Theme Song,Desmond Kids Jams Theme Song,8,54866,False,0.656,0.678,3,-5.615,1,0.365,0.532,0.0,0.0308,0.718,65.77,4,kids,0.37751200358901615,0,1
09H6lkpmYJYeDaEKvoXcoZ,Sachin Warrier;Job Kurian;Sayanora,Thira (Original Motion Picture Soundtrack),Thaazhe Nee Tharame,28,171126,False,0.509,0.475,5,-8.994,0,0.0382,0.506,0.00383,0.168,0.173,135.31,4,malay,0.4160754436461478,0,1
5Z2iVSDPvCScP5M5atIt5v,Shinedown,Metal,Planet Zero,0,222738,False,0.416,0.964,9,-2.967,1,0.112,2.35e-05,0.000875,0.473,0.212,157.925,4,alternative,0.35597751606105404,0,1
7mzU3O4ixZNhShH6SrCInw,Django,Anthracite,Anthracite,35,142222,True,0.64,0.459,2,-8.439,1,0.25,0.448,5.75e-05,0.107,0.14,100.071,3,french,0.39295502704204216,0,1
5mfyiAYTK4MxWq2elg1Kpv,Anal Vomit,Demoniac Flagellations,Sendero Siniestro,17,155600,True,0.193,0.995,3,-4.893,1,0.18,4.29e-06,0.0737,0.0486,0.0743,109.837,4,black-metal,0.4254195959444353,0,1
6nSnDI2EvwXocgjj6hwQRv,Camille Saint-Saëns;石丸由佳,死の舞踏~悪魔のパイプオルガン,死の舞踏,1,538293,False,0.213,0.159,7,-13.897,1,0.0366,0.715,0.914,0.101,0.0373,143.35,4,french,0.6271436142555117,1,2
1cQI15E52Yqrg7r2Kp2Fzu,Ray Price,Country Music - A Film by Ken Burns (The Soundtrack) [Deluxe],Crazy Arms,12,150640,False,0.61,0.287,5,-9.551,1,0.0281,0.676,0.0,0.134,0.701,117.626,4,honky-tonk,0.47575680795227193,1,1
0w4Sf61CbM69gDD7RVmaBD,Ronghao Li,有理想,爸爸媽媽,51,284215,False,0.67,0.507,11,-6.551,1,0.0316,0.699,0.0,0.161,0.258,101.921,4,mandopop,0.392368641267163,0,1
4Du0BRUJvKybzxcRplp7HF,Arctic Monkeys,Leave Before The Lights Come On,Leave Before The Lights Come On,62,233946,False,0.365,0.887,0,-4.579,1,0.0417,0.00272,2.18e-05,0.0923,0.916,150.718,4,garage,0.19330803311861644,0,0
2sWP5BvD2gcT32MpMAhkRU,salem ilese,CHRISTMAS TOP HITS 2022,Thank You Note,0,156265,False,0.637,0.705,10,-7.546,0,0.0502,0.121,0.0,0.0857,0.553,158.013,4,indie-pop,0.3080746961412046,0,0
12b3bKEbdjtL1Ga0n3ybzK,Sajjan Raj Vaidya,Phutki Jaaney Jovan,Phutki Jaaney Jovan,49,220800,False,0.46,0.521,4,-8.022,1,0.0274,0.65,0.0,0.256,0.599,149.945,4,indie-pop,0.4081135005733922,0,1
7rJrFX4RyhDJNV9nQIPw0y,Zé Henrique & Gabriel,Tá tudo OK Acústico,O que combina comigo é você,51,176866,False,0.669,0.671,6,-8.135,1,0.0276,0.448,0.0,0.472,0.753,131.996,4,sertanejo,0.3870861607470222,0,1
6lio8qS8M1XBGV3fYb8ZS5,Tribal Rain,Roka Yo Samay,Sunyata,45,231784,False,0.682,0.462,11,-11.505,0,0.0388,0.913,0.212,0.107,0.529,96.054,4,indie-pop,0.3606469216514031,0,1
6KHsTu4Ht4XYiWcZOOdwbW,Fresh,Chop (Nouvelle École),Chop (Nouvelle École),76,195560,True,0.745,0.801,3,-6.545,0,0.724,0.439,1.13e-06,0.519,0.486,143.011,4,french,0.33323297108912964,0,0
0M88JRtpXQK8i2XP0WX8jO,Scooter,Back To The Heavyweight Jam,Fuck The Millennium,16,249493,False,0.548,0.999,0,-4.937,1,0.0947,0.0501,0.0128,0.978,0.0878,145.0,4,happy,0.36894389734774463,0,1
1yoMdigYCXY5UrhTbGNEJp,Eric Burdon,Disciples Liberation The Ultimate Fantasy Playlist,Don't Let Me Be Misunderstood,0,157360,False,0.673,0.712,11,-7.858,0,0.0273,0.159,0.0,0.183,0.912,113.061,4,psych-rock,0.3003338159850966,0,0
1Ib8I0IUoeRdLk6IKMLenk,Die Toten Hosen,Alles aus Liebe: 40 Jahre Die Toten Hosen,Nur zu Besuch,38,270266,False,0.508,0.299,0,-7.457,0,0.0261,0.502,0.0,0.112,0.137,108.159,4,punk,0.37823031916037103,0,1
0EMYTe2oQy70PCKPQFlbVy,Ali Zafar,"London, Paris, New York (Original Motion Picture Soundtrack)",Voh Dekhnay Mein,59,272453,False,0.815,0.421,0,-8.125,1,0.0352,0.491,4.41e-06,0.117,0.543,140.01,4,pop-film,0.27802815510851675,0,0
0BhH8IeKQa3MW7J3dpl6x0,hope mona,trick or treat on beat,Ghostbusters - Lo-Fi,0,170929,False,0.816,0.596,9,-11.15,1,0.451,0.76,0.891,0.348,0.756,116.022,4,study,0.527855804059745,1,1
5xQr5TxQ77siaKfuyiJbT0,Ottawan,Hands Up,Hands Up - Single Version,66,208573,False,0.888,0.876,8,-4.249,1,0.0425,0.61,3.25e-05,0.375,0.992,123.291,4,disco,0.1970259123294684,0,0
5g9IN42ZX2NK6KhOB347V3,Dry Bar Comedy,Dry Bar Comedy Presents Zoltan Kaszas: Cat Jokes,Accidental Soccer Coach,22,158000,False,0.519,0.535,3,-14.284,0,0.935,0.764,0.0,0.706,0.474,135.462,4,comedy,0.5953751809632003,1,1
45eEjffcfZfXgILWoY2tZw,Trazendo a Arca,10 Anos (Edição Comemorativa),Sobre as Águas,37,340626,False,0.442,0.447,1,-7.557,0,0.0278,0.456,0.0,0.975,0.165,137.987,4,gospel,0.448281078257911,0,1
36j1jTaF9CFdq58TOPnBzC,Napalm Death,Utopia Banished (Remastered 2012 Edition),Judicial Slime,12,156840,False,0.221,0.992,10,-4.898,0,0.151,3.49e-06,0.207,0.304,0.117,98.179,4,grindcore,0.37183594505494105,0,1
6aKWvrAFe1NC7YEw8rTcwb,Randy Crawford,Gourmet Soul,Street Life (Edit),0,289333,False,0.55,0.548,5,-11.171,0,0.0719,0.258,4.12e-05,0.36,0.819,111.612,4,disco,0.40420201333687883,0,1
2NQ2VeLMFkiPaUzEjU0U4J,Rotterdam Termination Source,History Of Rotterdam Hardcore Part 1.,Poing-Jump A Little Higher,16,261735,False,0.751,0.991,11,-5.468,0,0.0723,0.00101,0.179,0.357,0.849,154.857,4,happy,0.1721909184924153,0,0
4B8RTAHSPfYpV222GsmEjq,Don Omar,Fiesta portatil,Zumba,2,263973,False,0.718,0.891,9,-3.494,0,0.0404,0.00175,0.0146,0.138,0.828,124.981,4,latin,0.26048862465713907,0,0
2sCxUQfUto6uaBe1ZBHFtA,Clara Mae;Russell Dickerson,Drunk On Emotions,Alright (feat. Russell Dickerson),51,161085,False,0.544,0.738,6,-4.944,1,0.106,0.368,0.0,0.0993,0.41,146.976,4,swedish,0.371722795865973,0,1
2KK9N6iBAisA0booTu3bGd,Melendi;Alejandro Sanz;Arkano,Ahora,Déjala Que Baile (with Alejandro Sanz & Arkano),64,219600,False,0.831,0.777,11,-4.456,0,0.174,0.356,0.0,0.0796,0.598,95.973,4,spanish,0.23606375054904616,0,0
48Yn5OAlrve8PAhxDhTNUQ,Twisted Sister,Metal,Under the Blade,0,279533,False,0.304,0.89,9,-3.992,0,0.122,0.00143,0.00113,0.104,0.433,194.289,4,metal,0.29056234161725,0,0
6YtuqK0GShEo9edd4yI8rr,Wildstylez;Headhunterz,Project One,The Zero Hour,21,330106,False,0.622,0.906,9,-6.987,1,0.258,0.024,0.0133,0.342,0.0615,149.882,4,hardstyle,0.3076430805323073,0,0
5q4gc4nzxSgtwIBnIuCT6M,Cooltime Kids,Halloween y diversión para peques,The Addams Family,0,139866,False,0.689,0.546,5,-9.254,1,0.0673,0.000464,0.000896,0.239,0.966,120.233,4,party,0.3578583017377882,0,1
4LUwZxtF980YhwrvxtTeZ7,OneRepublic,HOT PARTY BACK TO SCHOOL 2022,I Ain't Worried,1,148485,False,0.704,0.797,0,-5.927,1,0.0475,0.0826,0.000745,0.0546,0.825,139.994,4,piano,0.299215119492964,0,0
6iHbjtE81qfwU4RacVYDqP,E-Dee,Elevate,Everytime I See You,31,206222,False,0.521,0.686,5,-8.002,0,0.291,0.0141,0.0,0.0846,0.624,129.378,5,j-dance,0.32100228567540423,0,0
5VgoYN2PNwcRIbxCzmeri0,Peter Cat Recording Co.,Bismillah,Heera,41,379920,False,0.66,0.606,0,-11.409,0,0.0266,0.557,0.00547,0.0987,0.77,116.007,4,electronic,0.4476303885031866,0,1
5nvL2YxmnbQyuu7aGrI68K,luvuto,messy,messy,30,96000,False,0.605,0.238,0,-12.352,1,0.16,0.948,0.92,0.111,0.656,79.996,4,study,0.48481424589588445,1,1
5XaueS6W32nmVOFqYsmoCr,Angelmaker,Dissentient,Leech,50,285160,True,0.254,0.98,0,-4.348,1,0.138,0.00014,0.0659,0.306,0.0399,125.023,4,black-metal,0.3419836710555751,0,0
4z6ONMu9f0FjhhApyj87KI,Eagles Of Death Metal,Zipper Down,Got The Power,26,208440,False,0.46,0.882,1,-4.91,1,0.0641,0.00203,0.0103,0.0996,0.658,143.926,4,garage,0.2947565970630588,0,0
22f03jCe16N1rYJzO9RqWl,Ron Trent,Artifacts From the Future EP,City Beat,9,682666,False,0.804,0.947,2,-8.071,1,0.0488,0.00984,0.889,0.0647,0.666,122.018,4,chicago-house,0.1644199884532239,0,0
6JN0cjFT0zDRYxzqcKrvwf,Soundgarden,Hits Pop Rock 90's,Spoonman,0,246920,False,0.258,0.904,0,-5.625,1,0.0386,2.2e-05,0.218,0.255,0.832,186.054,3,alternative,0.3656448345116352,0,1
1ltZgsLlfxgtNh5U74JPu3,Above & Beyond,Journey To ABGT500 pt.2,Group Therapy (Messages Pt. 9) [ABGT499D3],29,48695,False,0.66,0.917,7,-6.56,1,0.215,0.068,0.000216,0.683,0.74,138.065,3,trance,0.22791490430715666,0,0
2zNZ81rcbDUvOmKo0borJr,Electric Callboy;FiNCH,TEKKNO,Spaceman (feat. FiNCH),63,190000,True,0.508,0.891,4,-7.492,0,0.0539,0.000381,0.0,0.403,0.572,79.984,4,metalcore,0.2637059704611547,0,0
5Yi7LVz0rVo2aYN34Hyv1U,Cream,(60's) Sixties Collected Volume 2,I Feel Free - Remastered,0,172760,False,0.371,0.601,9,-8.431,1,0.0277,0.137,5.53e-05,0.15,0.596,87.975,4,psych-rock,0.3853638410139796,0,1
7Gn4vU9RUHYV5aA1gMJSPV,Ritviz,Dev,Pran,48,221538,False,0.619,0.484,1,-8.715,1,0.0572,0.116,0.000121,0.19,0.61,90.916,4,indie-pop,0.4119649053438085,0,1
5FcQcDHuwpzP70vhlCqVi2,Steppenwolf,Fiesta temática 60s,The Pusher,0,349826,False,0.508,0.47,0,-9.339,1,0.0262,0.201,0.0553,0.14,0.69,81.016,4,folk,0.3684582374208289,0,1
0u79AwRSmRJdCQwXV7SGSB,Laura Chiatti,Rapunzel- L'intreccio della torre,Aspettando una nuova vita – Reprise,31,125840,False,0.329,0.166,4,-10.467,1,0.0381,0.918,0.000221,0.257,0.159,102.277,4,disney,0.6307479840362694,1,2
0H4BGX7L8UfoD0g4wgXd0D,Leeland,Way Maker,Way Maker - Single Version,64,206440,False,0.468,0.655,4,-6.384,1,0.0296,0.0149,0.0,0.104,0.222,144.045,4,alternative,0.2158842091786246,0,0
5X4tAxxNC5XaSgcIW3xhj7,Sara Kays,Chosen Last,Chosen Last,56,226847,False,0.652,0.546,11,-6.497,1,0.0264,0.666,2.28e-06,0.112,0.264,99.03,4,songwriter,0.42618720284374517,0,1
0Gdc7WEm7QbmFzqDfQCs2M,Rodrigo Zin,Tanjiro Kamado,Tanjiro Kamado,41,291283,True,0.677,0.573,10,-7.982,0,0.047,0.317,0.0,0.291,0.282,107.059,4,r-n-b,0.3161485613222157,0,0
38YgZVHPWOWsKrsCXz6JyP,Matt Nathanson,Some Mad Hope,Come On Get Higher,71,215173,False,0.672,0.623,9,-5.699,1,0.0297,0.241,0.0,0.0848,0.617,92.018,4,acoustic,0.256867568254382,0,0
7fiDUk7rQAZJ5lPKchOpHM,Autechre,Chiastic Slide,Nuane,12,797375,False,0.698,0.583,4,-11.091,0,0.105,0.00189,0.775,0.308,0.408,108.002,4,idm,0.24968440698444677,0,0
1UDViHv1sQpQT4G3Yf18IC,Heloisa Rosa,Estante da Vida,Vaidade,39,268051,False,0.494,0.443,4,-9.212,1,0.0274,0.674,6.59e-05,0.102,0.191,125.887,4,gospel,0.49230119935880107,1,1
5Ag2HVfyE4rzXa8ba47Qqo,The Lemonheads,Varshons 2,Abandoned,21,220306,False,0.444,0.545,0,-6.574,1,0.0284,0.0391,0.000356,0.184,0.382,126.728,4,power-pop,0.3957134377618366,0,1
7df1bXJPOQ21YwxjjOYOnj,Pernilla Andersson,Våra barns godnattsånger - älskade godnattvisor & vaggvisor för alla barn,Videvisan (Sov du lilla videung),35,180506,False,0.341,0.212,7,-12.131,1,0.0312,0.897,0.00124,0.147,0.268,171.267,4,swedish,0.5318646351805697,1,1
2J2Z1SkXYghSajLibnQHOa,Sia,This Is Acting,Unstoppable,81,217746,False,0.468,0.779,9,-4.839,1,0.0779,0.112,0.000373,0.101,0.26,173.799,4,pop,0.2703349129536737,0,0
36wWhtZyNc7YSGORYvLZ5X,Mc Kevin,Isolado No Quarto,Sentimento,46,216000,False,0.493,0.587,7,-4.743,0,0.0603,0.791,0.0,0.0919,0.456,109.967,4,funk,0.45162256778016874,1,1
3AJ0MFDt4OSknQ5D9Jlo4l,Criolo,Nó na Orelha,Samba Sambei,37,222560,False,0.87,0.737,11,-8.372,1,0.126,0.268,0.00369,0.0504,0.952,136.07,4,afrobeat,0.2405561834837016,0,0
7I8UTLiBA1ptFm04WulwhH,Arca,KICK ii,Prada,58,163348,False,0.619,0.712,4,-6.893,0,0.0328,0.103,0.0,0.24,0.35,95.025,4,club,0.2523273758989615,0,0
0vrF0RhqGtoyzHxNpKFVeq,Darko US;Ryo Kinoshita,Oni,Hyper Kill,49,203266,True,0.258,0.997,7,-3.808,1,0.245,0.000225,0.565,0.096,0.245,147.567,4,death-metal,0.34577814356896996,0,0
2okcO5ZSjMwCl3kBOZujX9,The Planet Smashers,Unstoppable,Police the Nation,31,158946,False,0.753,0.958,11,-4.088,0,0.0504,0.0449,0.0,0.383,0.964,167.944,4,ska,0.2688571878401359,0,0
5902W4uHWzhtOff1UK7the,Alesso;Katy Perry,When I’m Gone (with Katy Perry),When I’m Gone (with Katy Perry),80,161266,False,0.685,0.886,0,-4.179,1,0.034,0.028,0.0,0.481,0.615,125.034,4,electro,0.19922394236772573,0,0
6fUyCEJju5st7aDoN1nDN0,Miles Away;braev,Heartless,Heartless,41,234324,False,0.467,0.644,6,-4.792,0,0.0382,0.182,0.0,0.0945,0.308,148.049,4,dub,0.26466686072698864,0,0
38Uq4auvCzFYWtYjLeB5xz,KAROL G,El perreo es el futuro,BICHOTA,0,178946,True,0.863,0.666,1,-4.158,0,0.152,0.212,0.000493,0.103,0.838,163.908,4,reggae,0.28556545318145293,0,0
46IZ0fSY2mpAiktS3KOqds,Adele,30,Easy On Me,82,224694,False,0.604,0.366,5,-7.519,1,0.0282,0.578,0.0,0.133,0.13,141.981,4,british,0.3781638814269558,0,1
2ygHwkk6BE4o1YKF2jhrFX,Amaal Mallik;Armaan Malik;Palak Muchhal,Sanam Re,Hua Hain Aaj Pehli Baar,58,309272,False,0.495,0.729,6,-6.453,0,0.103,0.6,4.13e-05,0.0993,0.683,155.892,4,pop-film,0.333974019568159,0,0
6k0X05danQOXSBTVek5DU1,SiM,The Rumbling,The Rumbling,73,220799,False,0.459,0.878,5,-1.399,0,0.0688,5.62e-05,0.000307,0.371,0.494,144.852,4,rock,0.2169592312381648,0,0
7eKlApdNdcu8e2GX4nItcO,Ella Chen,都幾歲了 (電視劇【幸福一家人】片尾曲),都幾歲了 (電視劇【幸福一家人】片尾曲),38,241891,False,0.624,0.499,7,-7.631,1,0.0276,0.179,0.0,0.17,0.305,115.986,4,mandopop,0.29537011559869564,0,0
28i8wrtierqlLXenXZqgRL,Samuca e a Selva,Ditados Populares Dançantes,Vermelhos de Ciclos,16,242000,False,0.753,0.728,10,-6.071,0,0.0563,0.0159,0.0652,0.107,0.59,144.003,3,afrobeat,0.13993754772511807,0,0
6Ban3mboqGeIUAFnuyZZNM,Shiritsu Ebisu Chugaku,Major Debut 10th Anniversary Album 中吉,ポップコーントーン,19,270413,False,0.329,0.954,4,-1.737,1,0.0706,0.00316,0.338,0.52,0.589,170.064,4,j-idol,0.29936716971835364,0,0
24BYTj1tb5ovZcnIbtdTYD,Seekae;Flume,Test & Recognise (Remixes),Test & Recognise - Flume Re-work,70,303660,False,0.544,0.579,8,-8.52,1,0.0712,0.193,1.43e-05,0.117,0.294,109.769,4,ambient,0.26542714581693044,0,0
7z60LyZVJJXrE6YPJ39ioD,Goldie;James Davidson;Subjective;Lauren Norstrom,The Start of No Regret,Azimuth,18,276937,False,0.668,0.859,6,-5.947,1,0.0367,0.0351,0.569,0.248,0.802,118.001,4,drum-and-bass,0.1653203777662305,0,0
5PXyH5bb5fbVfO8LjByhBb,Death Grips,The Money Store,Hustle Bones,51,192360,True,0.6,0.982,4,-2.996,0,0.201,0.104,0.0,0.343,0.277,110.015,4,industrial,0.309574566991519,0,0
1Mys1gf9SkMBAVGGxpkJ7d,Lost Frequencies;Janieck,Less Is More,Reality,70,159480,False,0.714,0.697,1,-7.887,0,0.032,0.0197,2e-06,0.0697,0.602,122.145,4,house,0.22406154662634567,0,0
3xfeeYbPZG82KPttgF7iGC,Blank & Jones,Relax Edition 10,Flamingo,27,250120,False,0.811,0.556,5,-7.399,0,0.0741,0.291,0.898,0.11,0.745,109.976,4,techno,0.2752724338134391,0,0
4Hfab9JSboztQUlw1oSmGB,Sujatha,Taj Mahal (Original Motion Picture Soundtrack),Sotta Sotta m,45,344816,False,0.751,0.414,5,-11.214,0,0.0406,0.145,0.000123,0.0841,0.401,94.991,4,malay,0.31075022935334773,0,0
7GjQssVu8uKn4WGTIgTOIA,Tiësto;Charli XCX,Hot Mix Pop,Hot in It,3,129817,False,0.748,0.841,7,-5.08,1,0.177,0.00445,1.33e-06,0.0413,0.717,123.045,4,dance,0.1771388476486781,0,0
2yUVCrzeOEChacYpE0MUAP,Planetshakers,Legacy (Live),Alive Again - Live In Manila,48,252149,False,0.561,0.925,1,-5.77,1,0.0566,0.000184,0.0119,0.606,0.614,126.019,4,world-music,0.33144332472983806,0,0
49TMDqI2mJ8qtLuYMeFrua,Hank Williams,The Immortal,I'm Satisfied With You,12,155640,False,0.779,0.324,2,-12.326,1,0.0517,0.892,0.0,0.082,0.963,107.639,4,honky-tonk,0.44039414812669897,0,1
36xBFaVGjqm7le8CTHytUj,Bring Me The Horizon,POST HUMAN: SURVIVAL HORROR,Parasite Eve,65,291812,True,0.589,0.797,9,-5.464,1,0.15,0.0289,4.35e-06,0.383,0.232,102.489,4,metal,0.254469443874965,0,0
36XWUlUGrfZ8da2fLbnNqj,Can Bonomo,Ruhum Bela,Ruhum Bela,38,165192,False,0.638,0.893,9,-4.857,1,0.076,0.0398,0.0,0.0801,0.567,127.947,4,turkish,0.19939239055979793,0,0
2VaAx84O5vvWwI9QTeuq49,Roberto Goyeneche,Buenos Aires Conoce,Nada,22,159306,False,0.47,0.591,9,-6.042,1,0.0809,0.788,1.26e-05,0.21,0.651,81.005,4,tango,0.4119677212161587,0,1
1Vy8dfWHzytLuWDYqnQd4L,Ewa Konstancja Bułhak,Bambukalambu,Mamisi kołysanka,25,93506,False,0.61,0.151,11,-14.883,1,0.115,0.863,0.0,0.104,0.666,169.463,3,disney,0.44176590050137354,0,1
2GDWnzRp5wsBXMBtR25dzv,Amrit Maan;Nimrat Khaira,All Bamb,Sira E Hou,57,200769,False,0.745,0.549,7,-5.137,1,0.203,0.337,0.0,0.152,0.788,77.892,4,hip-hop,0.30602641459181035,0,0
4TuolvR6umOx58y53a9Vak,Feine Sahne Fischfilet,Sturm & Dreck,Ich mag kein Alkohol,37,215718,False,0.406,0.966,2,-3.515,0,0.0768,0.00113,0.0,0.0714,0.497,171.966,4,ska,0.2746045587280912,0,0
5FXMRdJjKq1BIX4e8Eg9mK,KK,Om Shanti Om,Ajab Si,69,241668,False,0.697,0.438,8,-8.411,1,0.0289,0.397,0.0,0.293,0.58,117.954,4,pop-film,0.3485750017552209,0,0
77o1HdXHm1hLd7Ebe9ygd0,Bea Miller,THAT BITCH,THAT BITCH,68,201101,True,0.778,0.738,2,-2.164,1,0.218,0.0103,0.0,0.55,0.626,162.132,4,indie-pop,0.24975777004979377,0,0
6I5lEYZblvLRtvgb0cUC8X,Patrizio Buanne,The Italian,Credi In Te,20,140186,False,0.148,0.32,2,-11.921,0,0.0386,0.804,0.00283,0.304,0.106,161.31,3,opera,0.6833769857350769,1,2
3wxYm9dG25xd0eAGAkqy7W,K'NAAN;Black Chiney,Wavin' Flag (Orange Monkey Version),Wavin' Flag - Black Chiney Remix,49,224533,False,0.597,0.913,0,-6.246,1,0.103,0.038,0.0,0.288,0.694,152.098,4,reggae,0.13967131310768854,0,0
1T8grchCkVHRzP2McY9ARx,The Beach Boys,Best Christmas Music 2022,Little Saint Nick - 1991 Remix,0,118840,False,0.602,0.553,11,-9.336,1,0.0328,0.108,0.0,0.0512,0.971,130.594,4,psych-rock,0.40076749800175615,0,1
4yNoaxUJjnP50AXYoAZx4S,Flux Pavilion;Matthew Koma,Tesla,Emotional,51,235275,False,0.335,0.865,11,-4.672,0,0.0944,0.0027,0.276,0.107,0.411,149.85,4,dubstep,0.30218241037294186,0,0
6onYIWMYHWdzwUvZDZ6c7I,Vou Zuar,Salseiro (Ao Vivo),Salseiro - Ao Vivo,38,200879,False,0.65,0.903,7,-5.27,0,0.0348,0.663,0.0,0.988,0.869,94.025,4,samba,0.428600422956092,0,1
1EXc4lSFTbktmqWksJLgke,Nyctalllz,Visions of Darkness: Volume II,The Curse of the White Demon,1,415517,False,0.237,0.38,2,-14.322,1,0.0358,0.599,0.875,0.174,0.0464,112.65,4,iranian,0.5400654379768249,1,1
2YQa7y1HQLCXF9IJrLAKmr,Magrudergrind,Magrudergrind & Shitstorm Split,Siphon Then Slit,11,59853,False,0.346,0.999,0,-4.912,1,0.184,0.00225,0.00983,0.306,0.0375,137.923,4,grindcore,0.32879488781979505,0,0
4QWQG77AZktvQMh302cCzf,Cripple Bastards,Misantropo a senso unico,Misantropo a senso unico,16,134840,True,0.286,0.995,9,-3.143,1,0.178,5.44e-05,0.049,0.162,0.169,112.711,4,grindcore,0.3404630654479887,0,0
2CzSTQKg7RNomVePzk2NN9,George Jones,Wrong Number,I Can't Get Used To Being Lonely,12,156120,False,0.496,0.193,10,-14.424,1,0.0292,0.817,0.0,0.189,0.51,109.141,4,honky-tonk,0.551719714502097,1,1
6xU6i9ja5W68xPFDgh6tsa,Exaltasamba,Mais Uma Vez,Mega Star,37,259066,False,0.478,0.684,4,-9.205,1,0.0371,0.285,1.72e-05,0.288,0.286,146.906,4,samba,0.3603277049686345,0,1
2ltE2wBl11nvJP9LvNFH6e,Miasmatic Necrosis,Apex Profane,Body Farm,18,46911,False,0.359,0.917,4,-5.394,1,0.063,4.58e-06,0.874,0.333,0.483,85.089,3,grindcore,0.3486241529057904,0,0
01LigwR8Dn9cPqCIGIBqwv,Theodis Ealey,I'm the Man You Need,Pop That Middle,31,258986,False,0.801,0.583,1,-6.7,0,0.0535,0.00921,0.00711,0.17,0.666,102.008,4,blues,0.26978572968375003,0,0
1AhTJuf8NnyCcXuSiEa1HP,Snoop Dogg;Pharrell Williams,Bad Boy Club,Drop It Like It's Hot,0,266706,True,0.888,0.622,1,-3.875,1,0.213,0.16,0.0,0.101,0.664,91.977,4,hip-hop,0.3321539120061736,0,0
6OjKyUcgRXYXNMvUM2tziJ,Roy Woods,New RnB,Bad Bad,0,219563,False,0.476,0.526,9,-7.985,1,0.051,0.0737,2.99e-06,0.189,0.122,87.307,4,soul,0.4800009556646251,1,1
5JRcZcfR4EwvF8krQTNLP8,DJ Krazy,80's & 90's Jams! Hits of the Decade,The Hamster Dance,13,209781,False,0.825,0.828,1,-9.284,0,0.0381,0.0567,0.0323,0.195,0.939,136.98,4,kids,0.2148129262354612,0,0
0id1qkWX2s92QjBJcQZj8r,Joe Hisaishi,Spirited Away Soundtrack,The Sixth Station,57,218240,False,0.304,0.0463,4,-25.773,0,0.0353,0.879,0.803,0.0923,0.0392,77.936,4,anime,0.558923930304147,1,1
7FV6mYpw5uESNzvp4mtl0L,Balance And Composure,The Things We Think We're Missing,Cut Me Open,30,333493,False,0.214,0.976,0,-4.772,0,0.0566,1.72e-05,0.0019,0.107,0.336,157.007,4,grunge,0.32279840428568835,0,0
2Vm4Uy2fsUcyRjViraNRPH,Árbol,GUAU!,Chikanorexika,40,231866,False,0.683,0.911,5,-3.332,0,0.0665,0.162,0.0,0.0726,0.879,92.003,4,punk-rock,0.15184116374092754,0,0
5ygDXis42ncn6kYG14lEVG,Pinkfong,Pinkfong Animal Songs,Baby Shark,77,80927,False,0.829,0.886,8,-1.746,1,0.112,0.259,0.0,0.0559,0.777,115.056,4,children,0.1471279522225907,0,0
6el8cnFNWeNhDTWeWszXBk,Megan Thee Stallion;Lucky Daye,The Look - R&B Feels,Star,0,210160,True,0.795,0.694,1,-5.053,1,0.0595,0.0183,0.000186,0.115,0.327,96.046,4,dance,0.31020848781876265,0,0
1XEYkaVYMC6bT5LRmVn4Aq,Kiko Revatta,Ayacucho En El Corazon De Todos Vol. 1,Plegaria,29,221026,False,0.521,0.526,7,-6.87,0,0.0349,0.552,0.00156,0.198,0.577,107.663,3,guitar,0.3806962519773825,0,1
32FVH23yFXr8Z0sfjRw4It,AP Dhillon,Two Hearts Never Break The Same,Wo Noor,72,199420,False,0.761,0.554,1,-8.119,0,0.0854,0.193,0.00844,0.0802,0.555,92.52,4,pop,0.28487635075908135,0,0
7oK0wrAHhSYofdxg3wD8tE,Cidade Verde Sounds,Missão de Paz,Fazendeiro de Apartamento,27,220373,False,0.743,0.543,6,-7.983,1,0.111,0.1,0.0,0.246,0.499,77.215,4,dub,0.3027270790947874,0,0
7FcQRdlqMvAKmQH1SXCk1s,Mika Singh;Ali Quli Mirza,Ishqam,Ishqam,70,194418,False,0.735,0.839,10,-4.263,0,0.0381,0.129,0.0,0.41,0.609,100.017,4,pop,0.19780750578444714,0,0
0HlMGZylehT6pkB3ial3xV,K-Fly;Jamie Roseanne,Ein Wunsch,Ein Wunsch,42,176000,False,0.8,0.64,5,-6.648,1,0.0387,0.415,0.0,0.119,0.56,139.927,4,german,0.2552890565897361,0,0
2WOCQriCJaM9hhDZLZihRR,Ochre,Project Caelus,Frustums,11,215893,False,0.611,0.436,1,-14.365,0,0.0313,0.469,0.965,0.232,0.204,116.989,3,idm,0.3361239667278141,0,0
2b0oFT5Ky5NqvwvT5ELfsj,Kiawasch Sahebnassagh,Moments,Finding,0,387800,False,0.424,0.0189,7,-26.86,0,0.115,0.967,0.895,0.133,0.167,111.498,4,iranian,0.5508040274970388,1,1
65C5BEPeaVoqaSm1aidwBS,Deathtune,Insanity,Insanity,0,249026,False,0.23,0.994,8,-2.167,1,0.396,4.13e-05,0.000325,0.0662,0.325,198.467,4,iranian,0.4538478906056739,1,1
3EAtzgue3pgK3SvtfbyEky,Pablo,Desculpe Aí,Nível de Carência,44,165413,False,0.574,0.689,2,-4.824,1,0.0746,0.189,0.0,0.301,0.617,130.9,4,forro,0.2886615882524623,0,0
3UZ5r4fVgvUGEWOwnTGia8,Alfred Heinrichs;Haexxa,IAM ALFRED HEINRICHS feat. Haexxa,Like a Movie feat. Haexxa,26,350892,False,0.806,0.491,9,-8.013,0,0.0474,0.00795,0.653,0.0885,0.143,140.004,4,deep-house,0.2904048511456406,0,0
7LgxYvP8zzKSapwngbxAeU,Ultraje a Rigor,O mundo encantado do Ultraje a Rigor,Nós vamos invadir sua praia - Avenida,38,254906,False,0.509,0.97,4,-6.732,1,0.0697,0.00951,0.000234,0.0459,0.665,169.121,4,punk-rock,0.3516749890525083,0,1
7n6FiTKMPLDZNjvmhVuxSu,Rygin King,Therapy,Maddest Life,25,165450,False,0.764,0.62,2,-6.778,1,0.341,0.511,0.0,0.109,0.36,100.147,4,dancehall,0.41551959120277326,0,1
5WWRywfC3wfvoCvd0dRSlT,Najim Arshad;Gayatri Ashokan,Malayalam Hits Of 2012,Sugnadha Neerala - From “Friday”,20,284400,False,0.661,0.309,0,-10.558,1,0.0272,0.793,1.55e-06,0.106,0.34,94.915,4,malay,0.4222491033500753,0,1
4Im6GRj17qa7NW76OsJh1s,John Mayer,Sob Rock,I Guess I Just Feel Like,70,286386,False,0.548,0.483,4,-9.102,1,0.0268,0.515,0.0674,0.0922,0.166,159.952,4,singer-songwriter,0.45812001442964645,1,1
7juldJ3Bp7nwj4G8mCEM1R,Marcin Siegienczuk,Top Hits Disco Polo Vol6,Martini z Lodem,29,205984,False,0.727,0.816,5,-6.912,0,0.0369,0.000577,0.00207,0.309,0.883,126.969,4,disco,0.15172474250737147,0,0
0of5j8ybwjDJCSaGjN8KJn,Amber Mark,Un tecito y a mimir,Generous,0,164029,False,0.831,0.542,10,-6.652,0,0.169,0.234,0.0,0.261,0.493,132.076,4,soul,0.3114425094475258,0,0
7j3pomrNfXTUtjjdLwlIHh,Megan Thee Stallion;Future,Tic Tac - Just Rap,Pressurelicious,0,173061,True,0.845,0.723,11,-5.18,1,0.263,0.0112,0.0,0.107,0.667,146.972,4,dance,0.2670995650398703,0,0
7255DLbds9KpfLuB78sfDi,Eason Chan,我最喜愛的Eric Kwok作品展,無人之境,15,221066,False,0.535,0.564,2,-7.224,1,0.0394,0.361,0.0,0.119,0.278,123.892,4,mandopop,0.40323137593131775,0,1
0VJEbnSvjsoTbj5MPYAgYa,"Grover Washington, Jr.",Ultimate Calm Christmas Jazz,Santa Cruzin',0,414613,False,0.688,0.639,5,-10.068,1,0.0425,0.47,0.655,0.117,0.602,99.645,4,jazz,0.3979474105625644,0,1
4tZbdTU2ALC8e6ZHkN6Gyn,Jobii,Runoff,Runoff,26,144797,False,0.507,0.195,5,-16.514,1,0.0756,0.874,0.92,0.111,0.0709,136.713,4,study,0.5266588835050539,1,1
1zexNfdOpmr21LpIr09IRe,Chris Tomlin,And If Our God Is For Us... (Deluxe),Our God,39,285160,False,0.509,0.778,11,-3.608,1,0.0295,0.00998,0.0,0.19,0.216,105.066,4,world-music,0.11356103407508719,0,0
7nudwi49ZHlgt6AtNNgVnJ,Tritonal;HALIENE;SCHALA;Jorza,Tritonia 400,Long Way Home (Tritonia 400),17,304390,False,0.584,0.77,11,-3.514,0,0.0644,0.0113,3.39e-05,0.418,0.411,129.913,4,trance,0.27224751296278876,0,0
72gv4zhNvRVdQA0eOenCal,Clean Bandit;Zara Larsson,What Is Love? (Deluxe Edition),Symphony (feat. Zara Larsson),76,212733,False,0.715,0.605,0,-5.128,0,0.0428,0.239,1.41e-05,0.189,0.454,122.956,4,edm,0.2972130478882859,0,0
0dHSlVVbPb7hiGdlkMv6vB,Libertad Lamarque,Caminito (Remastered),Caminito - Remastered,19,185733,False,0.48,0.101,0,-11.186,1,0.0516,0.949,1.24e-05,0.109,0.345,111.087,4,tango,0.5714266360952737,1,1
00B7SBwrjbycLMOgAmeIU8,Red Hot Chili Peppers,Return of the Dream Canteen,Reach Out,66,251588,False,0.663,0.71,11,-5.55,0,0.0599,0.00745,0.00559,0.147,0.487,120.984,4,metal,0.1590941702397564,0,0
3BenEWAgg15dTCiLpETlSO,The Beach Boys,Christmas Dinner 2022,God Only Knows - Mono / 1997 Remastered,0,173040,False,0.524,0.487,6,-7.525,0,0.0299,0.253,0.0,0.0579,0.482,117.108,4,rock,0.469259011938956,1,1
6JN0cjFT0zDRYxzqcKrvwf,Soundgarden,Hits Pop Rock 90's,Spoonman,0,246920,False,0.258,0.904,0,-5.625,1,0.0386,2.2e-05,0.218,0.255,0.832,186.054,3,metal,0.4515949188549975,1,1
1341iPhZXVcXit72XKMMck,Babik Reinhardt,Babik joue Django,Djangologie,45,156653,False,0.656,0.397,2,-11.936,1,0.0704,0.676,0.924,0.0982,0.663,114.18,4,guitar,0.391876716967663,0,1
6JHmOcoeEFfCNMyQ5tfZAS,Pixote,15 Anos (Ao Vivo),Pot-Pourri: Franqueza / Tão Inocente / Tudo por Você - Ao Vivo,52,211946,False,0.471,0.8,11,-6.624,0,0.0708,0.599,0.0,0.975,0.643,82.971,4,pagode,0.5229072444389449,1,1
57xvrlDWfqSSdQxgg0GZoD,Alfredo De Angelis;Oscar Larroca,Yo Soy El Tango,Medallita De La Suerte,18,182306,False,0.56,0.447,9,-5.644,1,0.0401,0.882,7.7e-06,0.272,0.725,129.855,4,tango,0.48939189741480466,1,1
16S7NI4eXArXrRBirMDO09,George Jones,More Starday & Musicor Originals,You're Still On My Mind,14,137653,False,0.624,0.264,9,-16.31,1,0.0354,0.839,0.000508,0.0771,0.779,112.566,4,honky-tonk,0.41502620304868654,0,1
0U6bQIAh6MCGo1xjbIIx2S,Dimitri Vegas & Like Mike;David Guetta;Daddy Yankee;Afro Bros;Natti Natasha;Dimitri Vegas;Like Mike,Instagram,Instagram,66,184558,True,0.765,0.906,8,-2.097,0,0.0965,0.125,0.0,0.423,0.95,96.071,4,house,0.17721325497254248,0,0
0jS2STpgxUaUL7zaXycB0y,Katarzyna Łaska,Disney Najwieksze Przeboje (4 Vol.),Mam Tę Moc - z filmu „Kraina lodu”,24,224053,False,0.607,0.331,5,-11.481,0,0.035,0.692,0.0,0.116,0.274,137.039,4,disney,0.47214201884219836,1,1
5TUKBnpG0UD8Et7nPf3NnW,Barilari,Abuso De Poder,Sin escrúpulos,20,239624,False,0.32,0.948,0,-3.909,0,0.117,0.000285,3.4e-05,0.0621,0.359,90.026,4,heavy-metal,0.34328621882409005,0,0
5ofP0ayCr1BAMVxvsmyx7x,Marquinho Art'Samba;De Mangueira,Sambas De Enredo Das Escolas De Samba 2019,História Para Ninar Gente Grande,39,271453,False,0.419,0.71,3,-8.115,1,0.0654,0.101,0.0,0.0902,0.853,144.662,4,samba,0.27894603424715453,0,0
1GcQOCeGqCzfRcFaKn6aLt,DJ Fixx,Tear Down The Club,Tear Down The Club - Original Mix,12,249600,False,0.627,0.78,8,-5.429,1,0.0518,0.00142,0.0308,0.0989,0.297,150.007,4,breakbeat,0.26338624053856263,0,0
0e7BL4OGdfXsuF8YzHF5SW,Biu do Piseiro,A Pressão Mundial Continua,Tô na Vaquejada,40,194507,False,0.688,0.937,2,-4.438,0,0.0464,0.507,0.00113,0.138,0.805,170.011,4,forro,0.24219998819725327,0,0
39EapDoz0JHCTSDXqMgy1M,Fredy Miller,Não Mais Escravos,Não Mais Escravos,43,288141,False,0.244,0.684,10,-7.798,1,0.0384,0.0188,0.000585,0.239,0.135,73.085,4,gospel,0.360744050687739,0,1
7BRlRPXSBWWLCuPt6se1lZ,Rotten Sound,Suffer to Abuse,Privileged,13,84500,False,0.235,0.969,8,-2.662,1,0.0655,1.76e-06,0.586,0.22,0.0657,115.061,4,grindcore,0.41464553184873515,0,1
66U0ASk1VHZsqIkpMjKX3B,AronChupa;Little Sis Nora,Little Swing,Little Swing,59,163809,False,0.89,0.672,7,-5.532,1,0.0621,0.707,0.000604,0.177,0.598,126.036,4,swedish,0.30686317859640216,0,0
0RywTYPLSmDNiVOwzo0K1h,Seu Jorge;Zeca Pagodinho,"Musicas para Churrasco, Vol.1 (Ao Vivo) (Delux Edition)",Judia de Mim (Ao Vivo),42,132320,False,0.5,0.841,0,-6.456,1,0.163,0.805,0.0,0.641,0.911,126.034,4,mpb,0.5403946070977701,1,1
584GnCDcDhRV6R8iZ7gzxC,Bethel Music;Jonathan David Helser;Melissa Helser,We Will Not Be Shaken (Live),No Longer Slaves (Spontaneous) - Live,62,373691,False,0.412,0.61,10,-7.988,1,0.0379,0.177,0.000102,0.0851,0.242,148.005,4,world-music,0.36127196317395993,0,1
2YIdkog2dUHyTg0WfswFD7,Pina Colada Blues;Nikita Uday;Farish Reheman,Once Upon A Blue Moon,Thenale,24,361782,False,0.623,0.346,0,-15.099,1,0.0344,0.824,0.0504,0.0564,0.148,127.992,4,malay,0.4235330085943063,0,1
40fFjxtsBoIdTEL71kbp39,Rub!k,Orbit 37,Orbit 37,46,174077,False,0.456,0.935,5,-3.03,0,0.0324,0.028,0.776,0.741,0.387,133.928,4,trance,0.3265999940868885,0,0
2drouoeVvVzz5cRfe9VK8W,Siouxsie and the Banshees,Halloween Songs | Witches Hour,Halloween,1,221466,False,0.223,0.91,7,-7.097,1,0.08,0.0116,0.000518,0.212,0.364,171.75,4,alt-rock,0.3202341667875053,0,0
5lPxART7HVUYga9D4WPJhM,Evil Activities;Endymion;E-Life,Extreme Audio,Broken - Album Edit,17,227761,False,0.382,0.907,4,-5.322,1,0.16,0.0652,7.01e-06,0.115,0.216,167.005,4,happy,0.3575127293452464,0,1
31tqdc6hO91Byv18aRLhNE,Trick James,Nightmare Hills,Suicide Letter 2,55,177606,True,0.709,0.604,4,-9.048,0,0.405,0.623,0.0,0.547,0.584,82.999,4,emo,0.3890192004389607,0,1
2J0SPCNgs4Hs9oVTrzOOBW,Patton Oswalt,Talking for Clapping,My Little Pony,23,376219,True,0.692,0.339,10,-19.111,1,0.959,0.831,0.0,0.697,0.575,136.475,3,comedy,0.7069504041868064,1,2
0HHVxCfDlSWYgVcdhZypsn,NGT48,世界はどこまで青空なのか?(Special Edition),ナニカガイル,19,218400,False,0.52,0.901,5,-3.295,1,0.0641,0.035,0.0,0.163,0.886,168.899,4,j-idol,0.2851428021482223,0,0
7geIT54duCCwpJWQCPSZg7,許光漢,許光漢,別再想見我,52,270153,False,0.437,0.417,8,-7.749,1,0.0285,0.724,3.58e-06,0.1,0.427,141.849,4,mandopop,0.49401327018752095,1,1
5ahT6m90wUC9gnnwvEz30d,Megan Thee Stallion;Future,Hits à suivre 2022,Pressurelicious,1,173061,True,0.845,0.723,11,-5.18,1,0.263,0.0112,0.0,0.107,0.667,146.972,4,dance,0.34779923327931583,0,0
2yPhGXiLZJrzqy6v7Km4WQ,Far Out,Origin,Origin,41,193591,False,0.319,0.865,2,-3.7,1,0.107,0.19,0.699,0.0823,0.164,153.962,4,dubstep,0.32318384945962886,0,0
0dwDNr5clVpBM0R6HCGnqx,Charlie Puth;Jung Kook,Upbeat Pop,Left and Right,0,154486,False,0.881,0.592,2,-4.898,1,0.0324,0.619,1.32e-05,0.0901,0.719,101.058,4,dance,0.3315916880080359,0,0
51jmkr4qNh3c8LkRO7ok8N,FACE,NO LOVE,Красной помадой,51,247989,True,0.834,0.517,7,-9.095,1,0.0603,0.77,0.0,0.0873,0.147,131.934,4,emo,0.24670060625381796,0,0
446YddChoGaW3xew9cTX1d,The Orb,Adventures Beyond The Ultraworld,Perpetual Dawn,23,572293,False,0.798,0.786,11,-14.631,0,0.0545,0.0168,0.293,0.216,0.38,102.741,4,trip-hop,0.23288098923970396,0,0
5Kp7q6pTH8NW4bsxuANUpe,Shawn Mendes,Tutti in piscina Canzoni per bambini,Stitches,1,206879,False,0.736,0.74,10,-6.662,0,0.0912,0.0174,0.0,0.0481,0.737,74.99,4,dance,0.11833594079763007,0,0
3Nku6gLNqnwUuq8GLkqyhW,Armin van Buuren;Vini Vici;Hilight Tribe,Great Spirit,Great Spirit,66,215773,False,0.592,0.911,9,-7.975,1,0.0659,0.00608,0.0123,0.223,0.211,103.517,3,house,0.1665490210312923,0,0
3FJAek4sGsxgDzrK9FA1b5,Elba Ramalho;Geraldo Azevedo,Maxximum - O Melhor Do Grande Encontro,Dia Branco (Ao Vivo),43,166400,False,0.369,0.359,9,-9.284,1,0.0317,0.845,0.0,0.844,0.193,102.691,3,mpb,0.5587771937720898,1,1
0444nJqtS1f9Ol77KiJHKt,Ray Price,Night Life,Let Me Talk to You,13,182560,False,0.371,0.203,8,-14.63,1,0.0366,0.928,0.000351,0.325,0.264,84.841,4,honky-tonk,0.6593782684043394,1,2
1SdwywRhxTWnZdaUihMdeD,Los Teen Tops,La Gran Coleccion Del 60 Aniversario CBS - Los Teen Tops,"La Plaga (Good Golly, Miss Molly)",34,132933,False,0.337,0.857,2,-7.037,1,0.0662,0.188,3.22e-05,0.626,0.96,182.885,4,rock-n-roll,0.3650535595753095,0,1
5zcNcMFtlo2ikzUyGwDt9e,Kvaen;Mathias Lillmåns,The Great Below,The Fire Within Him Burns,19,321219,False,0.201,0.824,11,-13.332,0,0.0776,2.43e-05,0.00159,0.0991,0.0648,179.998,4,black-metal,0.3725381526272811,0,1
2Z8oSkHTEJedqb1rsgpLih,Covers Culture,Chill Vibes - Just Chill & Relax - Relaxing Covers Songs - Chill Pop Music Hits - Chill Music - Chill Songs - Chilled - Chill Out Pop - Chillout Music - Best Chill Songs - Acoustic Chill,SOS - Acoustic Covers Versions,26,149610,False,0.351,0.109,7,-11.997,0,0.0435,0.879,0.0,0.158,0.64,76.851,4,acoustic,0.6302714092662982,1,2
2bPGTMB5sFfFYQ2YvSmup0,Rammstein,Rammstein,Deutschland,77,322339,False,0.521,0.895,7,-5.242,1,0.0442,5.54e-05,0.349,0.0985,0.237,120.117,4,industrial,0.16426225275923453,0,0
3AoSuIey90cH9PI8HUoHOQ,Sixx:A.M.,The Heroin Diaries Soundtrack,Life is Beautiful,62,215000,False,0.474,0.895,2,-4.443,0,0.0628,0.000254,0.000177,0.088,0.399,89.998,4,grunge,0.14796590125998044,0,0
5v5AEsqd3fGCl7V8POx1BQ,Mariah Angeliq,Ya huele a buñuelos,Last Christmas,0,217893,False,0.745,0.812,0,-5.77,1,0.0254,0.0954,0.0,0.0473,0.968,112.026,4,latin,0.2679725263221945,0,0
0bhhXULPNfCsVhZp35HrC3,Daddy Yankee,El perreo es el futuro,Dura,0,200480,False,0.783,0.84,1,-3.416,1,0.051,0.174,0.0,0.412,0.838,95.002,4,hip-hop,0.3923765069814051,0,1
2ZNk1ymMNXmVaIh344VQhe,Tucka,Long Live the King,Til the Sun Comes Up,36,279626,False,0.814,0.66,3,-4.099,0,0.0339,0.257,0.0,0.144,0.967,110.048,4,blues,0.21085495956488182,0,0
3ehuQZkvZVeSgbshFFZKW2,Afrojack;Black V Neck;Muni Long,Day N Night,Day N Night,63,179199,False,0.709,0.871,5,-4.126,0,0.175,0.134,0.0,0.316,0.667,125.94,4,progressive-house,0.23501731236008871,0,0
4GwPH7PBW6rGqi8ej3cOhi,Carlos Lombardi;Los Românticos De La Noche,Lo Mejor Del Tango,Malena,18,123133,False,0.317,0.327,9,-13.577,0,0.038,0.921,0.594,0.671,0.503,116.827,4,tango,0.7120497574066341,1,2
2Kebw90X8vgGRk2mvl9pBF,Front Line Assembly,Millennium,Vigilante,22,388466,False,0.484,0.936,6,-9.4,0,0.0504,2.23e-05,0.823,0.291,0.152,106.047,4,industrial,0.38799727561375197,0,1
3yMgTrau91ftrziL48Q3OM,Macaroni Empitsu,メレンゲ,メレンゲ,37,238732,False,0.573,0.697,2,-3.988,1,0.0355,0.0127,0.0,0.102,0.647,103.982,4,j-rock,0.309942922561865,0,0
0a8JnrGsVJstKtEzJCnGgD,Jacob's Piano,4 Soundtracks,"Una Mattina (from ""The Intouchables"")",49,206000,False,0.354,0.076,9,-22.115,0,0.0545,0.982,0.839,0.149,0.0984,133.6,4,new-age,0.6444767662980436,1,2
4PVDAebj5ADsLOBw1D9KbP,BIN;Azevedo;Mainstreet;Kizzy,Para todas as mulheres que já rimei,Fim de Nós 2,46,180000,False,0.582,0.467,5,-7.674,1,0.0367,0.183,0.0,0.0931,0.486,119.842,4,funk,0.260998044130365,0,0
171luCSfSTBnaIVnfTVbS6,Melike Şahin,Merhem: İlk Konserler (Live),Nasır (Live @ Zorlu PSM),42,269354,False,0.551,0.478,10,-10.58,0,0.0378,0.526,0.0,0.288,0.523,98.056,4,singer-songwriter,0.3992087532739546,0,1
6Bl8ELAqTF3ZGHgaGJ1UkH,Belle,Belle (Original Motion Picture Soundtrack) [German Language Version],Swarms of Song - Deutsche Version,17,98242,False,0.432,0.526,4,-12.49,0,0.0612,0.0513,0.000105,0.0887,0.251,129.56,4,anime,0.3677307111418782,0,1
2yNKDG4FgwzQuL0JUEOunR,Billie Eilish,Herbststimmung,bad guy,1,194087,False,0.701,0.425,7,-10.965,1,0.375,0.328,0.13,0.1,0.562,135.128,4,pop,0.38239423106490217,0,1
1dbssL6Ur80M3xFJS7Tzcu,Television Personalities,And Don't The Kids Just Love It,World Of Pauline Lewis,20,158399,False,0.621,0.787,0,-8.819,1,0.0384,0.175,0.186,0.179,0.73,142.325,4,club,0.25725069294265346,0,0
6dUGQzqCA18wKzVuiGttJF,Karan Aujla,Way Ahead,Game Over,64,154925,False,0.846,0.573,6,-6.005,0,0.0633,0.0437,0.0,0.0856,0.553,134.144,4,hip-hop,0.2122076030512407,0,0
4mYrbFGkk5u3bnDhTj0jAO,Jasleen Royal,Shivaay,Raatein,49,225875,False,0.653,0.401,5,-12.029,1,0.0279,0.893,0.143,0.109,0.311,129.988,4,indian,0.4221950666644878,0,1
4HZxK9wOmM3TF4IUttIrO2,Keyakizaka46,風に吹かれても (Special Edition),波打ち際を走らないか?,26,261799,False,0.446,0.862,5,-2.347,1,0.042,0.0319,0.0,0.284,0.512,151.976,4,j-idol,0.2320034435304961,0,0
2ue7OlgaRqX4Uxg0OmDbAt,Larz-Kristerz,40 mil från Stureplan,Varför vill du inte ha mig?,37,190773,False,0.702,0.829,4,-5.52,1,0.0297,0.00145,0.0,0.328,0.895,132.036,4,swedish,0.3031403777420919,0,0
4FlCXmHd0JP7ue2tK7fVC7,Clean Bandit;French The Kid;Rema,Upbeat Pop,Sad Girls,0,163472,True,0.799,0.847,5,-7.808,1,0.0956,0.254,2.14e-05,0.339,0.529,115.016,4,house,0.3775342725799458,0,1
00GVRTIWMjYwwHEjTLclgf,Robert Hood,Internal Empire,Home,8,451533,False,0.615,0.896,11,-13.426,0,0.0542,0.014,0.888,0.148,0.36,137.675,4,chicago-house,0.24260395248320454,0,0
71BwuaJ5VjGx9EJdrc9OX2,The Killers;Ryan Pardey,Home For Christmas 2022,Don't Shoot Me Santa,0,245106,False,0.588,0.847,8,-4.164,1,0.0705,0.0601,0.0,0.307,0.662,120.041,4,alt-rock,0.2790418187146251,0,0
29bZ3bs505KcwIVqWFOPBS,J Balvin;Bad Bunny,Clásicos de ahora: Perreo,LA CANCIÓN,0,242573,False,0.756,0.646,7,-5.795,1,0.319,0.152,1.81e-05,0.108,0.429,176.088,4,reggae,0.436845605539957,0,1
4Sp0jLZN8MgPnoGDufJS7N,Alan Walker;Sabrina Carpenter;Farruko;Da Tweekaz,On My Way (Da Tweekaz Remix),On My Way - Da Tweekaz Remix,60,204198,False,0.478,0.848,1,-3.85,0,0.0431,0.0934,0.0,0.0925,0.48,149.936,4,house,0.1554153822705221,0,0
7Bz5B6hEU5TS145QYTfc3k,Soolking;Boro Boro,Suavemente,Suavemente,73,157714,True,0.854,0.682,7,-5.212,1,0.053,0.335,0.000926,0.0569,0.507,140.019,4,french,0.16323924016614566,0,0
5zBKLL980Mcy80pgH7Lb4U,Sergent Garcia,La Semilla Escondida,El Regreso,33,537066,False,0.877,0.773,7,-3.118,1,0.0352,0.154,0.000414,0.0889,0.796,99.951,4,french,0.18602915148477084,0,0
2KezizwgtM5kC8ZQxcBf0T,Weslei Santos,Pra Todo Mundo Cantar (Ao Vivo),O Seu Amor por Mim - Ao Vivo,47,362734,False,0.459,0.399,6,-9.954,1,0.0339,0.433,0.0,0.682,0.374,139.792,3,brazil,0.4776142694743195,1,1
5RbMlPFL4gVyEHW2lEOuzG,Sukima Switch,夏雲ノイズ,奏(かなで),62,328626,False,0.519,0.666,10,-6.163,1,0.0262,0.553,0.000169,0.0948,0.461,149.839,4,anime,0.3048327114939007,0,0
1402Qi415TaUB0XXXqpyls,Collabro,Home (Deluxe),"Empty Chairs at Empty Tables (From ""Les Miserables"")",22,183293,False,0.264,0.13,1,-15.167,0,0.0437,0.891,0.0,0.105,0.0899,172.034,4,opera,0.6856489783439802,1,2
6iycYNyYgphDgTsKfwpqhr,Matt Redman,Sing Like Never Before: The Essential Collection,You Never Let Go,43,277306,False,0.219,0.771,11,-5.047,1,0.0544,0.115,0.0,0.113,0.272,157.76,4,world-music,0.35518824228487966,0,1
52hZLSS0r4MczyqvoZScIt,Alan Menken;Disney,A Pequena Sereia (Trilha Sonora Original em Português),Fogos de Artifícios,20,38040,False,0.224,0.0651,7,-22.713,1,0.0469,0.521,0.599,0.188,0.0936,117.235,4,disney,0.608092382380899,1,2
5ZfnMTxigllIu1aGgyfYWF,"Ana Torroja;Sasha, Benny y Erik",Conexión (En Vivo),50 Palabras 60 Palabras o 100 - En Vivo,27,237813,False,0.413,0.688,2,-8.694,1,0.035,0.0215,0.000201,0.973,0.269,104.566,4,spanish,0.40171950216075614,0,1
1cAHzi5BEJv94qAKdWM51X,Cooltime Kids,Oh Santa! Kids Christmas Songs,Jingle Bell Rock,0,130240,False,0.87,0.572,3,-4.671,1,0.0388,0.687,0.0,0.091,0.697,122.923,4,kids,0.33778244248922074,0,0
5U7jIV7kh5iHKgUgslSgKB,吳青峰;微光古樂集,馬拉美的星期二,(......小小牧羊人)(feat. 微光古樂集),42,228916,False,0.606,0.31,3,-11.111,1,0.0289,0.936,0.000213,0.281,0.22,140.293,4,mandopop,0.59156022597778,1,1
1L3Fy1mYwpgFyv3Pr4bAQa,Henrique & Juliano,O Céu Explica Tudo (Ao Vivo),Maquiagem Não Disfarça - Ao Vivo,53,171573,False,0.584,0.827,9,-5.717,0,0.245,0.22,0.0,0.863,0.454,174.108,4,sertanejo,0.35400956465677796,0,1
6xXvAzowcCQmoKdDr1oIFJ,Amber Leigh Irish,Simply Acoustic,2002 - Acoustic,57,145056,False,0.589,0.296,0,-9.335,1,0.083,0.842,0.0,0.0736,0.611,165.799,3,acoustic,0.4477719925771571,0,1
75CDuNCwcUf4CpOCIGyikr,The Jackson 5,The Very Best Christmas Songs 2022,I Saw Mommy Kissing Santa Claus,0,181360,False,0.582,0.705,3,-8.169,1,0.0539,0.29,1.38e-06,0.797,0.64,128.89,4,soul,0.45258097962746185,1,1
5vdSqprqxSFAJ4dJmJYImI,Amira Willighagen;Corlea,With All My Heart,Amazing Grace (feat. Corlea) - Live,24,317135,False,0.113,0.478,3,-10.158,1,0.0381,0.814,3.83e-06,0.661,0.178,85.166,4,opera,0.6034968240357759,1,2
01ZAjuOp09OWWEoNBTmJ8R,Julio Martel;Alfredo De Angelis,Flores del Alma,Atenti Pebeta - Remasterizado,18,146050,False,0.623,0.45,3,-8.347,1,0.0974,0.924,0.0,0.104,0.892,129.024,4,tango,0.49789682627273796,1,1
4hzDCJUFDyk66oIBirPiCl,DIVINE,Gunehgar,Gunehgar,65,163404,False,0.643,0.906,1,-4.15,1,0.31,0.105,0.0,0.861,0.541,94.259,4,hip-hop,0.27911599597012227,0,0
4yVAwzmVAPuBVGiPSJPRXq,State of Mind,Regurgitator / Real McCoy,Real McCoy,17,370853,False,0.527,0.899,8,-8.211,1,0.107,0.000165,0.734,0.415,0.454,175.034,4,drum-and-bass,0.38687663137156647,0,1
0vFaWaqU8AGed1slnaP1rn,BiSH,GOiNG TO DESTRUCTiON,STAR,27,247193,False,0.457,0.841,10,-4.252,1,0.0354,0.000791,0.00113,0.399,0.613,140.134,4,j-idol,0.2855531624502676,0,0
0GzuHFG4Ql6DoyxFRnIk3F,Maluma;The Weeknd,Hawái (Remix),Hawái - Remix,72,200481,False,0.766,0.788,6,-3.128,0,0.312,0.105,5.81e-06,0.142,0.609,179.984,4,latin,0.24935751094456993,0,0
3Tu1j8B9SO8i8VSjd9d2kB,James Hype;Tita Lau,B2B,Disconnected,27,194523,False,0.842,0.811,2,-6.476,1,0.109,0.00579,0.176,0.0702,0.594,125.995,4,deep-house,0.21410356181278242,0,0
4tElcYfEro42oZe7X6AbEf,Sub Focus;Wilkinson;Empara Mi,Portals,Freedom - Sub Focus & Wilkinson,52,242946,False,0.357,0.837,0,-4.083,1,0.0458,0.0213,8.63e-06,0.298,0.0395,174.096,4,drum-and-bass,0.3638313552516855,0,1
0FrFqoPT7JB0ezIU9g2OLC,Deftones,Metal,Ohms,0,250222,False,0.112,0.978,4,-2.64,1,0.117,0.000108,0.0241,0.117,0.371,173.097,3,rock,0.4025990665422647,0,1
1SXRVPBqTOBlcMSbYwHfFH,Blake Shelton,New Country,Come Back as a Country Boy,1,221733,False,0.494,0.796,7,-3.965,0,0.0324,0.0197,0.000178,0.309,0.447,76.069,4,country,0.21892502213317094,0,0
7Gn4vU9RUHYV5aA1gMJSPV,Ritviz,Dev,Pran,48,221538,False,0.619,0.484,1,-8.715,1,0.0572,0.116,0.000121,0.19,0.61,90.916,4,indie,0.3072773570258404,0,0
19CV2Mzx9j5tZBdYqbxdtQ,Eddy Tyler,Guitar Instrumental Covers,Zombie,37,300025,False,0.585,0.4,4,-11.811,0,0.0347,0.832,0.875,0.116,0.197,82.025,4,guitar,0.4273285160036418,0,1
2eztVQcSsEfOUhcSIZmLaM,Frankie Ruiz,The Very Best (Vol. 2),Primero Fui Yo,34,290960,False,0.772,0.571,0,-10.234,1,0.0325,0.251,0.000173,0.0326,0.96,97.427,4,salsa,0.25603441852070685,0,0
68U5E3MAmeAzN2dLsWJYG3,Desmond Dennis,Cool Kids Jams 4,I Want Tacos,15,192174,False,0.71,0.435,6,-5.396,0,0.0557,0.31,0.0,0.0679,0.474,68.134,4,kids,0.31531914470232875,0,0
0Hnne5lFK5ppt6UO4BzYjc,Julieta Laso,Martingala,Las Tribus,20,225771,False,0.568,0.391,4,-8.827,0,0.0295,0.43,0.000156,0.111,0.343,97.943,4,tango,0.4236611987818325,0,1
3MjrueDQKVr6xDDseZwhEd,Royal Blood,Royal Blood,Figure It Out,67,183602,False,0.658,0.814,0,-4.631,1,0.0558,0.229,0.00676,0.216,0.69,108.016,4,hard-rock,0.16706108065349493,0,0
1UR0RbyH4bKoovDNnGd53G,Psychostick,IV: Revenge of the Vengeance,Quack Kills,24,209001,True,0.663,0.706,2,-6.196,1,0.318,0.000952,9.68e-05,0.236,0.466,98.444,4,industrial,0.27334901067416384,0,0
3qKcnyDELdhl8wUUKh7taa,Achillea,The Nine Worlds,Land of the Elves,44,144626,False,0.427,0.108,5,-20.024,0,0.0346,0.856,0.383,0.123,0.0377,119.723,4,new-age,0.5485274792506258,1,1
4pXddXwuJsDcmHR8k3YGNT,Vitor Fernandes,Piseiro Apaixonado,Aliança,49,218098,False,0.548,0.728,6,-5.234,1,0.0373,0.263,0.00788,0.101,0.831,162.058,4,forro,0.22125369851690668,0,0
36W9uGXk3QlW6ZyTKSMcI9,Sachin Warrier;Job Kurian;Sayanora,Hits of Sachin Warrier,"Thaazhe Nee Tharame - From ""Thira""",40,171126,False,0.509,0.475,5,-8.994,0,0.0382,0.506,0.00383,0.168,0.173,135.31,4,malay,0.42642258902355223,0,1
0tpwqQhdfJXRcUDSNRjb9O,Arijit Singh;Neeti Mohan;Rashmi Virag,"Mere Yaaraa (From ""Sooryavanshi"")","Mere Yaaraa (From ""Sooryavanshi"")",73,285163,False,0.324,0.539,2,-8.076,1,0.038,0.713,3.15e-05,0.118,0.486,120.526,4,pop-film,0.47113519623410094,1,1
6hf0RpxTbOprT5nnwzkk8e,J Balvin;Maria Becerra,Qué Más Pues?,Qué Más Pues?,76,217773,False,0.891,0.819,8,-3.964,1,0.106,0.0261,0.000354,0.173,0.768,101.968,4,latino,0.1587291457114316,0,0
3UPxTUgfoxubx8fC3wOJ0P,Dan Gibson's Solitudes,Dolphin Dreams,Angels of the Reef,22,350201,False,0.117,0.11,5,-26.081,1,0.0442,0.977,0.741,0.702,0.0449,83.687,4,new-age,0.7451970929312062,1,2
3ivmnDVeJKCJjkRMNe3Dt2,The Prophet,The Hardcore Archive Part 3 (1997),Catch Me In Your Dreams - Original Mix,0,225388,False,0.552,0.946,2,-5.29,1,0.0927,0.000492,0.264,0.0767,0.282,162.968,4,hardstyle,0.27232532808312865,0,0
2wnoCQPbacTlzLcbTs7KhX,NG Rezonance,"Syncopy Radio Edits, Vol. 2",Equilibrium - Radio Edit,29,138620,False,0.582,0.994,10,-5.548,0,0.242,0.00017,0.895,0.335,0.0393,145.005,4,trance,0.30914396003082667,0,0
1s46xFwjfRUkRlPlX3PwPk,Abraham Mateo;50 Cent;Austin Mahone,Háblame Bajito,Háblame Bajito,55,270693,False,0.791,0.646,11,-4.598,1,0.117,0.135,1.33e-05,0.16,0.256,92.026,4,spanish,0.2909511267198179,0,0
2PmMV9rGSDac68IaRmNv5Q,Walter Franco,Vela Aberta,Vela Aberta,38,252013,False,0.572,0.745,7,-8.642,1,0.0444,0.0895,8.64e-06,0.147,0.855,138.329,4,mpb,0.2614115085127249,0,0
1lCZCeNWATY0JHYgH19zyI,Mountain Sprout,One More For The Ditch,Dry Counties,29,224373,False,0.533,0.841,2,-4.418,1,0.0315,0.126,0.000212,0.184,0.97,122.132,4,bluegrass,0.2945974287495898,0,0
1g54Kfpkw2ZetZdRXdUmaD,Christopher Zondaflex Tyler,Mr Chris Hip Hop Dance Moves,Wake Up,11,170946,False,0.653,0.298,1,-15.499,1,0.439,0.0444,0.0,0.103,0.812,90.148,4,kids,0.453723668091363,1,1
2tY8OoNxbY4mR3sNRFzKBG,Chaos Team;Andy Luxx;Alex Engel,DJ Cashi präsentiert Mallora Closing 2022 powered by Xtreme Sound,Wahre Liebe,0,175171,False,0.732,0.92,7,-4.533,1,0.083,0.0668,6.11e-06,0.345,0.408,150.022,4,party,0.21915839728633393,0,0
4OukDE7pBKhCV4YYeYhnjq,Olivia Ong,A Girl Meets Bossanova,Fly Me to the Moon,46,186133,False,0.629,0.38,9,-10.874,1,0.0317,0.934,0.000693,0.103,0.232,114.854,4,mandopop,0.44130704551479805,0,1
1Qd5izEmKI7jIhoNDYwcAF,WAAX,Big Grief,Big Grief,28,163360,False,0.508,0.888,0,-3.911,1,0.0393,9.21e-06,0.00137,0.0858,0.325,126.015,4,garage,0.2750047478961358,0,0
0qwMoAstkTXlWE8lQJBRzY,SLANDER;Crankdat;Asking Alexandria,Kneel Before Me,Kneel Before Me,54,201600,False,0.596,0.97,11,-2.7,0,0.0691,0.00208,0.00419,0.101,0.279,150.003,4,dubstep,0.2686131314345815,0,0
6qnevstsEfllYX8BJFirS4,George Jones;The Jones Boys,Sings More New Favorites,Not What I Had In Mind,12,144853,False,0.735,0.392,11,-8.235,1,0.0281,0.542,0.0,0.125,0.758,119.449,4,honky-tonk,0.34060642347412506,0,0
3dysNqzNtD4bhiI8tMJ4Vm,Emery,The Weak's End,Fractions,30,314026,False,0.414,0.828,1,-4.893,1,0.0477,0.0372,3.64e-06,0.172,0.306,154.017,3,hardcore,0.2645160337329677,0,0
1HJE27oUlGohZL9aYhEtPC,Tompi,Romansa,Cerita Kita,35,279520,False,0.48,0.32,0,-10.39,1,0.0312,0.726,0.000343,0.107,0.0877,143.991,4,j-rock,0.4415473467028521,0,1
3i4ssEZfLO3bgaB6hnj3tp,Matheus & Kauan,Tem Moda Pra Tudo (Ao Vivo),Baixinha - Ao Vivo,45,156704,False,0.74,0.545,3,-8.204,1,0.0403,0.656,0.0,0.165,0.829,103.982,4,sertanejo,0.2905632069677538,0,0
2Hz403eAzJ8BTGZX0PkgIP,Mickie Krause,Karneval Klassiker,Nur noch Schuhe an! - Masken-Version,0,225493,False,0.503,0.951,11,-3.52,1,0.139,0.0216,0.0,0.759,0.664,146.949,4,german,0.3840260930301504,0,1
48AJSd42lXpicsGqcgopof,Daddy Yankee;Bad Bunny,LEGENDADDY,X ÚLTIMA VEZ,85,192477,True,0.812,0.855,7,-3.725,1,0.0554,0.0789,0.000167,0.108,0.573,90.04,4,latino,0.15571013673962947,0,0
6mbHaLohxTHM1HtI7XdJYl,Kishori Amonkar,"Vishnu Sahasranamavali, Vol. 1",Shri Vishnu Dhyanam,32,107733,False,0.179,0.0538,11,-18.765,1,0.0343,0.967,1.66e-05,0.355,0.115,90.381,1,classical,0.7322197525648881,1,2
0q7u1QUZmKDTTa4WekSLST,Nationalteatern,Livet är en fest,Hanna från Arlöv,37,219840,False,0.588,0.422,0,-12.054,1,0.0302,0.225,0.0,0.486,0.832,123.627,4,ska,0.43912121375619173,0,1
1Kl6QcGWVECHMfjqrQux5V,Christina Perri,Feeling Good - Adult Pop Favorites,arms,0,261213,False,0.463,0.755,4,-7.244,1,0.0634,0.11,4.89e-06,0.103,0.252,145.312,4,rock,0.34525471799397733,0,0
1COv0Vy5mrUMKrCXQI07qP,Jason Manford,A Different Stage,"This Is The Moment - From ""Jekyll And Hyde""",23,219240,False,0.399,0.223,5,-11.461,1,0.0298,0.594,0.0,0.065,0.117,66.532,4,comedy,0.44782982229740687,0,1
0lYBSQXN6rCTvUZvg9S0lU,DJ Snake;Justin Bieber,Encore,Let Me Love You,84,205946,False,0.649,0.716,8,-5.371,1,0.0349,0.0863,2.63e-05,0.135,0.163,99.988,4,electronic,0.21924505304237987,0,0
030Et3kzlh9pt6oFrUEVxE,Aonikenk,Sentir Metalero,Sentir Metalero,23,178053,False,0.285,0.9,9,-4.513,0,0.0593,0.000389,2.28e-05,0.337,0.431,144.581,4,heavy-metal,0.3215694279943259,0,0
3D8dVO2xTS63toTYrmCdCF,Aaryan Shah,Codex,Mania,50,204395,True,0.535,0.717,4,-6.133,0,0.0428,0.149,0.00015,0.149,0.31,91.006,4,soul,0.2017369242260008,0,0
1f660M0jwz7F4qlDjTSLmO,Karan Randhawa,Phulkari,Phulkari,63,196133,False,0.547,0.785,5,-5.865,0,0.0675,0.204,0.0,0.0835,0.764,81.781,4,pop,0.24408928156295367,0,0
0fg3tcKxZiPI6n5dZa8Dy9,Alka Yagnik;Mohammed Aziz,Bollywood Melody Queen (Alka Yagnik),"Bahut Jatate Ho Pyar (From ""Aadmi Khilona Hai"")",56,436333,False,0.593,0.61,5,-10.574,1,0.032,0.768,0.0117,0.147,0.907,133.067,4,pop-film,0.41117726561810397,0,1
33Yl7zo5qhJXgvO4VsAQTs,Maria Bethânia,Mar De Sophia,Canto de Oxum / Inscrição,45,314026,False,0.424,0.056,4,-20.06,0,0.0517,0.898,0.000105,0.11,0.17,104.472,1,mpb,0.5502820803359885,1,1
5ldFgs2c1efBxVNOUN2qlw,Lorne Balfe;Harriet Slater,Pennyworth: The Origin of Batman's Butler - Season 3 (Soundtrack from the HBO® Max Original Series),Candlesticks and Caravans,15,227306,False,0.523,0.447,7,-10.943,1,0.0311,0.0036,0.000331,0.107,0.0657,118.981,3,british,0.31153282852678565,0,0
7mSKkvtSs8uWuo0GYff9qR,Zany;DV8;Galactixx,Wilde gullie bas ?! (Galactixx Remix),Wilde gullie bas ?! - Galactixx Remix Edit,23,174967,False,0.514,0.995,7,-3.451,1,0.123,0.023,0.114,0.654,0.373,155.04,4,hardstyle,0.3499515316687379,0,0
6caNnZ1eRwa4VmjicpxnOf,Scooter,Encore - Live and Direct,Posse (I Need You On the Floor),24,303546,False,0.53,0.997,8,-4.707,0,0.0946,0.0938,0.000903,0.961,0.203,139.569,4,happy,0.22833741414512032,0,0
4bbeXHwW95npFQuPa2D8e1,Anirudh Ravichander;Kamal Haasan,"Mathuga Mathuga (From ""Vikram Hitlist"")","Mathuga Mathuga (From ""Vikram Hitlist"")",57,211384,False,0.829,0.811,0,-5.693,1,0.392,0.321,0.0,0.056,0.919,130.034,4,hip-hop,0.2100504123524507,0,0
1dWnVKDsE1uRpu87RLF0G4,Danny Byrd,Sick Music Sampler 2,Red Mist - VIP,16,363413,False,0.545,0.952,1,-8.133,0,0.125,0.00244,0.0377,0.267,0.527,178.007,4,drum-and-bass,0.2786677909515272,0,0
2ZgzcSD8lWLOwWoNYFX219,Chilly Gonzales;Johannes Bornlöf,Refreshing Piano,Gogol,0,117482,False,0.382,0.014,7,-27.667,0,0.0444,0.99,0.935,0.107,0.349,162.072,4,ambient,0.6227208662542629,1,2
1x41485hXYMS0PNICGph1X,Koe Wetzel,Harold Saul High,L.T.W.Y.H.M.,48,209849,False,0.439,0.528,9,-7.117,1,0.0262,0.398,0.0,0.0703,0.079,139.866,4,country,0.4302773062537764,0,1
2xnlCGTDKbnnVe9sf85RXy,The Acacia Strain,3750,Smoke Ya Later,24,250693,False,0.276,0.934,6,-5.371,1,0.0716,6.41e-05,0.00219,0.297,0.307,137.128,4,metalcore,0.3526821680210323,0,1
6T1071kNui4EUABJp4Dciq,Supersubmarina,Electroviral,Chas! Y Aparezco A Tu Lado,53,169066,False,0.669,0.884,9,-2.613,1,0.0402,0.00184,0.0,0.0676,0.963,128.018,4,spanish,0.21447458150016238,0,0
1eoQsc67QBYVC4Pw84Lqk8,9mm Parabellum Bullet,Rock & Halloween,Vampiregirl,1,191786,False,0.378,0.934,11,-3.702,0,0.107,0.0013,0.0149,0.322,0.602,159.829,4,hard-rock,0.3341988209557413,0,0
5bEJZOd6WCB8ohLyx2wctu,Purples,calvário,puro e simples,24,297226,False,0.362,0.4,1,-7.607,1,0.0273,0.452,6.78e-06,0.147,0.262,94.883,4,groove,0.4269418991741,0,1
0GoyU0X4nwqUigVwBPSDen,Mayhem,Deathcrush,Chainsaw Gutsfuck,50,212760,True,0.249,0.828,3,-10.821,0,0.0685,3.04e-06,0.951,0.112,0.279,120.23,5,black-metal,0.3129114130898057,0,0
2rqTZrpsqlbzIz3wQ7s2Q1,Brando,Yes or No,Yes or No,64,175570,False,0.879,0.655,4,-5.602,1,0.0401,0.106,0.00397,0.131,0.67,118.025,4,deep-house,0.14047366960459426,0,0
0zlaa4AmbFE7MVDijsyD9Q,Greta Van Fleet,The Battle at Garden’s Gate,Heat Above,67,341255,False,0.338,0.847,3,-3.692,1,0.0458,0.00881,0.00105,0.147,0.232,139.061,4,blues,0.24559064515923953,0,0
03WUYXkJU0ZTexcRAwqOAW,Chicken Dance Mix DJ's,CHICKEN DANCE PARTY,Hokey Pokey [Deluxe],9,215040,False,0.629,0.797,8,-4.393,1,0.199,0.0218,0.0,0.107,0.708,124.874,3,kids,0.333903568453932,0,0
5aQe0faFOjeskrHwpleXLJ,When Chai Met Toast,Yellow Paper Daisy,Yellow Paper Daisy,55,199772,False,0.428,0.442,7,-10.485,1,0.0303,0.775,0.000132,0.0818,0.687,105.829,4,indie,0.4326260379656458,0,1
07njv8LyAizW6MnaORtuEl,Danny G;Shiloh Dynasty,Tell Me Why (feat. Shiloh Dynasty),Tell Me Why (feat. Shiloh Dynasty),58,161016,True,0.77,0.621,1,-7.635,1,0.454,0.447,0.0,0.158,0.301,126.289,4,chill,0.37464674631310774,0,1
36NwMJRaCy7x77xYGJiG2M,Allman Brothers Band,Fishing Music,Midnight Rider,1,177960,False,0.346,0.589,7,-9.922,1,0.036,0.21,0.00703,0.15,0.638,189.486,4,songwriter,0.47943507986631523,1,1
2vP0JcTiuYnzrBy45ACKBz,Keisha White,The Weakness In Me,The Weakness In Me,26,200720,False,0.717,0.554,7,-5.389,1,0.044,0.0592,0.0,0.11,0.324,128.039,4,acoustic,0.24869943504819142,0,0
2gVot4EEd2oo2cA0bYJ4wW,Ella Fitzgerald,Holiday Anthems 2022,Frosty The Snowman,0,131733,False,0.579,0.502,8,-7.57,1,0.0513,0.733,0.0,0.281,0.836,76.783,4,blues,0.30956930873354394,0,0
308mpl3G2FseXxGEjtyLIW,David Quinlan,Fogo e Glória (Ao Vivo em Curitiba),Abra os Olhos do Meu Coração - Ao Vivo em Curitiba,46,511226,False,0.333,0.765,4,-7.748,1,0.0431,0.0173,0.0,0.191,0.411,111.734,4,gospel,0.31764034825045906,0,0
6fVazKhR05IQGpyTDnyd3L,Vwillz,Before the Storm - Night,Eyes on You,50,150151,True,0.657,0.387,8,-14.169,0,0.0782,0.508,0.0371,0.107,0.393,180.012,4,sad,0.3957598739274754,0,1
4DTtP6afDsZaChCjNqvz2z,The Circle Session Players,The Circle Sessions: The Music of Carthay Circle - Vol. 2,Who's Afraid of the Big Bad Wolf,20,151206,False,0.722,0.415,0,-11.043,1,0.0335,0.816,0.856,0.0762,0.799,86.115,4,disney,0.41512443913140795,0,1
4dAbCuNehX0eahmR3uXhpD,Cerwen,Dotters,Dotters,36,157000,False,0.765,0.327,7,-10.885,1,0.0648,0.98,0.942,0.115,0.56,119.989,4,study,0.4349195328924831,0,1
00Y9r5SfbDdEjJhNg7laQr,Harold Faltermeyer;Steve Stevens,Top Gun - Motion Picture Soundtrack (Special Expanded Edition),"Top Gun Anthem - From ""Top Gun"" Original Soundtrack",62,252200,False,0.423,0.651,0,-8.741,1,0.0406,0.00799,0.618,0.31,0.14,107.011,4,german,0.3614567614349666,0,1
6q7UC4HeG6alZZUG2TI7fd,The Chemical Brothers,Helloween Party,Go,0,260696,True,0.751,0.897,1,-3.602,1,0.0468,0.00957,2.72e-05,0.329,0.483,119.97,4,breakbeat,0.25834288046742676,0,0
7C4sJBWxtwEVuBNQAFMRUE,PXNDX,La Revancha Del Principe Charro,Cortame Con Unas Tijeras....,35,190266,False,0.489,0.97,6,-3.832,1,0.125,0.00837,0.0,0.163,0.42,102.508,4,emo,0.2628400891331142,0,0
7nYbKsvhM88mHCmFsAIQVp,Criolo,Fellini,Fellini,42,171989,False,0.805,0.746,1,-5.211,0,0.185,0.238,0.0,0.215,0.717,127.922,4,afrobeat,0.25523151849600867,0,0
7mzPAftljnsFmU6131Pqcd,Aidan Bissett,Tripping Over Air,Tripping Over Air,72,182382,True,0.622,0.799,11,-4.811,1,0.0342,0.00185,1.08e-06,0.269,0.6,116.985,4,singer-songwriter,0.21269026532523388,0,0
0IHiD8fR4ymWaVjkMtaQhn,Jesse Rice,The Pirate Sessions,Blackbeard's Ghost,20,221480,False,0.24,0.437,5,-9.174,1,0.0293,0.158,1.91e-06,0.13,0.211,71.757,4,guitar,0.4877584017340618,1,1
6bj0aQOkcVBuI0z7yID3mm,Ruku Suna,Dadhi Pachigala Bali Kete Katha Kahesi,Dadhi Pachigala Bali Kete Katha Kahesi,24,439902,False,0.335,0.898,5,-2.364,0,0.14,0.022,6.48e-06,0.324,0.806,164.02,4,samba,0.3108965409645004,0,0
1KO29IUHcexH583hBewKof,Sam Wills,Breathe,Breathe,60,91773,False,0.504,0.173,9,-18.548,0,0.0318,0.987,0.0755,0.355,0.116,142.113,4,chill,0.575775302576074,1,1
0qirbcSG0zQ2yHOup4VznY,Alcione,Maxximum - Alcione,Não dá Mais pra Segurar (Explode Coração),37,253493,False,0.329,0.501,7,-9.224,0,0.0432,0.529,0.0,0.426,0.347,95.07,4,samba,0.5972935385593042,1,1
4T3SkqoVATAGpizjUyrMzE,Almir Sater,Almir Sater,Boiada,46,226266,False,0.421,0.346,11,-9.351,1,0.0255,0.875,9.27e-06,0.0895,0.318,95.842,3,sertanejo,0.5216572645698925,1,1
3H4VxEjsbVroJdqIYkWE3z,Plastilina Mosh,Juan Manuel,Shampoo,28,139133,False,0.716,0.509,2,-6.926,1,0.0753,0.683,0.891,0.0884,0.374,170.117,4,afrobeat,0.4284758544671317,0,1
3w1IGy0M8UmWfydMoD1RgE,Pink Sweat$,Coffee Chill,At My Worst,0,170344,False,0.813,0.415,0,-5.926,1,0.0349,0.777,0.0,0.131,0.667,91.921,4,soul,0.4202287450633117,0,1
1tnZipedfyuRJlxkW8o5za,Robert Palmer,80's,Simply Irresistible,0,254293,False,0.646,0.934,9,-6.955,1,0.0531,0.129,1.03e-05,0.0443,0.698,142.616,4,blues,0.3342915723594918,0,0
6Ob5Pv0sO42iZFUvCDlTrL,Shaun Escoffery,Shaun Escoffery,Days Like This,29,270200,False,0.682,0.822,4,-8.477,0,0.0524,0.00346,1.68e-05,0.355,0.567,108.022,4,deep-house,0.26178611573481864,0,0
1K2fnd52EHmeDmrPfJLcyq,Doro;Udo Dirkschneider,"Magic Diamonds - Best of Rock, Ballads & Rare Treasures",Breaking the Law,19,262000,False,0.324,0.854,9,-5.599,0,0.189,0.0339,0.0,0.26,0.178,85.964,4,heavy-metal,0.2960040228949433,0,0
2y55JzTDe2kFDChkBZUOUS,XXXTENTACION;Ski Mask The Slump God,LOOK AT ME: THE ALBUM,FUXK (feat. Ski Mask the Slump God),65,160506,True,0.767,0.71,11,-7.177,0,0.352,0.0887,3.41e-06,0.106,0.244,120.0,4,emo,0.2962753199557835,0,0
1c5nEHOaaOlU6em1GhIsnV,The Prophet,The Hardcore Archive Part 3 (1997),I Am The Magnificent (Original Mix) - Extended Mix,0,367179,False,0.329,0.853,11,-6.488,0,0.046,0.000161,0.74,0.309,0.0708,103.933,4,happy,0.35162962670269454,0,1
5K1m4aaPCxwnm9SKlWW1vh,Ryokuoushoku Shakai,Shout Baby,Shout Baby,62,265986,False,0.474,0.881,7,-1.846,1,0.0398,0.033,0.0,0.0513,0.587,180.0,4,j-pop,0.27021111075051474,0,0
0YLSjVxSb5FT1Bo8Tnxr8j,Ritviz;Nucleya,Baaraat,Baaraat,66,222096,False,0.678,0.449,4,-9.379,0,0.0869,0.477,0.0,0.536,0.606,100.033,4,indie,0.3833083029456306,0,1
0tUF5lz1WjAZPZ8crFB6kV,COMPLEX,ROMANTIC 1990 (Remastered 2012),MAJESTIC BABY,33,243693,False,0.337,0.976,1,-3.365,0,0.165,0.00047,0.000294,0.364,0.27,192.129,3,j-rock,0.3784003048383989,0,1
1QuqHfm7NlhjUcCfDyD3yf,Paul Johnson,Psycho Kong,Psycho Kong,7,261731,False,0.752,0.967,0,-13.97,1,0.053,2.48e-05,0.932,0.17,0.886,143.216,4,chicago-house,0.16377090113424586,0,0
6kzziVNPYISZHObx1t4P5y,Cestar;Stailok,El Humo de Tu Boca,El Humo de Tu Boca,40,180618,False,0.754,0.731,10,-4.643,0,0.0413,0.112,0.000239,0.157,0.552,97.03,4,dancehall,0.2050577805064496,0,0
2laJdkltxYwwCJanm7yBnn,Raimundos;Érica Martins,Só as Melhores do Pop Rock Brasileiro,A mais pedida,0,233733,False,0.538,0.825,0,-4.021,1,0.0478,0.0105,1.43e-05,0.0693,0.467,125.056,4,r-n-b,0.2672100788529806,0,0
4ajrGS4lfifvezTGfg74Hk,Inpetto;Aribo,"Electronic Club Charts, Vol. 1",Somehow,0,190476,False,0.628,0.724,0,-5.03,1,0.049,0.0925,0.0,0.0853,0.515,126.019,4,deep-house,0.26160985589878477,0,0
6fScgF2Y63ScU73nYju0ny,Atif Aslam;Arko,"O Saathi (From ""Baaghi 2"")",O Saathi,71,251818,False,0.481,0.496,8,-7.421,1,0.0262,0.588,0.0,0.132,0.453,89.839,4,pop,0.3860471385694843,0,1
0KeeKjwx7JqeHlQjXnHpL9,Francisca Valenzuela,SALÚ,SALÚ,39,200453,False,0.706,0.868,7,-3.746,1,0.0267,0.00358,0.0,0.317,0.767,129.975,4,electronic,0.0,0,0
76YSWx6L6FNsuaP6GWBb8P,Labrinth;Zendaya,Imagination & the Misfit Kid,All For Us,72,191710,False,0.46,0.66,3,-6.642,1,0.0652,0.0108,0.000139,0.34,0.18,141.722,4,indie-pop,0.3436649894557463,0,0
2kwV1oVEb9mLkGbFaQX4zU,Bad Gyal,FELIZ CUMPLEAÑOS,La Prendo,2,181986,False,0.917,0.776,9,-2.248,0,0.154,0.0464,5.54e-05,0.08,0.656,114.941,4,latin,0.1981057912328547,0,0
45PEs9rgK7Q4gcxwOsPM4o,Virtual Riot;Modestep;FRANK ZUMMO,This Could Be Us,This Could Be Us,45,308400,False,0.526,0.896,3,-3.598,0,0.0455,0.000459,0.00102,0.119,0.424,150.075,4,dub,0.22155055108882168,0,0
4S0UUI7C5TRoktM4gnkh06,Shatta Wale,ON GOD,ON GOD,47,195056,True,0.64,0.542,5,-10.288,0,0.508,0.603,0.0,0.137,0.578,123.222,5,dancehall,0.45522395873437627,1,1
3JXi13LlcYzagKRNokd3Zt,Harris Jayaraj;Bhavatharini;Tippu;Dhanush;Abhay Jodhpurkar,Anegan (Original Motion Picture Soundtrack),Aathadi Aathadi,57,352426,False,0.753,0.449,7,-7.631,1,0.0288,0.347,0.0,0.219,0.557,134.891,3,pop-film,0.27213173643148986,0,0
7bvGIJWvOwCc1VOr9Lkwn7,James Hand,Shadow On The Ground,Floor To Crawl,26,169000,False,0.64,0.499,9,-8.219,1,0.0287,0.725,4.34e-05,0.0892,0.655,126.888,4,honky-tonk,0.4236674741694084,0,1
42lpuSQmnLUM1ZXJVzIVOi,Camilo,Mis Manos,KESI,70,177255,False,0.889,0.756,4,-4.23,1,0.056,0.132,0.0,0.0996,0.918,122.905,4,reggaeton,0.14939507508980554,0,0
6EeYBu8RautSHkqJeWgKff,Sweet Little Band,Bob Marley For Babies,No Woman No Cry,33,223477,False,0.6,0.185,1,-16.663,1,0.0281,0.567,0.928,0.1,0.344,155.912,4,children,0.4830701819148575,1,1
62ke5zFUJN6RvtXZgVH0F8,Paloma Faith,A Perfect Contradiction (Outsiders' Expanded Edition),Only Love Can Hurt Like This,87,232893,False,0.566,0.885,8,-4.528,1,0.0818,0.0958,9.97e-05,0.334,0.304,90.99,4,dance,0.19310783030859863,0,0
3oSood6sgulWxhrkTJvXbH,H Dixit;Lofi Person,Endless Love Mashup 2022 Lofi (Slowed & Reverb),Endless Love Mashup 2022 Lofi (Slowed & Reverb),45,281727,False,0.29,0.388,0,-12.525,0,0.0468,0.635,0.0421,0.136,0.132,81.936,1,indian,0.5208097335768412,1,1
2HgpSCBlaSwOWeN3n2VsZ2,Sofia Karlsson;Mattias Pérez;Daniel Ek;Jakob Algesten,Reason to Believe,Reason to Believe,36,194000,False,0.339,0.429,0,-9.725,1,0.0402,0.493,0.000171,0.123,0.432,78.763,4,swedish,0.5620803647819402,1,1
73ucpKq91TuejrLHgzDNHK,Rita Ora,Poison,Poison,68,202906,False,0.579,0.738,10,-5.711,1,0.0542,0.0821,1.52e-06,0.232,0.431,124.023,4,electro,0.30434500130386216,0,0
3FHl1QYu76zguwjqhqcglX,Sukhwinder Singh;Shreya Ghoshal;Vikram Montrose,"Kar Har Maidaan Fateh (From ""Sanju"")","Kar Har Maidaan Fateh (From ""Sanju"")",59,312157,False,0.557,0.821,1,-7.794,0,0.0573,0.0189,0.0,0.0863,0.184,170.022,4,hip-hop,0.2298464211424268,0,0
2DxsGXCFkJvTz7Dv8lgOhd,Runa Laila,Gharaonda,Tumhen Ho Na Ho,46,313186,False,0.313,0.47,1,-11.142,1,0.0376,0.847,5.86e-06,0.0663,0.718,86.684,4,folk,0.45475236917515693,1,1
7hKjFE33KtlOy2tPvsBXQF,Stumbleine,Echo Chamber,Comatose,29,222000,False,0.403,0.508,6,-11.019,1,0.0335,0.199,0.84,0.0826,0.133,114.989,4,idm,0.37870852657321585,0,1
6JLms20xagDkDJ1K9bUqDV,ØMI,ANSWER...,You (Prod. SUGA of BTS),43,187364,False,0.676,0.477,8,-8.967,1,0.0545,0.0423,0.0,0.0678,0.521,135.888,4,j-dance,0.2639961422557635,0,0
1oTvT8s4iPUJZOR9uUCu7t,Peppa Pig,Roller Disco,Roller Disco,47,196754,False,0.861,0.752,9,-6.829,0,0.143,0.0872,0.0,0.0537,0.811,124.026,4,british,0.22959261924549348,0,0
0pZbMX8nnYzqPVIVDpuTwm,The Smith Street Band;Tim Rogers;Laura Stevenson,More Scared Of You Than You Are Of Me,Run Into The World,28,295840,True,0.561,0.462,6,-5.445,1,0.0331,0.237,0.0,0.354,0.533,150.318,4,garage,0.3844373098638649,0,1
27cHwY7UTuadZD5XfoxxpI,Shaman's Harvest,Smokin' Hearts & Broken Guns (Deluxe Edition),Ten Million Voices,52,238226,False,0.498,0.709,0,-3.135,0,0.0325,0.00815,0.0,0.127,0.439,112.628,4,grunge,0.22672926273491428,0,0
2wEORIRuWHDESxHOPUZ4dq,Medooza;PAWLIE POIZN,Starý Kazety,Starý Kazety,33,267977,False,0.718,0.526,7,-9.523,0,0.0597,0.735,0.0,0.12,0.697,144.065,4,emo,0.3346440361820028,0,0
1RFTlrpmEUyBpkaW6mfrxQ,BOØWY,"""GIGS"" CASE OF BOφWY COMPLETE (Live From ""Gigs"" Case Of Boowy / 1987)","RATS - FROM ""GIGS"" CASE OF BOOWY",34,159600,False,0.258,0.985,0,-3.376,1,0.157,0.0202,0.000308,0.432,0.382,176.952,4,j-rock,0.37944108567119883,0,1
2z2JKNU24UEngb4joR9p8f,KT Tunstall,Slow Christmas Songs 2022,Lonely This Christmas,0,257493,False,0.409,0.153,6,-10.74,0,0.0306,0.939,2.56e-05,0.108,0.18,85.262,4,acoustic,0.6193775554829841,1,2
05tQHifEgbVLavnO3GcuxN,Chino & Nacho,Halloween 2022 Pop Vol. 2,Niña Bonita - Remastered 2020,0,215960,False,0.666,0.921,9,-5.462,1,0.138,0.226,0.0,0.15,0.723,120.03,4,latin,0.3334270042637254,0,0
11LmqTE2naFULdEP94AUBa,Nirvana,In Utero - 20th Anniversary - Deluxe Edition,Heart-Shaped Box,79,281160,False,0.256,0.641,1,-10.283,1,0.0552,0.199,0.0329,0.0853,0.382,203.006,4,alt-rock,0.3726074073398247,0,1
2tjkrsxIGGJzJAnaUHYjtQ,Scooter,20 Years of Hardcore (Remastered),Call Me Mañana,32,219946,False,0.513,0.999,9,-5.894,0,0.166,0.00217,0.105,0.697,0.156,143.039,4,hardcore,0.34568896248712744,0,0
5CovP9I0W4yqDbcdvctIJV,Midnight,Let There Be Witchery,Let There Be Sodomy,20,202706,False,0.211,0.991,6,-5.864,0,0.116,7.93e-06,0.352,0.328,0.217,145.038,4,black-metal,0.3935906049708889,0,1
3ZNhFhshMLjGQraO4pvpDR,Danny Olson;Vo Williams,Night Falls,Night Falls,39,225705,False,0.627,0.921,4,-4.859,1,0.189,0.0315,3.37e-06,0.0699,0.392,170.028,4,dub,0.18051358962175393,0,0
6TeJ52WYcJT92bO95BY17u,Siouxsie and the Banshees,Halloween Scary Party,Halloween,0,221466,False,0.223,0.91,7,-7.097,1,0.08,0.0116,0.000518,0.212,0.364,171.75,4,alt-rock,0.3339377793878449,0,0
6Kd4iGylMjrpr1xVbuYKVw,JPEGMAFIA,black ben carson,the 27 club,54,236439,True,0.523,0.662,1,-6.923,1,0.141,0.51,0.000198,0.653,0.542,101.207,4,industrial,0.32804812914125414,0,0
46fURCnWErjFdNM2yBJ2c8,Eric Chou,如果雨之後,永不失聯的愛,64,259600,False,0.289,0.43,10,-6.818,1,0.0332,0.624,0.0,0.101,0.531,169.511,4,mandopop,0.4774663204449793,1,1
2Db4RDun4YmjGcypDB8Av3,DJ Snake;Justin Bieber,Weekend Baby,Let Me Love You,0,205946,False,0.475,0.715,8,-5.371,1,0.058,0.0863,2.67e-05,0.135,0.159,199.892,4,electronic,0.2989144586598318,0,0
7f9PFz2XCYECXLV0rARvwU,Ace Ventura;Pantomiman,Hello?,Hello? - Pantomiman Remix,28,461652,False,0.736,0.803,11,-6.93,1,0.0531,6.18e-05,0.802,0.375,0.185,146.985,4,trance,0.18697355314486339,0,0
36rNyBl6nXW7Kx9DYua3XT,Zanger Kafke,1000 Man Dronken,1000 Man Dronken,27,168750,False,0.806,0.864,10,-5.106,1,0.151,0.0795,0.000244,0.0473,0.901,149.96,4,hardstyle,0.1957180395984746,0,0
2JK2XwhCns1EnC4zT3falc,Blake Rules;Netherfriends,Kids Trap 15,Showing Love,8,104489,False,0.87,0.636,8,-10.163,1,0.0974,0.00697,0.00232,0.2,0.726,147.065,4,kids,0.32990503933119986,0,0
0XtWpvgfM8ImPG5Y6a9te3,Dr. Acula,Slander,Cocaine Avalanche,28,197426,True,0.334,0.959,6,-3.975,0,0.317,0.00221,1.19e-05,0.333,0.106,132.549,4,death-metal,0.4189110123804596,0,1
1dvlY1iYFNgO7SFWRGHB3x,Wisin & Yandel,Halloween 2022 Perreo Vol. 3,Pegao,1,234546,False,0.792,0.804,3,-4.752,1,0.259,0.537,0.0,0.342,0.807,96.041,4,hip-hop,0.3664012344805781,0,1
0UWhu1zY8gsXQLbZViVkF3,Víctor Manuelle,Oro Salsero,Se Me Rompe el Alma,27,296933,False,0.51,0.875,1,-5.003,1,0.0616,0.347,5.16e-05,0.0189,0.758,95.692,4,salsa,0.27777818898686246,0,0
20vvixeUnO9OcQh9gqIhc5,Dom & Roland;Klute;Technical Itch,Dom & Roland Productions: Remix Album,Maximus - Technical Itch Remix,16,457240,False,0.379,0.939,11,-5.762,1,0.0878,0.00291,0.8,0.365,0.0819,171.877,4,drum-and-bass,0.3956484908267328,0,1
3jX7WFixnEvO2EMYcbE5ut,Gustav Holst;North Texas Wind Symphony;Eugene Migliaro Corporon,Composer's Collection: Gustav Holst,"Second Suite in F Major, Op. 28 No. 2, H. 106: II. Song Without Words ""I'll Love My Love""",29,151586,False,0.171,0.0115,0,-26.859,0,0.0461,0.993,0.943,0.0832,0.0712,62.911,4,british,0.6013985262485052,1,2
3e95Yjkzhw8oR2pR1BPQpI,Ella Fitzgerald,Chill Christmas Dinner,The Secret Of Christmas,0,168146,False,0.258,0.175,0,-11.903,1,0.0323,0.939,0.000156,0.136,0.107,89.072,3,blues,0.5432772409152,1,1
7qv5uwCfPLt18OcGQSHmi1,Kato,Naruto Vibes,Man of the World,42,106484,False,0.456,0.469,2,-7.838,0,0.0339,0.143,0.936,0.212,0.106,120.045,4,anime,0.41001434851696,0,1
3Icm34joOyDhzBoyaqthtK,Danieze Santiago;Devinho Novaes,Alô,Alô,44,139113,False,0.81,0.701,11,-4.531,0,0.033,0.544,0.0,0.152,0.695,127.994,4,forro,0.20607347553075855,0,0
2mEHyRXGIPArlWSDkIqujW,Zaeden,Genesis 1:1,days,47,150000,False,0.811,0.499,7,-9.37,1,0.0589,0.255,0.00478,0.189,0.373,144.028,4,edm,0.2966832188168558,0,0
76ISgVglOIcgBYjK1fxmu4,Hank Williams,The Complete Hank Williams,Rockin' Chair Money,12,125200,False,0.448,0.274,11,-12.146,1,0.032,0.953,0.0,0.615,0.592,162.698,3,honky-tonk,0.6150108738052746,1,2
6qO260PuQGnxCQ4SRrSi6M,Bernward Koch,Walking through Clouds,Touched by Love,50,202853,False,0.153,0.0555,9,-19.488,1,0.0351,0.978,0.953,0.121,0.0618,71.912,4,opera,0.650612866030421,1,2
1xMkTSgZIZAnsu6a5yqudq,TarantisT,Distorted Brains,The Hell You Made,0,197434,False,0.415,0.972,11,-5.446,1,0.0716,0.00448,0.146,0.339,0.588,169.981,4,iranian,0.34401072353962586,0,0
0h2ZSu1j6YFsGj85eSyrI4,Crankdat;Bandlez,Ground Shake,Ground Shake,49,185379,False,0.63,0.984,11,-2.187,1,0.0658,0.000666,0.00804,0.163,0.214,145.074,4,dub,0.148734367369647,0,0
5KxtwVS3jtbL5A51497yKs,His Hero Is Gone,The Plot Sickens,Disinformation Age,17,104412,False,0.133,0.856,1,-13.406,0,0.0974,5.89e-06,0.933,0.108,0.336,178.442,4,grindcore,0.45113706407232756,1,1
3qk4wRMDlaeagZGjSYbsOV,G-Eazy;Charlie Puth,The Beautiful & Damned,Sober,57,203960,True,0.558,0.766,6,-5.953,0,0.231,0.263,0.0,0.32,0.182,96.281,4,indie-pop,0.4137259532956024,0,1
7ujmpF0vCLlFJJBPmiFXQR,Bryan Adams,Christmas Songs 2022,Christmas Time,1,243057,False,0.503,0.582,0,-4.324,1,0.0253,0.472,0.0,0.103,0.326,77.321,4,singer-songwriter,0.4806673827812354,1,1
6ysshFBw6i9g5kTwzZrYG7,Porsche Love,"Love, Porsche: The Complete Experience",Where You Are,41,137708,True,0.51,0.684,4,-8.953,1,0.0394,0.541,0.0,0.156,0.564,158.056,4,sad,0.3708613569832735,0,1
4r9qyANhnnv7q2ENG2ggre,Trivecta;Jay Mason,Sail Away (feat. Jay Mason),Sail Away (feat. Jay Mason),41,252200,False,0.308,0.727,7,-4.815,1,0.0475,0.0179,0.0,0.417,0.282,150.059,4,dubstep,0.3329573955095264,0,0
0gmV4mbtJsmveGlVAdLGho,Nikolai Erdenko;Nikolai Erdenko Gypsy Band,The Famous Songs of Russian Gypsies,"Oj, rucheek, rucheek (A Brook): Rucheek (A Brook)",1,153280,False,0.36,0.815,2,-12.779,1,0.146,0.46,0.0,0.365,0.439,122.176,4,romance,0.4184299770468605,0,1
5p9IGH0xpbhJI9d8YWJe47,The Drifters,Thanksgiving Party,Sweets for My Sweet,0,147146,False,0.772,0.81,0,-7.602,1,0.0322,0.687,2.42e-06,0.097,0.971,119.883,4,soul,0.4044479238863842,0,1
17ierdILmXjF0ylXJilXS7,Mc_team,Frecuencias Curativas Solfeggio 369 Hz,396 Hz Destruye Bloqueos Inconscientes,25,236968,False,0.166,0.00892,5,-32.364,0,0.0514,0.988,0.955,0.0918,0.0929,130.205,4,world-music,0.7252839108147656,1,2
7pxbZ29k1LJXvOdd2e5Bdn,Us The Duo,Shotgun,Shotgun,45,174884,False,0.806,0.263,5,-10.43,1,0.0502,0.787,0.0,0.182,0.868,115.854,4,acoustic,0.40984973973024463,0,1
78Y5gncYyYy9z1fEHRECBu,arai tasuku;World's End Girlfriend,0,0 (Remixed by world's end girlfriend),10,438000,False,0.331,0.597,3,-9.267,1,0.106,0.831,0.204,0.119,0.198,112.511,4,idm,0.45721801659490335,1,1
7wiULYwv85WeChygucbpTF,Boyce Avenue,Careless Whisper,Careless Whisper,46,247805,False,0.698,0.389,2,-6.246,0,0.0321,0.885,0.0,0.136,0.704,76.897,4,acoustic,0.4742932514773879,1,1
2NaxRs7pLcqhyQg5HMU7sm,Osvaldo Pugliese,From Argentina To The World,Emancipación - Instrumental,15,204466,False,0.621,0.221,9,-12.15,0,0.0658,0.875,0.009,0.0851,0.532,119.132,4,tango,0.4348831972746106,0,1
6DfESv6z9PPLo1RhbzlVIb,Koven,All We Needed,All We Needed,49,241600,False,0.482,0.789,1,-5.945,0,0.0486,0.00577,0.00173,0.11,0.263,149.991,4,dub,0.17434280843272482,0,0
5wsET7UzdeLwvTkAkVytut,Neolux,Infinity,Infinity,49,187341,False,0.467,0.981,1,-3.37,0,0.0485,0.0053,0.898,0.222,0.609,149.955,4,hardstyle,0.32181749087693434,0,0
58dSdjfEYNSxte1aNVxuNf,Mac Ayres,Drive Slow,Easy,67,314357,False,0.722,0.282,5,-7.484,1,0.106,0.373,0.00557,0.147,0.217,91.367,4,chill,0.4296888644589734,0,1
1TRnIxwWeJoE6MVimzjw2w,Ozuna;Danny Ocean,OzuTochi,4:22,63,193360,False,0.771,0.727,1,-4.285,0,0.0416,0.0205,4.54e-06,0.291,0.649,104.035,4,latin,0.232738849428302,0,0
2kk8L2MStsZ0tYLPkDrL64,GReeeeN,あっ、ども。おひさしぶりです。,地球号,32,241213,False,0.714,0.879,8,-4.605,1,0.0542,0.00914,6.78e-06,0.106,0.752,110.036,4,j-rock,0.32302937568827716,0,0
7zRmGvtSy36Jr19U5OInJT,The Beatles,1 (Remastered),Yellow Submarine - Remastered 2015,54,158800,False,0.66,0.557,1,-9.597,1,0.03,0.158,0.0,0.543,0.788,110.743,4,psych-rock,0.28580990043974536,0,0
7fpvwvVR2zhNaWUAUDXznF,Marcelo Markes,Melhor Lugar: Sessão Acústica,Melhor Lugar: Sessão Acústica,46,252874,False,0.335,0.298,8,-12.329,0,0.0328,0.859,0.00183,0.109,0.105,126.957,4,gospel,0.5833210537771782,1,1
6RYEaMxLgyopcSMR98exqu,Antonio y Joel Con Labranza,Mi Canto,Que Estes Presente,30,225870,False,0.461,0.706,6,-5.863,1,0.103,0.536,1.1e-06,0.0506,0.842,163.691,4,salsa,0.34096375181743566,0,0
5lORa4H99zsSobiyanlsgk,Jason Upton,Remember,Fly,41,777866,False,0.237,0.161,2,-12.265,1,0.0326,0.778,0.00358,0.182,0.0812,104.997,4,world-music,0.5358197734389472,1,1
2Wew8zqBUtIXwZnxpIHdSf,No Party For Cao Dong,還願(遊戲原聲帶),還願,44,225194,False,0.502,0.202,7,-12.303,0,0.0347,0.359,0.0216,0.167,0.158,109.111,4,mandopop,0.46984742339422414,1,1
2vfZqjFC0QsRMewYWAiY9Y,Kid Abelha,Só as Melhores do Pop Rock Brasileiro,Lágrimas e chuva,0,273426,False,0.706,0.8,9,-9.421,0,0.0516,0.0332,0.037,0.0488,0.725,122.396,4,brazil,0.1620209775187953,0,0
6Zz5CiVpQk2Fz2nV8m3YQm,The Lumineers,Cleopatra,Angela,60,201785,False,0.668,0.563,4,-8.23,1,0.0305,0.649,0.000347,0.11,0.289,130.366,4,folk,0.33500821698704536,0,0
6rsbsdiGDrYvhbb1K7ziTL,Linked Horizon,Guren no Yumiya Tv Size Ver.,Guren no Yumiya Tv Size Ver.,59,94283,False,0.494,0.91,1,-6.016,0,0.0479,0.561,1.13e-06,0.107,0.507,90.447,4,anime,0.3572926912393903,0,1
0HT6xI2MTQ7qk4yNA1IZUd,Auli'i Cravalho,Disney Summer Songs,"How Far I'll Go - From ""Moana""/Soundtrack Version",66,163386,False,0.537,0.307,4,-10.967,1,0.0545,0.649,0.0,0.177,0.114,83.632,4,show-tunes,0.39289013298632836,0,1
4ahdel2ygLNWN47cDexfwt,Ouse,You Make It Worse,You Make It Worse,47,181178,True,0.808,0.462,0,-11.588,1,0.0622,0.444,0.0,0.111,0.393,105.042,4,sad,0.3112721945967076,0,0
1uwjBrZMmwBwTaFBUykRYf,Painkiller,Buried Secrets,Tortured Souls,11,113226,False,0.241,0.657,4,-10.225,0,0.0826,0.000458,0.7,0.49,0.19,118.585,5,grindcore,0.4326072862784816,0,1
1UTdSl8RRxiYSfv9v0tdhL,"Héctor ""El Father""",Perreo Tenebroso Vol. 1,Voy Subiendo,0,256893,False,0.75,0.916,7,-4.773,1,0.214,0.0566,0.000458,0.175,0.505,92.004,4,latino,0.30979263569078314,0,0
3Ws4h8IcE1VJHWebd1Awjo,Proem,Socially Inept,Socially Inept,8,245386,False,0.186,0.573,0,-19.173,1,0.192,0.496,0.896,0.102,0.0731,90.056,3,idm,0.5126292895260067,1,1
2fU4JsAoRiOam2azK907yb,Stevie Wonder,Halloween 2022,Superstition - Single Version,0,244826,False,0.637,0.745,8,-8.607,1,0.0748,0.0173,0.000554,0.0372,0.859,100.384,4,soul,0.24893245164236713,0,0
0ClmF8tkpuySXLJHspUoKT,Charlie Brown Jr.,Camisa 10 joga bola até na chuva,Camisa 10 joga bola até na chuva (Bomba Sonica),38,189840,False,0.591,0.944,10,-3.993,0,0.0585,0.128,0.0,0.0891,0.96,91.991,4,hard-rock,0.28326165333637376,0,0
3r9m79pHykbs4FrCXlq1oO,Skylar Grey;Polo G;Mozzy;Eminem,"Last One Standing (feat. Polo G, Mozzy & Eminem) [From Venom: Let There Be Carnage]","Last One Standing (feat. Polo G, Mozzy & Eminem) - From Venom: Let There Be Carnage",54,258678,True,0.585,0.714,1,-4.117,0,0.116,0.25,0.0,0.0556,0.227,103.051,5,piano,0.32448769966642466,0,0
42et6fnHCw1HIPSrdPprMl,Third Eye Blind,Third Eye Blind,Semi-Charmed Life,75,268360,False,0.64,0.864,7,-6.576,1,0.0314,0.00832,0.0,0.123,0.701,102.026,4,grunge,0.09843951527682754,0,0
2ssl3oeVptDKx5PY59Sbm2,Womack & Womack,Best of 80s,Teardrops,49,230840,False,0.877,0.808,11,-7.502,1,0.0401,0.0426,0.248,0.119,0.966,133.237,4,disco,0.15437990044997016,0,0
7FCywPUtOExT6UHSOWjTDg,Triptykon,Eparistera Daimones,In Shrouds Decayed,17,415933,False,0.487,0.456,9,-7.037,1,0.0349,0.00663,0.00962,0.119,0.037,118.035,4,black-metal,0.3779312109604672,0,1
3WYAOSW2hvfr07Ww4xLrn1,Linkin Park,Minutes to Midnight (Deluxe Edition),Given Up,44,189338,True,0.642,0.873,4,-4.68,0,0.0449,0.00119,0.000142,0.0432,0.923,100.056,4,grunge,0.24155193521447338,0,0
3thIARBf9vzQXQYuaOf8Wd,Jubin Nautiyal;Rocky - Shiv,Chitthi,Chitthi,47,229912,False,0.729,0.52,5,-6.586,0,0.0258,0.562,0.000893,0.101,0.458,114.973,4,k-pop,0.32344272993892703,0,0
2uJX5IvgQ95pabLdVXz7oK,Charlie Brown Jr.,Imunidade Musical,Onde Esta O Mundo Bom? (Living L.A.),34,143800,False,0.55,0.992,10,-3.154,0,0.0589,0.0209,0.000511,0.29,0.666,112.11,4,hard-rock,0.221304503072397,0,0
3fn5nVOqcpE92sl6XBlT3O,Kiawasch Sahebnassagh;Amirhosein Allah Yari,Forty Poems To Kharaghan,Rubai 1 To 5,0,371626,False,0.358,0.149,0,-19.512,1,0.0399,0.777,0.00711,0.11,0.113,131.267,4,iranian,0.6345871404265161,1,2
43YkTTlOD203o9E5ZxhUjF,Arijit Singh,Arijit Singh Broken Strings,"Main Dhoondne Ko Zamaane Mein (From ""Heartless"")",66,262986,False,0.329,0.45,2,-6.312,0,0.0405,0.594,0.0,0.13,0.284,80.095,4,pop-film,0.45854774144996796,1,1
3dApO0DoZinSPrKKPhoKuz,Kayzo;OST,Liar (with OST),Liar (with OST),51,296250,False,0.49,0.964,3,-0.332,0,0.31,0.0292,0.0,0.168,0.416,127.886,4,dub,0.31198570695883765,0,0
5KnqauuLF6qyZA9RzfeKxG,Red Hot Chili Peppers,Return of the Dream Canteen,The Drummer,68,202888,False,0.536,0.894,9,-5.687,1,0.0479,0.00596,0.0168,0.118,0.784,174.899,4,metal,0.21286270614499547,0,0
6gPHZwi0wYGSMoM0GqwNlq,NG Rezonance,"Syncopy Radio Edits, Vol. 1",Resurgence - Radio Edit,28,165428,False,0.464,0.963,8,-7.409,0,0.0715,0.000128,0.946,0.0463,0.0938,139.975,4,trance,0.14858572412574383,0,0
0RphKXkhRYBkPDA0SkG5U7,Chuck Berry,"It's Christmas, Let's Dance",Run Rudolph Run,0,162897,False,0.647,0.876,10,-5.662,1,0.185,0.881,3.59e-05,0.26,0.949,151.925,4,blues,0.36768671753668797,0,1
0d1ujEcFwTqA4kWliTSJim,Alan Walker;Georgia Ku,Don't You Hold Me Down,Don't You Hold Me Down,66,132597,False,0.773,0.839,5,-4.046,1,0.0566,0.0276,0.00797,0.132,0.303,123.975,4,electro,0.1942651815544656,0,0
5BxuWOcIdQjkmy8chfp6ro,Doctora Juguetes;Felpita;Lambie;Lula,Doctora Juguetes: Ya Llegó la Doctora,Vas a Crecer,24,52040,False,0.767,0.738,4,-4.351,1,0.0699,0.522,0.0,0.123,0.851,150.088,4,disney,0.32582871927613266,0,0
7A0XZq9rccytABbI2jkg89,Rolf Zuckowski,Bei uns in der Kita - 22 Lieder im Frühling + Sommer,Ich bau mir eine Höhle,32,175800,False,0.704,0.227,0,-11.239,1,0.0278,0.812,0.0,0.122,0.469,106.779,4,children,0.4503718331506739,1,1
5GQu9ALTmhmLggqUb9HTL8,JPD,DROGEN,DROGEN,39,174244,False,0.583,0.405,9,-8.134,0,0.0652,0.908,2.49e-05,0.111,0.185,143.555,3,german,0.43390856631359553,0,1
2XqqXmfYKFC8z4tj4BXx2q,Trampled by Turtles,Wild Animals,Silver Light,30,264266,False,0.448,0.477,7,-5.681,1,0.0316,0.185,0.0187,0.133,0.28,122.997,4,bluegrass,0.4516937490762302,1,1
0W41SRfxknKwHBc2oaYcAQ,Viva La Panda;Miss Mathilda,Riptide,Riptide,52,172431,False,0.621,0.847,3,-6.108,1,0.278,0.0584,1.11e-06,0.109,0.373,101.996,4,deep-house,0.20420977808569937,0,0
0PKmDncVOiNQLO6D1P6PXi,Susan Egan;Cheryl Freeman;LaChanze;Vaneese Thomas;Lillias White;Disney,Hercules (Original Motion Picture Soundtrack),I Won't Say (I'm In Love),66,140226,False,0.684,0.481,0,-10.305,1,0.0391,0.228,0.0,0.157,0.48,121.208,4,show-tunes,0.26991211579016783,0,0
1EuQFujqMzy76oZZ7R2xNO,Salman Elahi,Shaan,Pahadon Mein,57,225391,False,0.776,0.477,1,-10.049,1,0.0308,0.592,0.000184,0.105,0.774,115.008,4,indian,0.2976848066674831,0,0
51vJbrlUiPKGDDdySbJeTf,FiNCH;Blümchen,Hold Me Now,Herzalarm,34,191146,False,0.635,0.932,10,-6.141,1,0.0468,0.0176,0.000234,0.0375,0.539,165.992,4,party,0.15251393224012114,0,0
7AOlhO09yFC6WvbPSj2qv1,Frankie Valli & The Four Seasons,Holly Jolly Christmas,I Saw Mommy Kissing Santa Claus,0,136306,False,0.629,0.56,0,-11.455,0,0.0523,0.595,0.0,0.182,0.88,118.895,3,r-n-b,0.344615661586803,0,0
2umqe74ItZBWCdChsHtXjQ,ILLENIUM;Sasha Alex Sloan,Fallen Embers,U & Me,52,213500,False,0.563,0.837,8,-5.025,1,0.0457,0.0128,0.00922,0.0401,0.631,88.02,4,dub,0.29184984500939154,0,0
1FXVsxDeXfh94AZw9eqtP0,The Keys,The Keys - Akkamage,Akkamage,35,214800,False,0.929,0.76,9,-11.062,0,0.114,0.522,0.0,0.061,0.782,112.216,3,malay,0.26814258355035553,0,0
4CyfoJZdIKGXBMIpVCX13X,The Jayhawks,Rainy Day Music,Eyes Of Sarahjane,24,226413,False,0.552,0.717,8,-4.059,0,0.0328,0.00691,2.23e-06,0.0809,0.397,122.559,4,power-pop,0.2549740055415118,0,0
1YenEQ5vZytH31jdDlnXYu,The Acacia Strain,Continent,The Behemoth,23,397026,True,0.489,0.87,9,-8.622,0,0.06,0.0763,0.917,0.12,0.109,120.059,4,death-metal,0.26846836541187713,0,0
1U3GdQLdncM09zLxAZr75a,Francisco Canaro,Los Tangos de Pirincho (Remastered),Cuartito Azul - Remastered,16,166320,False,0.554,0.296,4,-9.12,0,0.048,0.873,0.000647,0.0694,0.718,131.227,4,tango,0.5288067631981667,1,1
15ocCvf4JiWCna8AGCrdyH,Osho Jain,Wahaan,Hichkiyaa,45,67500,False,0.508,0.101,1,-18.458,0,0.0506,0.682,0.0,0.0887,0.122,127.548,4,singer-songwriter,0.5570821687550563,1,1
3OJ9kFQsKJxyx4aqFXZuHr,Panteon Rococo,Un Panteon Muy Vivo,Cumbia del Olvido,43,260666,False,0.523,0.898,9,-6.235,0,0.13,0.0742,0.0,0.862,0.608,103.008,4,ska,0.3434308458028061,0,0
5nbn3xXBswzfJ7bMOOG5zk,Timothy Infinite,Glass Haus,Sundress,12,129098,False,0.644,0.545,6,-7.448,1,0.442,0.514,0.864,0.116,0.571,152.399,4,study,0.3553386332512326,0,1
33IPzl4qNKrI4UsLVemh5U,Fox Lake,Silence & Violence,484,25,214527,True,0.653,0.912,9,-5.379,1,0.103,0.000538,1.36e-05,0.318,0.341,105.044,4,metalcore,0.25583950820688495,0,0
0IOeTm4kj6ONgNRWnFQokD,Peggy Lee,Weihnachten Musik,Happy Holiday,0,115506,False,0.369,0.499,6,-9.301,1,0.0448,0.829,1.75e-06,0.154,0.69,192.76,3,jazz,0.4901823548726962,1,1
0HifRAxIjuvd7XBJEviQOK,Martinho Da Vila;Djonga,Era de Aquarius,Era de Aquarius,44,178207,False,0.895,0.516,4,-7.075,0,0.294,0.548,0.0,0.19,0.783,136.076,4,pagode,0.4120287616844207,0,1
2KyeRuRvBxIzmUHM7ETkOf,Rupee,Tempted to Touch (Online Music),Tempted to Touch,56,243133,False,0.878,0.578,0,-7.572,1,0.0467,0.231,0.0,0.0821,0.961,105.987,4,dancehall,0.15210509425420848,0,0
5HPLMMGVhXPd6QRHc6PHeD,Odepth,Elements,Hominids,0,105573,False,0.169,0.0536,9,-25.27,0,0.058,0.98,0.854,0.105,0.143,74.997,4,iranian,0.7114266677136907,1,2
3L3R5s3kaz3heUdPQijWtA,Tunai,Em Cartaz...,Frisson,41,245499,False,0.586,0.56,11,-9.962,1,0.028,0.575,0.000209,0.082,0.426,128.224,4,mpb,0.40986452165054515,0,1
5OOPYQor9kRh18B73f2Vci,KAROL G;Maldy,Última Misión Reggaeton,GATÚBELA,1,209160,False,0.627,0.858,11,-2.824,0,0.386,0.263,0.0,0.21,0.342,92.523,4,reggaeton,0.3309769505541341,0,0
2XBeLxyxT0dOnMtUUAOzUG,Inner City,House Top 1000 (Mini Mix 001),Big Fun 2017 (Mix Cut),13,94429,False,0.643,0.967,8,-4.052,0,0.0371,0.000437,0.242,0.0389,0.828,121.99,4,detroit-techno,0.256603024435481,0,0
3RPbT6nXH5Vn5Ui7Gowh8d,Raul Seixas,Maluco Beleza,Sapato 36,41,199533,False,0.369,0.5,9,-11.338,1,0.0422,0.0223,0.0,0.083,0.56,173.498,3,r-n-b,0.33594298428919395,0,0
5eZrW59C3UgBhkqNlowEID,The Beatles,Abbey Road (Remastered),Carry That Weight - Remastered 2009,59,96466,False,0.543,0.458,0,-8.976,1,0.0274,0.226,0.00663,0.298,0.704,84.319,4,british,0.4240650953251149,0,1
6POwzpncp2Rn2M7n8sPTGW,MISAEL,Mente Louca,Mente Louca,44,260769,False,0.887,0.42,4,-11.553,0,0.0862,0.259,7.46e-06,0.101,0.093,130.026,4,brazil,0.2890755483550706,0,0
05XIM6kQUjekdVxEjNvc1U,Govana,"T-Shirt, Ripped Jeans","T-Shirt, Ripped Jeans",24,195849,True,0.958,0.538,1,-7.276,0,0.167,0.408,0.0,0.106,0.565,106.061,4,j-dance,0.3383173798964224,0,0
427VV6oe3I7lKyGlkZPWuf,Forrozão Sela Rasgada;Zezinho Aboiador,A Rainha das Vaquejadas,Feitiço Matador,41,219226,False,0.861,0.629,0,-8.4,1,0.0329,0.492,0.0,0.0426,0.962,107.98,4,forro,0.19897240654747808,0,0
62UEqfAXpFJOLC66EqM7ji,Lyn Lapid,Autumn Vibe,In My Mind,0,162800,False,0.654,0.382,2,-11.8,0,0.0545,0.737,0.00041,0.356,0.289,135.93,3,indie-pop,0.4372634092025268,0,1
7kbvMr9iDzYP7KH6apVFSA,DJ Buzz Fuzz,Kimimaru,Kimimaru,34,80085,False,0.501,0.496,1,-7.5,1,0.121,0.384,0.694,0.191,0.575,167.977,4,happy,0.4375642799422885,0,1
6Bc5p9BJM9YPS9sZNaBp9V,Nostalgique,Night Life,XOXO,34,91730,False,0.803,0.423,5,-12.437,0,0.104,0.395,0.939,0.0928,0.469,155.994,4,study,0.26000159387160265,0,0
5tJqtSvAfTJkMrV4Wst4Le,Prateek Kuhad,cold/mess,100 words,52,210420,False,0.518,0.44,3,-14.536,1,0.034,0.888,0.457,0.111,0.575,76.154,4,indian,0.5202017270630572,1,1
2w6M3ukTNm1U8JVHjLSJVI,Becky Hill;Joel Corry,Pop Hits Now,HISTORY,0,176609,True,0.674,0.86,8,-3.318,1,0.0369,0.155,3.21e-06,0.359,0.771,122.975,4,house,0.24005110198336166,0,0
3AbVyubuGkJPbh3gTjWryp,arai tasuku;Luna Goami,Sin of Children: re,Time passing Bell - 2021 Remastered,13,258000,False,0.618,0.492,9,-9.716,0,0.173,0.693,3.8e-05,0.116,0.171,115.091,4,idm,0.5563486368095962,1,1
1ucG7WvccotikvUESNba5n,My Chemical Romance;The Used,Just Best Covers,Under Pressure,1,211733,False,0.529,0.897,2,-5.945,1,0.0586,0.0014,0.0,0.19,0.285,125.003,4,emo,0.35048813547096075,0,1
0lw9uF9EXHY06DtbTWa2l9,Dabin;Dia Frampton,Wild Youth,Bloom,51,240000,False,0.599,0.565,1,-6.304,1,0.0265,0.227,4.32e-05,0.0984,0.142,134.125,4,dubstep,0.3112631088704588,0,0
05K9S4Tbxaj7mKiZyHtjFl,Duane Eddy;The Rebelettes,Wiggle Wobble (50's & 60's Collection of Music),(Dance with the) Guitar Man,1,160093,False,0.688,0.925,9,-6.69,1,0.0395,0.732,0.00131,0.136,0.932,137.193,4,rockabilly,0.42429976883859966,0,1
6UPkgLF8SfiVmVGy5RYvIc,Ella Fitzgerald,World's Best Christmas Playlist,Frosty The Snowman,0,131733,False,0.579,0.502,8,-7.57,1,0.0513,0.733,0.0,0.281,0.836,76.783,4,blues,0.45531431096693936,1,1
7jjDw6alw2XkyTKvdWZtYE,Creep Hyp,世界観,僕は君の答えになりたいな,41,210053,False,0.37,0.657,1,-4.248,1,0.0296,0.306,0.0,0.156,0.662,169.958,4,j-rock,0.45408293188592913,1,1
5LSdAXb9gpEFt4g4sEhQl3,Insult,I Wanna Be a Burn Victim,Kill a Politician,15,31240,True,0.432,0.995,3,-3.887,1,0.248,0.000611,0.458,0.109,0.156,97.191,3,grindcore,0.25503437935420203,0,0
3nvWvHRoqCGsfGLApJtS5M,Turma do Pagode;Thiaguinho,Turma do Pagode XV Anos (Ao Vivo),Beija Aqui (feat. Thiaguinho) - Ao Vivo,45,182213,False,0.561,0.852,0,-4.715,1,0.0772,0.587,0.0,0.957,0.676,169.902,4,pagode,0.3964600107772079,0,1
1Uk1h5QunOruEzfSanKyVw,The Grogans,Just What You Want,No Sleep,30,152973,False,0.574,0.819,4,-4.763,0,0.0302,0.00311,3.33e-05,0.133,0.61,92.905,4,garage,0.22098985178246838,0,0
6gkalIxm5qlgweLkYdbdlF,DJ Ötzi,Karneval 2022 100%,Der hellste Stern (Böhmischer Traum) - Silverjam Mix,0,198613,False,0.575,0.957,5,-2.758,1,0.0826,0.00328,0.0,0.158,0.929,126.056,4,party,0.23847793375979107,0,0
68AJgDAbi9ry1ZVc9eh7ll,Talking Heads,Psycho Killer: 1977 Rock,Psycho Killer,56,261413,False,0.721,0.521,2,-8.123,1,0.0612,0.0707,0.00552,0.127,0.942,123.118,4,punk-rock,0.26343901719781115,0,0
7onU54swU5qTb4HheZdgrR,Patti LuPone;Jane Ohringer;Mandy Patinkin,Evita,Another Suitcase In Another Hall - Original Cast Recording/1979,22,281466,False,0.463,0.159,1,-18.907,1,0.0409,0.851,4.01e-06,0.106,0.287,120.132,4,show-tunes,0.5076812030864084,1,1
4sOX1nhpKwFWPvoMMExi3q,MARINA,Electra Heart (Deluxe),Primadonna,74,221075,False,0.66,0.689,4,-2.671,0,0.0337,0.0884,0.0,0.0922,0.427,127.98,4,alternative,0.17389631093940777,0,0
107K6xieSp2ihzoA2vTv2q,Blind Faith,Blind Faith,Can't Find My Way Home,54,196133,False,0.561,0.257,7,-17.417,1,0.0343,0.858,0.00185,0.0949,0.579,88.276,4,blues,0.4500837666567211,1,1
7eUZu9C4NSLbD9mRlSpvYu,Lea Salonga,Bahaghari,Bahay Kubo,25,157680,False,0.483,0.265,7,-8.72,1,0.0378,0.976,2.68e-06,0.129,0.445,119.583,3,show-tunes,0.4710519218943078,1,1
6ym5ZwHzAHnQYfYu1HyWNE,Tineidae,Exo,Metal Claws,10,391254,False,0.163,0.322,9,-16.863,1,0.0537,0.115,0.935,0.0594,0.0591,88.513,1,idm,0.5889177651162829,1,1
5Kk8wGSSAhR4EXolQW0nf7,Claudia Jung,Etwas Für Die Ewigkeit,Eine Reise ins Licht,30,234666,False,0.641,0.617,7,-10.513,1,0.0292,0.285,0.0,0.152,0.779,119.559,4,disco,0.30435988037063705,0,0
2uC3M3PaeWrBPdorJaKLSm,Skinless,Foreshadowing Our Demise,Smothered,21,335306,False,0.299,0.842,6,-8.981,0,0.111,1.16e-05,0.691,0.0742,0.469,111.323,4,death-metal,0.3727303284489331,0,1
3NHKBTcJfWswFEP48IoPTO,Delete,Alpha Omega,Execution,20,144129,True,0.706,0.995,11,-2.563,0,0.323,0.29,0.0107,0.09,0.119,155.085,4,hardstyle,0.20205819997135865,0,0
1vv7h64yOLrdfHuTzfv9gI,Dvice;La Fortaleza Real;Lyan;Jehza,Gelato,Gelato,46,212903,True,0.812,0.573,2,-10.034,1,0.26,0.342,2.6e-06,0.0922,0.591,93.015,4,reggae,0.244468739584784,0,0
0UkCbvs8IqloZmWZmCce4S,andymori,光,愛してやまない音楽を,32,157066,False,0.439,0.825,0,-4.834,1,0.0571,0.112,0.0,0.274,0.822,103.58,4,garage,0.3437716619426089,0,0
34zHNfI9XDe9esgbzA6PjP,andymori,光,ベースマン,31,180026,False,0.434,0.888,11,-3.836,1,0.0489,0.0901,0.0,0.0891,0.735,102.091,4,j-rock,0.26441793341160374,0,0
68Gs44rsSBAtN0Z1NaBSuZ,Matthias Reim,Sieben Leben,Nie mehr ohne Engel,31,211386,False,0.752,0.816,9,-7.685,1,0.0265,0.0344,0.0,0.4,0.908,125.942,3,party,0.2197058991252712,0,0
2w1rG2MPE4vF77znvevuz5,ARTY;Rozzi,Who Do You Love,Who Do You Love,62,208253,False,0.537,0.964,5,-2.677,0,0.0552,0.018,0.00138,0.16,0.509,125.992,4,progressive-house,0.24868038722187835,0,0
1kvq7ksGQWSyRysYYNd6lu,Mötley Crüe,Theatre Of Pain,Home Sweet Home,28,239666,False,0.397,0.776,5,-6.339,1,0.0381,0.0983,4.09e-06,0.189,0.127,76.301,4,hard-rock,0.26202310591406114,0,0
5uMkdWf1H6JEcpcdnPOSZM,Charmaine Fong,404 Not Found,你是你本身的傳奇,48,228613,False,0.663,0.42,10,-7.465,1,0.0301,0.831,0.0,0.0822,0.427,129.786,4,cantopop,0.4163878462942575,0,1
3EQi86PyyvhCsoD4fnGCwQ,Primordial,To the Nameless Dead,Failures Burden,19,397466,False,0.0749,0.821,9,-4.507,0,0.052,5.4e-06,0.503,0.134,0.235,80.776,4,black-metal,0.4025838701710805,0,1
5ivhfpfnoHhD8rUI2t3aJG,Eir Aoi,D'AZUR,IGNITE,59,244173,False,0.414,0.972,9,-2.41,0,0.258,0.00721,0.0,0.3,0.395,170.957,4,j-rock,0.2787630804775769,0,0
2p85yz1wSKxf5wK4F2htsO,Sólstafir,Endless Twilight of Codependent Love,Dionysus,20,330735,False,0.388,0.907,5,-6.006,0,0.0656,9.64e-06,0.749,0.116,0.184,136.083,4,black-metal,0.2904760556561042,0,0
5P1tKRDdj7gJEFuqtKYJPA,Alvin Lee,The Anthology,The Bluest Blues,40,446240,False,0.299,0.478,9,-6.205,0,0.0268,0.501,0.293,0.0781,0.239,149.748,4,blues,0.473562132814998,1,1
63ouuqcOIeU5uOaGEJMy2B,Hockey Dad,Itch,Itch,28,294063,False,0.253,0.791,8,-4.889,1,0.0447,0.0119,0.0,0.0957,0.0808,159.916,4,garage,0.36585899566874325,0,1
2x70dGJLC0mMQYBfl9qweR,Kite,Kite at the Royal Opera,Hexx - Live at the Royal Opera,25,324853,False,0.252,0.703,5,-8.396,0,0.0467,0.0358,0.0779,0.712,0.0689,176.088,3,synth-pop,0.525472343943251,1,1
3aPC70iegVoD7S4v0Ma3rk,The Beach Boys,Holiday Anthems 2022,Little Saint Nick - 1991 Remix,0,118840,False,0.602,0.553,11,-9.336,1,0.0328,0.108,0.0,0.0512,0.971,130.594,4,psych-rock,0.38140894881826237,0,1
69LsOTlcKFAlH2QDkEEhmO,Tim Halperin,Searching for the Same Thing,White,39,210226,False,0.537,0.674,11,-5.32,1,0.0284,0.426,0.0,0.128,0.329,92.049,4,acoustic,0.30444222134478854,0,0
33SH8ZC36EzoRstHbaFE72,Boyce Avenue;Sarah Hyland,"Cover Sessions, Vol. 4",Closer,54,244188,False,0.694,0.471,8,-8.62,1,0.0281,0.411,0.0,0.233,0.466,95.003,4,acoustic,0.3317199203017926,0,0
055xoYPMw5bQYFxlbBZ123,Gruppa Express,Застольные песни,Ромашка белая,7,292720,False,0.763,0.624,6,-5.441,0,0.0294,0.599,0.0,0.323,0.883,109.994,3,romance,0.43474815001816214,0,1
6pNVaFHQqN8enURB2dcVxr,The Red Chord,Fed Through The Teeth Machine,Floating Through The Vein,14,195360,False,0.331,0.987,6,-4.573,1,0.142,8.63e-05,0.165,0.0658,0.181,106.604,4,grindcore,0.28589263461228226,0,0
3CJZhC38mzhcJKli018fil,Glass Animals,Arbeitsmusik Herbst/Winter 2022/2023,Heat Waves,0,238805,False,0.761,0.525,11,-6.9,1,0.0944,0.44,6.7e-06,0.0921,0.531,80.87,4,indie,0.4240559870713488,0,1
2zQru5X2fXa3oPjAt9vkSx,The Wood Brothers,The Muse,Sweet Maria,24,258493,False,0.447,0.25,6,-11.624,1,0.0324,0.734,0.000928,0.307,0.115,132.187,4,bluegrass,0.5821271950802622,1,1
68kmDSWrnHoV5jfgJblUK3,Liad Abraham,Mad World (Classical Guitar Version),Mad World - Classical Guitar Version,43,125720,False,0.428,0.297,2,-10.156,1,0.0452,0.948,0.928,0.119,0.281,97.345,5,guitar,0.45841750518864083,1,1
2rOnSn2piaqLAlYjtfUBlY,Tanishk Bagchi;Jubin Nautiyal;Asees Kaur,"Raataan Lambiyan (From ""Shershaah"")","Raataan Lambiyan (From ""Shershaah"")",78,230292,False,0.72,0.63,10,-5.549,1,0.0413,0.615,0.0,0.108,0.512,81.009,4,pop,0.28067770454627083,0,0
44ZiDRfCJKMgjFXAb1LEBv,Orgy,Vapor Transmission,The Odyssey,22,176666,False,0.468,0.991,5,-3.441,0,0.155,0.00201,0.000743,0.235,0.391,174.818,4,industrial,0.342677973603018,0,0
7x2It3MYN1QdytzgoLYGr5,木吉他,夢田,季節雨,22,211000,False,0.626,0.522,0,-11.857,1,0.0279,0.342,0.0,0.234,0.802,139.827,4,mandopop,0.3325324956371199,0,0
1Y8XeNdmHT1izTT87DblYr,Akcent;Chante,Inshallah,Inshallah,40,160476,False,0.773,0.554,9,-9.796,1,0.0424,0.00134,0.0,0.042,0.57,126.002,4,disco,0.2789506493602045,0,0
7zDzoMGQURPsfDsGOLookv,Joe Jackson,Steppin' Out: The Very Best Of Joe Jackson,Steppin' Out,25,261826,False,0.592,0.481,11,-7.18,1,0.0328,0.0432,0.00221,0.067,0.58,159.605,4,power-pop,0.29165783883950486,0,0
6Vs6tzDPOYtBMehGXBG3G2,Mwuana,2: Collén & Chords,Toppen,30,202200,True,0.836,0.52,7,-9.404,0,0.0723,0.0505,3.09e-05,0.119,0.264,102.978,4,dancehall,0.17015432092590688,0,0
6JE5WAHYG6bV8iXl742wts,Subriser;blackbird,Tealy,Tealy,53,213818,False,0.758,0.515,1,-12.119,1,0.106,0.781,0.234,0.108,0.163,110.006,4,french,0.32810024150053574,0,0
1aJIyOZ67KgyysvKYpCq1j,Yemi Alade,Afropop 2022,True Love,0,235875,False,0.749,0.602,5,-5.097,1,0.0798,0.0313,0.000543,0.0337,0.965,120.022,4,dancehall,0.24929405952718287,0,0
3G1o1dkJIyY38yfiVDkwNP,Ty Dolla $ign;Kanye West;FKA twigs;Skrillex,20's R'n'B,Ego Death,0,231618,False,0.818,0.598,10,-5.948,0,0.113,0.0573,1.32e-06,0.634,0.331,111.052,4,hip-hop,0.2886014860774664,0,0
2ln8TMs7T1zEctVoifIXjj,Clarice Falcão,Problema Meu,Vinheta,45,78184,False,0.519,0.685,9,-7.171,1,0.0955,0.373,0.0,0.0629,0.745,115.929,4,mpb,0.43541226723058546,0,1
1V3FaAOYea3Hxw5SYvi8tl,Pitty;Tassia Reis;Emmily Barreto,Contramão,Contramão,36,294649,False,0.698,0.715,10,-5.058,0,0.0382,0.208,0.0,0.109,0.403,96.036,4,hard-rock,0.2428158278511643,0,0
77qtBzNUz3sdn2MjXDSxoU,Danny Daniel,Tu Me Pediste,Vuélveme a Querer,31,262112,False,0.613,0.855,8,-3.187,1,0.0446,0.434,0.0,0.326,0.906,91.37,4,salsa,0.3862781453796737,0,1
6A2tclDi7xkgRO4y59f65O,N3WPORT;Leila Pari,Castle,Castle,38,208500,False,0.566,0.759,0,-4.718,0,0.0993,0.0112,1.29e-05,0.106,0.38,159.965,4,dubstep,0.20902845922891752,0,0
6zK9XQwft2HxIDiWcx91ae,Bogdan Raczynski,Ulver 1993-2003: 1st Decade in the Machines,Bog's Basil & Curry Powder Potatos Recipe,12,305280,False,0.582,0.821,0,-8.962,1,0.0683,0.0485,0.901,0.48,0.433,164.983,4,idm,0.33771862793911805,0,0
7vvQrcQCfq7SB8mxO9CRHq,Ella Fitzgerald,Rockin' Around The Christmas Tree 2022,Frosty The Snowman,0,131733,False,0.579,0.502,8,-7.57,1,0.0513,0.733,0.0,0.281,0.836,76.783,4,jazz,0.4315394519623449,0,1
2CjmX9aRcnD1UKAkWPz0jf,Chaka Khan,R'n'B Studying,Where Are You Tonite,0,296400,False,0.69,0.494,7,-14.759,0,0.041,0.198,2.26e-05,0.0616,0.86,89.901,4,soul,0.33000016631825446,0,0
7J0E3iSjAxIdQtArstSfIJ,Raghu Dixit;Siddhartha Belmannu;Rakshita Suresh,Ninna Sanihake (Original Motion Picture Soundtrack),Nee Parichaya,46,218017,False,0.679,0.608,0,-10.187,0,0.0368,0.639,7.55e-06,0.0873,0.361,116.043,4,folk,0.39632182598680704,0,1
7CI0VS6ETno5mgHi4PoCrY,Alice In Chains,Jar Of Flies,Don't Follow,57,262133,False,0.314,0.37,1,-9.921,1,0.0286,0.781,0.139,0.122,0.28,116.066,1,grunge,0.47505691817696294,1,1
3Y3nlkoozI2XsL1dzyWdHB,Vishal-Shekhar;Sheykhar Ravjiani;Manoj Muntashir,Vikram Vedha,Oo Saahiba,39,234126,False,0.673,0.333,0,-9.737,1,0.0342,0.798,1.61e-05,0.106,0.365,129.957,1,pop-film,0.453812241281992,1,1
5ZqLPIzcKXKni6t7HHO7mO,The Potato Pirates,Tried and True Black and Blue,Fuck the Radio,32,170440,True,0.601,0.868,7,-4.686,1,0.0735,0.000523,1.17e-05,0.0899,0.875,96.951,4,ska,0.3062033485974538,0,0
4O5c8T9I55IZr1hEUQrEGi,Armin van Buuren;Jorn Van Deynhoven,Lost In Space,Lost In Space,51,201304,False,0.561,0.903,7,-4.868,0,0.0463,0.00917,0.0613,0.188,0.084,138.081,4,trance,0.1677340674046031,0,0
02CMDD2zt4LyEdOaSwVNhy,Bryan Adams,Best Of Karneval,Summer Of '69,0,217493,False,0.5,0.908,2,-4.303,1,0.0418,0.0166,0.0,0.128,0.744,138.834,4,songwriter,0.3116488292234863,0,0
0KoJjADAgVSFLmddvQCGpL,The Ready Set,Emo Christmas 2022,I Don't Wanna Spend Another Christmas Without You,0,199813,False,0.676,0.699,9,-5.984,1,0.0375,0.139,0.0,0.147,0.79,134.966,4,emo,0.2735672262271355,0,0
0FJPOX240AUlc9y37Dyf5z,"Diego, Dora & Friends","Diego, Dora & Friends' Animal Jamboree",The Lion Sleeps Tonight,31,174640,False,0.612,0.876,5,-4.799,1,0.0745,0.308,1.74e-06,0.325,0.694,133.003,4,kids,0.3018342456187379,0,0
5D8Z75wGgbvGJiYaNSSWvw,The Head And The Heart,Tek It - New Noise,Virginia (Wind in the Night),0,205293,False,0.265,0.79,7,-3.702,1,0.0366,0.00699,0.0,0.0523,0.248,136.075,4,indie-pop,0.42874311386058417,0,1
0JVS78fBQr0yF3NLPWCZdG,Mc Kadu;MC Leozinho ZS;Kotim;Mc Lele JP;Love Funk,Ruas da Sul,Ruas da Sul,44,325125,True,0.791,0.559,8,-5.823,0,0.19,0.483,0.0,0.176,0.633,106.782,5,funk,0.3603802424345651,0,1
5GcmJoEmrus69907XfjoTu,Bullet For My Valentine,Scream Aim Fire Deluxe Edition,Road To Nowhere,43,259519,False,0.295,0.563,2,-8.686,1,0.0358,0.0305,0.0,0.0968,0.521,87.067,4,metalcore,0.44497860441076087,0,1
1zyUz3eZ3sytdaR9lfW17q,Vendredi sur Mer,Premiers émois,Écoute Chérie,64,224933,False,0.607,0.647,7,-7.17,0,0.0452,0.138,0.00102,0.255,0.689,92.915,4,french,0.29497724157126315,0,0
5rOzcHIZaF038jMeHkUZR0,Arca,Arca,Reverie,40,192767,False,0.251,0.554,9,-9.641,0,0.0334,0.0528,0.127,0.188,0.0764,126.224,4,club,0.38599626732369574,0,1
00QBHaaP4KUcjlmxWriMbC,Aitana;Morat,Más De Lo Que Aposté,Más De Lo Que Aposté,71,205031,False,0.621,0.918,1,-3.01,0,0.0552,0.0754,0.0,0.13,0.834,151.988,4,spanish,0.21048859522401767,0,0
6NkpHVmPu6mNSSE0fK8aKL,Max Brhon,Illusion,Illusion,40,227139,False,0.575,0.856,0,-4.804,1,0.121,0.00591,0.731,0.169,0.0736,108.969,4,club,0.20012775964507776,0,0
6aUN5gXfkXKl4GBiVTLLZI,Klaus & Klaus,Ach Du Dickes Ei,Der Eiermann,31,221426,False,0.722,0.836,2,-5.85,1,0.0333,0.412,0.0,0.0278,0.762,103.157,4,party,0.2631887304364187,0,0
223dRxIidnjKOvmTG3T57n,Em Beihold,Отново на училище,Numb Little Bug,2,169237,False,0.742,0.527,8,-6.892,0,0.0769,0.327,0.0,0.25,0.638,84.974,4,singer-songwriter,0.3418452760922864,0,0
0RzEfVy07ukh7GxnwVjPmr,Tiësto;Charli XCX,For the Girls: Summer Hits,Hot in It,1,129817,False,0.748,0.841,7,-5.08,1,0.177,0.00445,1.33e-06,0.0413,0.717,123.045,4,house,0.2928778709392836,0,0
0G1BEi8ByngMCJqcPnDACw,Red Hot Chili Peppers,Return of the Dream Canteen,Eddie,66,341986,False,0.515,0.809,9,-5.817,0,0.0512,0.00455,0.0723,0.0905,0.525,142.011,4,funk,0.26374743210484447,0,0
0PkWP3XfbPI9WRMYbYAnKD,Kyary Pamyu Pamyu,ゆめのはじまりんりん,スローモ,19,213977,False,0.499,0.937,4,-4.402,0,0.04,0.0181,0.00118,0.0583,0.471,139.986,4,j-idol,0.1886222269149841,0,0
7zKweXON2KcgXizqUcu7lf,Death,Individual Thought Patterns,The Philosopher,49,253106,False,0.329,0.923,6,-6.02,0,0.0794,6.41e-06,0.021,0.0644,0.498,132.677,3,death-metal,0.2726903603152677,0,0
5tD1hLCu8eQek2KSq1yI8a,Sara Kays,Pop Brandneu,Watching TV,0,160677,False,0.581,0.571,9,-6.924,1,0.0738,0.587,0.0,0.139,0.456,117.965,4,singer-songwriter,0.38253551965226174,0,1
05L8hOMEmDnDMIbung9YQa,The Agonist,Orphans,The Gift of Silence,22,278894,False,0.409,0.981,5,-4.901,0,0.138,1.09e-05,0.00291,0.0568,0.198,140.035,4,death-metal,0.20011957823973164,0,0
4nzbkdiJ0GzxNUhVFz43j4,Atitude 67,Atitude 67 (Ao Vivo),Casal Do Ano (Plutão) - Ao Vivo,51,207853,False,0.704,0.865,4,-5.494,1,0.0678,0.489,0.0,0.863,0.817,146.067,4,funk,0.3344212844983453,0,0
7ozoh92RhH9OIxLRLNuCZF,Ava Max,New Pop Icons,Tattoo,0,159459,False,0.64,0.637,6,-5.228,1,0.0322,0.129,0.0,0.109,0.793,114.994,4,dance,0.2723142745622834,0,0
0h2KyPkIISeMMkA2X0eXU5,Darkthrone,Panzerfaust,Quintessence,46,456906,False,0.156,0.737,7,-5.273,0,0.0512,0.00393,0.000185,0.122,0.275,134.091,4,black-metal,0.31504002780997636,0,0
6HwJqelkpBmZrgheR9TMZz,Brujeria,Raza Odiada,Almas De Venta,25,131493,False,0.239,0.98,1,-8.176,1,0.164,0.000363,0.00103,0.319,0.139,95.544,4,death-metal,0.3535290470650059,0,1
5bNkTWNPZT0YrBjUiI6BHj,Gabriel Guedes de Almeida;Gabriela Rocha,Ele Vem (Ao Vivo),Ele Vem - Ao Vivo,47,518880,False,0.26,0.594,9,-6.845,1,0.0345,0.147,0.0,0.261,0.2,150.846,3,brazil,0.376952872506816,0,1
7IcIQ8ocTbLpVDDqQAVf3H,Sabri Brothers,Kya Yehi Pyaar Hai (Original Motion Picture Soundtrack),Chaahton Ki Duniya,35,444000,False,0.332,0.926,7,-6.956,1,0.0949,0.239,0.0,0.188,0.713,78.985,4,folk,0.3688335680788199,0,1
36vTiRM8xshvdtIK9jGlsY,Havoc Brothers,Kathal Fobia,Kathal Fobia,34,272547,False,0.925,0.548,5,-8.255,0,0.0868,0.592,0.0,0.15,0.519,102.986,4,malay,0.25004915676128076,0,0
6mcn8yWhqQ1nkfVAHVXFrz,The Kinks,Classics (The Best of The Kinks),You Really Got Me,38,132777,False,0.569,0.959,8,-3.703,1,0.0996,0.0911,0.00026,0.0809,0.96,137.394,4,psych-rock,0.22872186413320808,0,0
1Ic9pKxGSJGM0LKeqf6lGe,Nirvana,In Utero - 20th Anniversary Remaster,All Apologies,72,233173,False,0.446,0.632,1,-12.197,1,0.034,0.0793,0.000266,0.0881,0.359,113.176,4,grunge,0.2959183523846515,0,0
1qFmSPALGSoqjbwM3br4Rl,Hans Zimmer;Alan Walker,World Of Walker,Hummell Gets The Rockets - Alan Walker Remix,46,177238,False,0.523,0.698,10,-8.377,1,0.0777,0.0523,0.795,0.0794,0.0348,120.015,4,german,0.26227365437145805,0,0
1ubk4FS88dx180KNXHYqWw,UMEK,Vibrancy EP,Vibrancy - Original Mix,44,410268,False,0.515,0.925,1,-9.209,1,0.0825,0.000178,0.844,0.109,0.134,128.002,4,minimal-techno,0.2151839112730299,0,0
4rQSLX4qMiUWL81hEQOuPY,Randy Travis,Top 10,"Forever and Ever, Amen",63,212586,False,0.701,0.68,2,-8.492,1,0.0264,0.303,1.51e-05,0.159,0.704,90.607,4,country,0.23987961135991764,0,0
25NoxgRO60OnlrtJNm3OZ2,Chiara Sasso,A Pequena Sereia (Trilha Sonora Original em Português),Parte de Seu Mundo,42,197008,False,0.337,0.149,5,-14.073,1,0.0395,0.945,0.0,0.125,0.39,70.592,4,disney,0.662190577187484,1,2
1QF2cLdi0hsrXlzaNOmHoS,La Revolución De Emiliano Zapata,La Revolución de Emiliano Zapata 45 Aniversario,Nasty Sexo,28,380080,False,0.724,0.813,9,-5.53,1,0.0364,0.122,0.2,0.087,0.689,114.933,4,rock-n-roll,0.16026073570790839,0,0
4WnQ5mLFwGWb8zk6hvloEN,Toddler Tunes,More Songs for Kids: Classic Children's Music,The Phonics Alphabet Song,42,241250,False,0.88,0.609,8,-10.487,1,0.0418,0.147,0.0,0.127,0.795,120.019,4,children,0.23161097842219322,0,0
2W779g2UrRZtVdf3FcEOO1,Lyn Lapid,In My Mind,In My Mind,73,162794,False,0.668,0.392,2,-12.178,0,0.0585,0.789,0.00275,0.345,0.323,135.936,3,indie,0.406280501576831,0,1
7LNdvaauHad6Qiqexxgqdt,Stumbleine,Spiderwebbed,Solar Flare,9,234293,False,0.515,0.621,2,-8.369,1,0.0359,0.0168,0.341,0.127,0.0948,87.491,4,idm,0.41925333188417907,0,1
3XjAgiBvWBKu1tHSLTgffX,Anson Seabra,Feeling For My Life,Keep Your Head Up Princess,60,198220,False,0.689,0.143,6,-17.374,1,0.264,0.97,0.0,0.109,0.528,85.398,4,singer-songwriter,0.590473916600004,1,1
4YgEwanzISFU4xa27saTux,YUZU,Land,Reason,47,304320,False,0.363,0.819,7,-3.128,1,0.0634,0.0591,0.0,0.0988,0.468,122.527,4,j-pop,0.25565271938765527,0,0
5ITulM2hyTM1lRVRrw4iLa,Fire-Toolz,Eternal Home,Yearning = Alchemical Fire,16,158806,False,0.454,0.969,5,-7.841,1,0.044,0.0973,0.924,0.0999,0.19,136.985,4,club,0.2802903797413932,0,0
3whEd94HYT5iHKu2hYmk9K,Irem,Hayalet Sevgilim,Ne Olur Anla,43,221226,False,0.642,0.516,5,-7.957,0,0.0237,0.541,2.65e-06,0.0924,0.372,82.009,4,turkish,0.4329156411342435,0,1
1UnlBvfKYZ22zCx0gbSsgX,TRUE,Sincerely,Sincerely,41,275080,False,0.417,0.846,2,-3.377,1,0.0594,0.0311,0.0,0.233,0.466,143.994,4,anime,0.2931557538763574,0,0
4aPtouX0iuYfYs2hnuISTd,Fairlane;Kala,V,Intro (Save Me),0,111200,False,0.525,0.714,7,-5.727,1,0.0521,0.178,0.0815,0.528,0.456,150.111,4,dubstep,0.4180003090089556,0,1
7rYSoPWMuQKfMqcems4GGj,Porsche Love,Intentional Grounding,Intentional Grounding,0,220298,True,0.668,0.394,2,-12.825,1,0.0778,0.124,4.06e-06,0.0805,0.0998,133.855,4,sad,0.34543095620461717,0,0
3qNERYCjkBFyhYUNh4Hl9K,Maria Bethânia,As Grandes Décadas Da Música Popular Brasileira,Carcará,39,163160,False,0.653,0.679,11,-7.354,0,0.0714,0.673,0.000441,0.608,0.877,130.964,4,mpb,0.419678605533675,0,1
0iW6j69kd9YJSM66Lywz86,Akitsa,Goétie,Affront Final,23,300160,False,0.325,1.0,1,-5.453,1,0.0621,0.00065,0.0114,0.227,0.0441,171.806,4,black-metal,0.3415174577523733,0,0
30JEWgciN2BrDSe1uPR7bv,Morgan Evans,New Country Hits,Country Outta My Girl,0,202613,False,0.448,0.932,7,-4.424,1,0.0976,0.0174,0.0,0.347,0.709,187.813,4,country,0.32893699398607124,0,0
4eWJNtBuAF8RP3hmeNr6GG,Robert Hood,Mirror Man,A System Of Mirrors,7,459389,False,0.685,0.697,10,-12.305,0,0.0373,8.41e-06,0.896,0.069,0.148,129.999,4,chicago-house,0.29540574729131225,0,0
2xdQyyhUESOeww5ZsY434R,Mickie Krause,Karneval Klassiker,Eine Woche wach,0,235899,False,0.711,0.997,7,-3.078,1,0.075,0.0623,0.0,0.33,0.76,134.001,4,party,0.24216858802826566,0,0
4Gswlf1lBeiLZ2xLjDUnf8,The Supremes,Christmas Soul Classics,Little Bright Star - Stereo,0,146000,False,0.711,0.774,3,-6.769,1,0.0564,0.549,0.0,0.103,0.553,115.007,4,disco,0.41470351391391025,0,1
2Ryp5LkAWyJwRqoFd8N7Kk,brb.,move,move,62,148571,False,0.661,0.633,5,-8.819,0,0.052,0.0227,9.86e-05,0.104,0.782,104.934,4,chill,0.18800472489686426,0,0
6rgSSesTJGyjQuvx06l3jU,Spice,10,So Mi Like It,54,154038,True,0.722,0.628,5,-5.133,1,0.565,0.0837,0.0,0.11,0.797,120.554,3,dancehall,0.3477833075789514,0,0
74cd4aurG2HI8XkVcFn3FI,蔡國權,BTB-夢的預言-蔡國權,順流逆流,21,208680,False,0.509,0.411,4,-9.432,0,0.0321,0.564,0.0105,0.264,0.362,172.119,4,cantopop,0.5378741145241176,1,1
7E5eZ1ZGeqtIPIXIU5NceV,Otaku,Ghibli Lofi,Marco and Gina,62,109216,False,0.733,0.262,8,-16.316,1,0.0627,0.548,0.854,0.102,0.393,75.082,4,anime,0.45757650496332436,1,1
3w2XFt5i2uIgcomQCjkMNG,Höhner,Best Of Karneval,"Wenn nicht jetzt, wann dann?",0,192040,False,0.681,0.923,9,-4.365,0,0.0381,0.0729,0.0,0.0701,0.786,105.002,4,party,0.2335856749379557,0,0
5LijavVwy8OdMC3NmnRm6y,The Stranglers,No More Heroes,5 Minutes - 1996 Remaster,26,196866,False,0.405,0.937,6,-7.694,1,0.0722,4.43e-05,0.0751,0.14,0.523,147.207,4,synth-pop,0.30993445822880983,0,0
20tnxv4NAzTCayQQln3EZP,Sidhu Moose Wala;Afsana Khan,Dhakka,Dhakka,62,246818,False,0.731,0.727,4,-6.001,0,0.327,0.0907,2.67e-05,0.852,0.79,176.042,4,hip-hop,0.24331261048570924,0,0
3npxGyRpSmxS7mlN5ndjNS,Solomun,Something We All Adore,Something We All Adore - Original Mix,48,477120,False,0.812,0.579,11,-8.414,1,0.0524,0.000743,0.873,0.0972,0.521,119.992,4,techno,0.1224137940912646,0,0
5gQVrN1QvJ6YoVDnsTfb6g,The Paper Kites,On the Train Ride Home,Arms,53,203560,False,0.41,0.141,2,-18.564,1,0.0337,0.932,0.0898,0.118,0.24,149.888,4,folk,0.5425621785587021,1,1
4b9Wb0qiHD5wHuwACSSEcp,Laura Osnes,"On the Other Side, Pt. 1",On the Other Side,24,248858,False,0.506,0.395,0,-11.887,1,0.043,0.598,0.0,0.109,0.207,79.152,4,show-tunes,0.5125756402062515,1,1
47L7EinVbbEBraJE0MMnW9,Robert Hood,The Greatest Dancer,Dancer,35,422618,False,0.895,0.318,1,-7.992,0,0.0892,0.00298,0.913,0.063,0.0785,122.0,4,chicago-house,0.2371968278548463,0,0
75u8RkM5CGoMn5E3vJOdPt,Duke Ellington;John Coltrane,Best Christmas Songs 2022 | For under the Mistletoe,In A Sentimental Mood,0,256293,False,0.445,0.278,10,-11.882,0,0.0313,0.914,0.00577,0.101,0.262,99.058,3,jazz,0.5819468394279377,1,1
77u3cpprulNjIUYkjYwlhU,Ellie Goulding,Del gusto de mamá,Starry Eyed,4,176933,False,0.51,0.816,5,-5.331,0,0.0352,0.13,8.66e-06,0.224,0.588,149.929,4,electro,0.31139011083035734,0,0
6Dtl4TnL9buWnPr3om1tPV,Korsakoff,Korsakoff Pres. Pink Noise,About You,19,286875,False,0.55,0.956,1,-5.166,0,0.0869,0.427,0.163,0.0707,0.266,150.031,4,happy,0.33459969909446474,0,0
3cbkMdsKSzzEurCreCRv97,Luciano,Sweep Over My Soul,Ulterior Motive,28,250826,False,0.619,0.743,0,-8.492,1,0.29,0.0251,2.82e-06,0.116,0.669,161.507,5,dancehall,0.3215400398484452,0,0
2w7LbnZdWCG9Ux7gzVbQFC,Levent Yüksel,Aşk Mümkün müdür Hala?,Aşk Mümkün Müdür Hala?,39,243253,False,0.629,0.732,9,-4.179,1,0.0497,0.605,5.72e-05,0.193,0.449,100.025,4,jazz,0.37035775652336256,0,1
2pYvd6cHcAIMAM6xMD6nok,Bonobo;Rhye,Migration,Break Apart,56,274693,False,0.648,0.458,5,-15.169,1,0.0311,0.864,0.0944,0.366,0.0848,119.96,4,trip-hop,0.45161720986447257,1,1
0snHlyyyUp2hKYEz7ffmkx,Ricky Nelson,Ricky Sings Again (Expanded Edition / Remastered),Never Be Anyone Else But You - Remastered,50,136266,False,0.577,0.45,0,-10.327,1,0.0352,0.127,7.28e-05,0.138,0.711,141.703,3,rock-n-roll,0.24487388958118364,0,0
3fMDHUTsNUafxdHduP61Lj,Hybrid Minds;Mimi Page;Phil Tangent,Mountains (Remixed),Starlet - Phil Tangent Remix,15,340117,False,0.628,0.83,2,-5.79,0,0.0419,0.00643,0.925,0.0737,0.122,87.487,4,drum-and-bass,0.2772437781834482,0,0
4H2GYxGRMKTsbDRzcjbjCp,End It,One Way Track,One Way Track,30,135530,False,0.244,0.939,2,-3.156,1,0.126,0.000255,0.699,0.343,0.394,177.634,4,hardcore,0.3751261889301226,0,1
12ZQDjdwqcnLjYPehMwZ9J,Hjalle & Heavy,2 Säsongen - På Rymmen,Mer O Mer O Mer,36,295466,False,0.428,0.873,0,-5.444,1,0.0361,0.027,0.0,0.0956,0.871,146.85,4,punk,0.32546379167706474,0,0
6fcC2m2lyPIi8LKxrh6Eao,frek!,strawberry fields,strawberry fields,5,112528,False,0.635,0.494,5,-9.74,0,0.054,0.598,0.8,0.124,0.0918,129.395,4,study,0.49019485275760705,1,1
5so1wKv1JCcpllBGxrOjjL,David Guetta;Sam Martin,EDM Hits,Dangerous - David Guetta Banging Remix,0,367786,False,0.698,0.931,11,-4.32,0,0.0595,0.0237,0.852,0.0767,0.0825,128.004,4,pop,0.15452272589891133,0,0
6Lczg2BmZlW4DlnKpFM5B0,Hins Cheung,Love & Living,披星戴月,45,243386,False,0.549,0.4,5,-8.61,1,0.031,0.86,0.0,0.0887,0.238,128.002,4,cantopop,0.4878827819721684,1,1
2liYVax3XLeHf0pOmYe08R,Louis Armstrong;The Commanders,Christmas Classics,Cool Yule,0,176699,False,0.568,0.505,0,-8.041,1,0.128,0.676,1.67e-05,0.516,0.692,149.439,4,jazz,0.4867775562114711,1,1
5L8R2cyft2HfQ1IlfVAbcz,Sultan + Shepard,"Something, Everything",Salta,63,222250,False,0.653,0.604,7,-10.177,0,0.0327,0.0448,0.908,0.255,0.0768,119.98,4,progressive-house,0.26774976457219474,0,0
5TKbTK3D2GxFy0PxZv8igD,The Beach Boys,Christmas 2022,God Only Knows - Mono / 1997 Remastered,0,173040,False,0.524,0.487,6,-7.525,0,0.0299,0.253,0.0,0.0579,0.482,117.108,4,psych-rock,0.33941201896399775,0,0
2dE38SXWT06ER3n3fUeJ3k,Hypocrisy,Hypocrisy,Reversed Reflections,20,265293,False,0.279,0.853,0,-5.483,1,0.0509,4.9e-06,0.00119,0.286,0.287,149.933,4,black-metal,0.3453067660075063,0,0
1okI0EddpA2UxVY4hBw4PA,Solarstone;Nall,Seven Cities (Nall Remix),Seven Cities - Nall Remix,48,208803,False,0.527,0.823,0,-8.581,1,0.0341,0.367,0.954,0.133,0.14,122.011,4,trance,0.37891265526600715,0,1
3bKyHbSwgDCcQAuGFUjiIK,Maelo Ruiz,Uniquehits,Nadie Igual Que Tu,34,339800,False,0.637,0.737,11,-7.881,0,0.0352,0.618,1.42e-06,0.0674,0.884,169.642,4,salsa,0.29924351915193603,0,0
5xPqG3KrBkIGarQQCDKfxC,Seiko Matsuda,風立ちぬ,風立ちぬ(SEIKO STORY〜80's HITS COLLECTION〜),31,275746,False,0.588,0.71,10,-6.249,1,0.0291,0.412,0.0,0.379,0.646,131.537,4,j-idol,0.28136955386631546,0,0
5POo0zRDYRZhU0SMs49Rfo,Sodagreen,夏 / 狂熱,他夏了夏天,40,304600,False,0.525,0.683,9,-6.509,1,0.0304,0.136,0.0,0.0904,0.746,124.982,4,mandopop,0.34695246606693997,0,0
1B4KDy5VAXxR8FayLvWlJu,mehro;AWAY,like you're god (AWAY Remix),like you're god (AWAY Remix),47,185142,False,0.663,0.446,11,-8.009,0,0.348,0.288,0.00524,0.324,0.221,139.6,3,songwriter,0.433651371029791,0,1
7zaaRwq2t9Q4Iev542kjpX,Last Days Of Humanity,Horrific Compositions of Decomposition,Molecular Pathological Epidemiology of Colorectal Neoplasia,12,46420,False,0.211,0.988,5,-4.83,0,0.219,0.000304,0.0364,0.839,0.0928,140.742,1,grindcore,0.5042203309760993,1,1
4jJ3rcbPevOdXr6hFIVW45,Swingin' Utters,A Juvenile Product of the Working Class,Windspitting Punk,35,134800,False,0.284,0.959,1,-6.02,0,0.123,0.00142,0.000146,0.0866,0.665,174.296,4,punk,0.4159315519187325,0,1
467P6VTWV2nEE0lSIYJQtC,Specktakel,Ballermann Hits 2022,Ich sauf den ganzen Tag,36,191041,False,0.732,0.934,3,-2.281,1,0.226,0.05,0.0,0.103,0.804,140.07,4,party,0.182434103626297,0,0
7jzJD8kTMk4GIBvBNR2VYo,Fritz Kalkbrenner;Yubik,In The Morning (Yubik Remix),In The Morning - Yubik Remix,0,344477,False,0.808,0.505,9,-10.658,0,0.0387,0.00403,0.776,0.0946,0.194,121.989,4,minimal-techno,0.25828609816822895,0,0
370DsdByLaSOeWyruZbiJT,Talib Kweli,The Hip Hop Collection,Listen!!! - Radio Edit,0,207946,False,0.719,0.794,6,-6.965,1,0.302,0.0239,0.0,0.46,0.632,98.046,4,hardcore,0.3436116067520787,0,0
1KDn3bRyqCX4YimGrqsJ0C,Pink Sweat$,Running Songs,I Feel Good,0,136058,False,0.803,0.75,11,-4.67,1,0.0551,0.0233,3.87e-05,0.045,0.628,106.0,4,chill,0.28646970900533975,0,0
0vz6zBI9fKo2vTWCUJKz4P,IZAL,Hogar,Inercia,55,227808,False,0.588,0.652,1,-7.875,0,0.031,0.0322,4.41e-05,0.103,0.217,143.974,4,spanish,0.18635934011958136,0,0
2d0MD0qqYEdGSvqgLHNiDR,Hiroaki Tsutsumi;Toft Willingham;Chez;Jessica Gelinas,『劇場版 呪術廻戦 0』オリジナル・サウンドトラック,Greatest Strength,52,192640,False,0.263,0.459,6,-8.696,0,0.0349,0.0875,0.00104,0.105,0.152,86.297,4,anime,0.38496549788388235,0,1
1UprRw114SQfZLpz35XdBl,Los Moonlights,15 De Los Moonlights,Con la Luna Llena (In the Misty Moonlight),29,154400,False,0.519,0.247,5,-16.248,1,0.0355,0.157,0.0,0.414,0.783,116.011,4,rock-n-roll,0.45859708467095783,1,1
0s9PamCNwYSK5hjmlUZtNZ,Sian,Midnight / Energy,Midnight,41,276000,False,0.795,0.895,10,-5.024,0,0.0495,0.000168,0.87,0.093,0.192,120.01,4,techno,0.20189578933165014,0,0
23sehjUVTKJTzYQDJqJFXr,C-Kan,Voy Por El Sueno de Muchos,Dejame Conocerte,53,297978,True,0.85,0.731,0,-5.479,1,0.0871,0.196,0.0,0.488,0.898,129.978,4,latin,0.26963001204103026,0,0
507bYMYfbm6sUS9iEAaeSd,Seether;Amy Lee,Disclaimer II,Broken,70,258333,False,0.448,0.61,3,-2.695,0,0.0342,0.0102,0.000491,0.135,0.214,123.762,4,metal,0.3484849870439387,0,0
2vnGorXYbAzIBijgWjzErl,Ándrue;Mythos 'N DJ Cosmo,The Heart of the Ocean,The Heart of the Ocean,32,355009,False,0.587,0.915,11,-4.893,0,0.0322,0.0116,0.602,0.255,0.165,138.026,4,electronic,0.2685768132070892,0,0
13YE1VSvQ4t7wWCPlpK1Uw,AKB48,ここにいたこと(初回限定盤),ヘビーローテーション,48,283386,False,0.319,0.927,1,-2.64,0,0.0549,8.98e-05,0.0941,0.325,0.233,178.081,4,j-idol,0.22322778315969516,0,0
4BCbJuo6vNR6zsgaf7hath,Alcest,Spiritual Instinct,Les jardins de minuit,39,473000,False,0.179,0.796,10,-8.652,1,0.0412,4.79e-06,0.832,0.109,0.178,146.175,4,black-metal,0.2755268986043805,0,0
7AI9h4MlWyZdXTKVPbdBHd,Ronald El Killa;Antuan,La Invasion,La Última Vez (feat. Antuan),41,204519,False,0.818,0.558,7,-8.568,1,0.122,0.00423,1.51e-05,0.313,0.848,161.99,4,latino,0.3077510903379082,0,0
0UOxp1BpnD8uPQMKU4wKjz,Eric Clapton,461 Ocean Blvd. (Deluxe Edition),I Shot The Sheriff,63,263746,False,0.73,0.639,7,-11.025,0,0.0524,0.0853,0.00221,0.102,0.658,94.395,4,blues,0.18934126415913433,0,0
0yy3WShigK5eqAmhS4aRwz,Daddy Yankee;Bad Bunny,Feliz Cumpleaños con Perreo,X ÚLTIMA VEZ,1,192477,True,0.812,0.855,7,-3.725,1,0.0554,0.0789,0.000167,0.108,0.573,90.04,4,latin,0.24076433287968882,0,0
3qT4bUD1MaWpGrTwcvguhb,Led Zeppelin,Led Zeppelin IV (Deluxe Edition),Black Dog - Remaster,74,295386,False,0.437,0.864,4,-7.842,0,0.0904,0.396,0.0314,0.242,0.749,81.394,4,hard-rock,0.2949515948791574,0,0
5KPjrk4LADrGKL2PSSU1lS,RaeLynn,Finest Country,Lonely Call,0,224106,False,0.588,0.722,6,-4.667,1,0.0289,0.0663,0.0,0.0721,0.243,145.926,4,country,0.3417500574875912,0,0
3PCUdfQ0MdU8tkzi2uN6wr,Vivian Chow;Leon Lai,萬千寵愛30首,真愛在明天,24,243373,False,0.543,0.297,10,-12.371,1,0.0313,0.444,0.0,0.371,0.266,135.978,4,cantopop,0.42316564765941445,0,1
4BZXVFYCb76Q0Klojq4piV,MAMAMOO,TRAVEL,AYA,64,211280,False,0.634,0.858,4,-2.226,0,0.0809,0.101,8.56e-06,0.258,0.637,91.688,4,k-pop,0.1314640484816447,0,0
7N02vK6QmHRiMVa6oy3HUA,Stanton Lanier,Open Spaces,Spirit of Grace,28,224840,False,0.377,0.19,6,-21.428,1,0.0552,0.989,0.887,0.0965,0.173,116.84,4,new-age,0.5664749160633407,1,1
5OQsiBsky2k2kDKy2bX2eT,Foo Fighters,There Is Nothing Left To Lose,Learn to Fly,77,235293,False,0.465,0.919,4,-4.025,1,0.0408,1.83e-05,2.07e-05,0.262,0.537,135.997,4,alt-rock,0.27273033310591327,0,0
1XDOGk0XzrBIZboUMvfRNr,Lil Peep;Horse Head,HELLBOY,girls,62,240440,True,0.645,0.698,0,-6.063,0,0.0543,0.557,0.0,0.111,0.259,120.048,4,emo,0.25128345775046307,0,0
1F32ETzCVozARhgkRTjuyA,Moderatto,Halloween 2022 Pop Vol. 2,Gracias,0,231719,False,0.531,0.906,6,-4.791,1,0.0352,0.0286,4.66e-05,0.101,0.347,125.08,4,alternative,0.28642318729796906,0,0
5VCiHDSwirlQ3yGZAcW8sh,Lalo Ebratt;J Balvin;Trapical,Halloween 2022 Perreo Vol. 1,Mocca - Remix,0,202876,True,0.732,0.758,11,-1.694,1,0.189,0.214,0.0,0.388,0.78,98.007,4,reggae,0.35265615676421264,0,1
6nwAubYnLGl7F7cDuOoVLp,Mobb Deep,Murda Muzik,Quiet Storm,61,265493,True,0.79,0.728,2,-9.221,1,0.391,0.366,0.0,0.112,0.403,96.978,4,hardcore,0.33453509868512776,0,0
2o3x3qG1XgKutD5IZPTPgA,Justin Quiles;Robin Schulz,Brandneu Dance,AEIOU,0,161880,False,0.689,0.856,5,-3.394,0,0.0813,0.0493,0.0,0.232,0.706,126.108,4,latino,0.2778755936358849,0,0
07kDtwDS2Tg1P9Vyp9YNRS,Retrospect,Soul Of The Beat,Soul Of The Beat,19,192189,False,0.493,0.928,11,-3.883,1,0.0501,0.000311,0.000351,0.285,0.284,150.044,4,hardstyle,0.28879588625210817,0,0
6M61Wwn20lMTDOWIE28HtL,Project AER;v i v,How Are You? I'm Okay,Little Lights,5,166999,False,0.547,0.163,6,-19.722,0,0.0294,0.842,0.946,0.166,0.179,129.978,4,ambient,0.47691825875506705,1,1
1JiKG47wsKUFSJwzmSkMwN,Attaque 77,Karmagedon,Cartonero,44,192693,False,0.5,0.831,5,-4.582,0,0.0383,0.00718,0.0,0.275,0.813,169.874,4,punk-rock,0.28952132494361743,0,0
6n59WaykQ1wvFJNti0N4jd,Angband,Saved from the Truth,Saved from the Truth,0,359960,False,0.32,0.968,8,-4.709,1,0.173,0.00372,0.00508,0.453,0.276,154.324,4,iranian,0.3869612003719777,0,1
42nq6tG2mUQQhkBIM0kPuu,Traditional;London Philharmonic Orchestra;The London Philharmonic Chorus,"Classical Christmas, Vol. 2",The Trumpet Shall Sound (Remastered 2014),0,262663,False,0.373,0.289,2,-11.743,1,0.0384,0.935,0.594,0.547,0.262,131.174,3,sleep,0.6863745400736104,1,2
0tu4zWxyFV1Djbf4hLY3xP,Kazuyoshi Saito,深夜高速 -生きててよかったの集い-,深夜高速,26,326706,False,0.474,0.727,2,-5.892,1,0.0329,0.123,2.82e-06,0.244,0.83,79.633,4,acoustic,0.3696351878794256,0,1
0pOTSxN5XLKvkFGkJHo4Ff,Helen Sjöholm,JULMUSIK,Koppången,1,211733,False,0.26,0.144,7,-12.935,1,0.0397,0.893,0.0,0.296,0.241,168.461,3,swedish,0.7613463757502801,1,2
1bFUwEfAmklgCwoPx2Ibi8,Genevieve Stokes,rainy day indie,Habits,1,136733,False,0.663,0.287,9,-9.469,1,0.0344,0.854,6.85e-06,0.346,0.438,82.457,4,indie-pop,0.450365188610883,1,1
1eG6ogBMDCT36ciEocKV8V,Lucille Croft,Seduce / Destroy,Seduce / Destroy,52,182857,False,0.625,0.808,8,-3.321,1,0.0333,0.000478,0.28,0.163,0.27,105.005,4,club,0.19058024031571288,0,0
2sWCKLm6qrQ4Hu6Lkrh2Xb,Nikolai Erdenko,Лучшая цыганская музыка. Часть четвертая,Солнышко,0,213720,False,0.264,0.167,7,-20.194,0,0.0354,0.943,0.517,0.29,0.108,109.73,3,romance,0.7060005884689583,1,2
7dtz7hmAi1d7B2Dnmx7bWX,Ceephax Acid Crew,World Dissolver,Legend of Phaxalot,12,210634,False,0.617,0.835,2,-10.861,1,0.0371,7.98e-06,0.742,0.103,0.523,125.001,4,idm,0.32842225913360223,0,0
1VGVVpAaeSVxcTNXBn5Okb,Comunidade Católica Shalom,Ressuscitou (Liturgia),Belíssimo Esposo,45,426906,False,0.547,0.229,9,-8.393,1,0.0284,0.821,0.0,0.119,0.293,84.025,4,brazil,0.3914268479725101,0,1
1hoGjrg68nMJcs5C7r7X0X,Damon Paul,Feel the Beat,Feel the Beat,18,171428,False,0.776,0.924,8,-7.158,1,0.0528,0.0321,0.0666,0.192,0.314,126.013,4,minimal-techno,0.12122816749854175,0,0
3ATMIyGvkoR8yTeqFCiHFl,Justin Bieber,Weihnachten Musik,Mistletoe,2,183066,False,0.623,0.668,6,-7.282,0,0.0531,0.475,0.0,0.0862,0.823,161.948,4,pop,0.5038803099777914,1,1
78ibI5Q8xHs4qYwD0OM2Sw,"Tito ""El Bambino"";Beenie Man;Ines",Perreo en Halloween,Flow Natural,2,173866,False,0.831,0.789,0,-5.498,1,0.0661,0.121,0.0,0.328,0.826,101.037,4,reggae,0.20242625162366812,0,0
5mRrmbBRlDJAITwT9IavA2,Dave and Ava,"Dave and Ava Nursery Rhymes and Baby Songs, Vol. 3",Hush Little Baby,37,154000,False,0.62,0.255,4,-12.163,1,0.0281,0.937,0.0,0.0918,0.25,91.988,4,children,0.3958416358151108,0,1
1Rw0Qt5vESmeQAt5SIgJxC,Raghu Dixit,Krishnarjuna Yudham,Urime Manase,44,277918,False,0.39,0.802,0,-3.816,1,0.0537,0.0632,8.54e-06,0.383,0.237,68.439,4,k-pop,0.3790306099469932,0,1
1Gwwh7r2kfoRUja11QsJGk,ONE OK ROCK,Luxury Disease (Japanese Version),So Far Gone,55,215465,False,0.457,0.705,6,-5.554,0,0.028,0.00318,0.0,0.314,0.402,166.036,4,j-rock,0.2649135808410277,0,0
1KPAtV3E11Y3pbnzUOtO0d,KSW;Arijit Singh;Shreya Ghoshal;Shaarib Toshi;Jawad Ahmad,Samjhawan (Lofi Flip),Samjhawan - Lofi Flip,58,227100,False,0.58,0.418,4,-10.307,1,0.0295,0.453,0.00151,0.28,0.168,107.031,4,indian,0.34115551590235504,0,0
2MzlgCHg6QlImyLeT38B5A,Billy Squier,Christmas Playlist 2022,"Christmas Is The Time To Say ""I Love You""",0,174780,False,0.505,0.687,1,-11.207,1,0.0462,0.234,0.0,0.874,0.72,104.315,4,metal,0.46018726841927,1,1
29OndNHNt4cyEm0CzpKRkG,Ellie Goulding,Fifty Shades Of Grey (Original Motion Picture Soundtrack),"Love Me Like You Do - From ""Fifty Shades Of Grey""",59,250266,False,0.258,0.659,5,-5.903,0,0.0596,0.253,0.0,0.111,0.272,189.558,4,electro,0.40790042763198703,0,1
3q3lxI83Wr6wI2VprOigYr,Shannon & The Clams,Onion,I Never Wanted Love,32,219306,False,0.571,0.811,6,-5.978,0,0.0389,0.108,0.524,0.191,0.887,112.259,4,garage,0.37085651570570677,0,1
4q7jvS0znF9gBVk7WblXnm,Dabin;Mokita,Between Broken,Drown,43,258678,False,0.368,0.754,1,-5.185,1,0.0502,0.00928,0.0,0.256,0.281,169.881,4,dubstep,0.27534765589620214,0,0
6l8mSWXw3Jy7TvM0r8W6LR,yaeow,Behind the Clouds,Behind the Clouds,51,160000,False,0.579,0.109,3,-16.129,1,0.0379,0.938,0.0344,0.108,0.276,134.98,4,chill,0.36387495281109417,0,1
1sdyW1xVlI4nE4bmUCOz9r,Charlie Cruz,Imagínate,Bombón De Azúcar,30,292613,False,0.69,0.789,9,-5.274,1,0.0494,0.449,0.0,0.112,0.872,102.585,4,salsa,0.33686613713487734,0,0
3YoXksESEwIkPsH1gZBq4r,COUCOU CHLOE,NOBODY,NOBODY,52,116756,True,0.844,0.788,11,-7.043,1,0.136,0.0905,0.000656,0.0839,0.536,110.988,4,club,0.13728357560052976,0,0
6RLT4oQWaW3WiBmuTFBZnI,Volbeat,Halloween Spooky Party 2022,The Devil's Bleeding Crown,0,238653,False,0.321,0.909,11,-4.612,1,0.041,1.62e-05,0.139,0.0442,0.209,109.653,3,metal,0.435594202086991,0,1
7tbzfR8ZvZzJEzy6v0d6el,Ritviz,Dev,Liggi,68,181176,False,0.786,0.667,5,-8.272,1,0.054,0.0112,0.053,0.074,0.688,102.046,4,edm,0.23118811633034386,0,0
3kEh9TMdS1HZACClTCP7jp,Gorgon City;EVAN GIIA;Snakehips,Olympia (Remixes),Burning - Snakehips Remix,56,179080,False,0.654,0.876,8,-4.6,0,0.0673,0.0223,0.00345,0.0844,0.466,123.899,4,garage,0.25783365017230125,0,0
1qG5YcviyX2U4vQti2QDQH,Dean Martin,pov: you rock around the christmas tree,Let It Snow! Let It Snow! Let It Snow!,0,115240,False,0.484,0.332,1,-10.312,1,0.037,0.787,0.0,0.373,0.683,134.999,4,jazz,0.5712114386034399,1,1
1fS2x4kXEsfLMPN6p5Was4,Ne-Yo,Halloween Hits,Beautiful Monster,2,251133,False,0.722,0.826,5,-5.464,0,0.108,0.227,4.06e-06,0.222,0.494,127.929,4,dance,0.27218977183355414,0,0
1eqdiz5chKkoa7BWmDYPBI,André Rieu;Johann Strauss Orchestra,Viva Olympia (Live),Amigos Para Siempre - Live,20,301333,False,0.179,0.657,6,-6.959,1,0.0692,0.887,0.0,0.975,0.293,79.059,3,opera,0.5958202291746352,1,1
2zI4py4xY6v4vIrAlR6GtP,Paul van Dyk,For An Angel,For An Angel - PVD Angel In Heaven Radio Edit,58,233243,False,0.668,0.982,9,-7.979,0,0.0331,0.0437,0.849,0.887,0.591,138.223,4,techno,0.17085301667170216,0,0
0OBwxFLu6Yj61s2OagYbgY,ZZ Top,Eliminator,Gimme All Your Lovin',71,241080,False,0.63,0.788,5,-6.7,1,0.0298,0.00322,0.0237,0.0883,0.63,120.059,4,blues,0.127318225536395,0,0
4JCk2YlVoiIfsYLZbYZSOs,Rik Gaynor,Kids That's A Party!,Supermarket Sweep,11,221675,False,0.688,0.866,6,-6.285,1,0.104,0.0207,0.00334,0.216,0.901,141.958,4,kids,0.22735245326338036,0,0
67D4E7jOf6ibhDnryHhjp6,Pet Shop Boys,80's,Always on My Mind,0,234906,False,0.534,0.782,7,-10.611,1,0.0365,0.0116,0.0552,0.186,0.728,124.867,4,synth-pop,0.36666085215548994,0,1
6XyjwF7CAwuEaW77noJr6I,Beach Fossils,Clash the Truth,Sleep Apnea,63,146293,False,0.553,0.685,2,-10.624,1,0.0266,0.145,0.859,0.138,0.491,79.998,4,garage,0.2857690104377432,0,0
7fjogJNNk2hCWtAKoTRIPr,Yung Buda,Zero,Digimon,48,209305,True,0.872,0.627,0,-9.392,0,0.178,0.272,0.0259,0.0956,0.853,129.014,4,brazil,0.22792203361853158,0,0
7lvUf1BLEZuuwhbc9xeR12,Burna Boy,Pop Hits Now,Last Last,0,172342,False,0.795,0.565,3,-4.457,0,0.0948,0.131,0.0,0.0802,0.55,87.925,4,dance,0.24123835066401234,0,0
58FsmlVRQxpjFmXF8vSKMT,Maribou State,Kingdoms In Colour,Vale,63,247622,False,0.693,0.67,11,-8.863,0,0.0425,0.388,0.772,0.152,0.725,145.01,4,electronic,0.28493901448839554,0,0
6kLC6dq44QyIlHGdVM6Lb7,Atitude 67;Tássia Holsbach,Atitude 67 (Ao Vivo),Desarrumar - Ao Vivo,48,210973,False,0.694,0.867,4,-5.603,1,0.0793,0.531,0.0,0.189,0.642,169.996,4,funk,0.30672492978347987,0,0
0gzu5mm36VJH2Zqu8sQPTf,Badshah;Payal Dev,Genda Phool (feat. Payal Dev),Genda Phool (feat. Payal Dev),62,170769,False,0.955,0.538,1,-8.394,1,0.0734,0.132,0.00146,0.0704,0.837,116.977,4,hip-hop,0.27444349222331693,0,0
4M7cwc9BrGlSQzSxwx6x0P,Mary J. Blige,A Merry Modern Christmas,"Rudolph, The Red-Nosed Reindeer",0,147413,False,0.468,0.565,7,-5.615,1,0.101,0.522,0.0,0.0517,0.581,140.941,4,soul,0.4322403518607709,0,1
2uUg1JAYcIyUcSAOxK0DmI,Die Toten Hosen,All die ganzen Jahre: Ihre besten Lieder,Auswärtsspiel,37,155946,False,0.316,0.967,5,-2.807,1,0.0612,0.0339,6.16e-06,0.357,0.571,171.017,4,german,0.36153736623641963,0,1
6kykAmLzRQI5ozXjujslWo,The Shins,Home For Christmas 2022,Wonderful Christmastime,0,146520,False,0.634,0.689,11,-5.406,1,0.0307,0.0109,0.0,0.114,0.899,140.071,4,alt-rock,0.25416100726254137,0,0
6T15qWkGDGlE9vTkvoT4oZ,Super Simple Songs,Baby Shark & More Kids Songs,Five Little Ducks,63,152224,False,0.956,0.34,6,-10.195,0,0.0487,0.0614,0.0,0.0596,0.593,116.006,4,children,0.17898501236459824,0,0
3T0oPETOdddxJ2xTt2qJe4,Arjun Kanungo;Momina Mustehsan,Aaya Na Tu,Aaya Na Tu,70,210000,False,0.665,0.539,11,-7.213,0,0.0474,0.825,5.85e-06,0.121,0.368,110.101,4,hip-hop,0.4170307819600177,0,1
6No37VaxVh6HHEozjauEbk,吳青峰;Dr. Jean-Loup Ringot,馬拉美的星期二,(......老頑固博士)(feat. Dr. Jean-Loup Ringot),39,143929,False,0.676,0.434,4,-5.719,0,0.0391,0.566,0.000123,0.0526,0.567,140.094,4,mandopop,0.3660796057960255,0,1
445m5XCtJTfGBQF11YfSyW,Have Fun Teaching,Alphabet Songs,Letter J Song,10,203880,False,0.942,0.663,2,-4.411,1,0.149,0.0194,8.23e-05,0.267,0.751,135.031,4,kids,0.2573264189129605,0,0
79mxN61Rhw4zAuvWLehld3,Hadise,Düm Tek Tek,Stir Me Up,51,208375,False,0.681,0.809,6,-5.285,1,0.35,0.0677,1.44e-05,0.114,0.449,210.095,4,deep-house,0.2350074614750589,0,0
1JmlZodBeJCzYsUMROca9M,Riley Green,Country USA,Jesus And Wranglers,0,183560,False,0.579,0.754,4,-5.249,1,0.0261,0.00805,0.0,0.0803,0.734,124.036,4,country,0.2561254001979215,0,0
3wWsdGGuCPmB6iwTFkIPnv,Omar S,Thank You for Letting Me Be Myself,Tardigrade's,8,261915,False,0.823,0.877,10,-10.498,0,0.0621,0.0407,0.905,0.0956,0.129,123.986,4,detroit-techno,0.16961069554613548,0,0
4R8BdwRidxAWaYyFNU00P1,Ruelle,Up In Flames,War Of Hearts,71,226216,False,0.479,0.781,9,-6.344,0,0.124,0.221,0.55,0.0964,0.258,147.961,3,indie,0.3338226112902842,0,0
6H1hnJRQOGQ9djPL3jNu9G,G. V. Prakash;Shakthisree Gopalan,Raja Rani (Original Motion Picture Soundtrack),Imaye Imaye,64,208440,False,0.504,0.364,1,-9.277,0,0.03,0.893,7.88e-05,0.0904,0.365,149.819,4,pop,0.4238657173376529,0,1
50cqdAwLjPgMPoVly0hzlz,Washington Brasileiro,Fala pro Papai,Fala pro Papai,38,162132,False,0.768,0.893,1,-3.979,1,0.0426,0.358,0.0,0.254,0.927,133.058,4,forro,0.2568108894845412,0,0
5uHy68Q7ZWe8Qq9k7EAprS,Karan Aujla,Sheesha,Sheesha,72,160851,False,0.708,0.672,6,-7.493,0,0.0582,0.322,0.0,0.135,0.399,93.886,4,pop,0.2376287938519006,0,0
6LOBCrIpUtcw54KXHWCY70,The Hives,Blood Red Moon,Blood Red Moon,29,271546,False,0.579,0.642,9,-8.01,0,0.0302,0.58,0.000191,0.155,0.428,126.341,4,garage,0.40047247553992915,0,1
6xB180dd0R1L54apgTLLGD,Hermetica,Victimas del Vaciamiento,Cuando Duerma la Ciudad,34,288733,False,0.444,0.465,11,-13.632,0,0.026,0.000152,0.0349,0.0633,0.28,80.802,4,heavy-metal,0.31103316951942445,0,0
4UC1T8tVQOz9USey3gS2FO,Andy Montañez,Ritmo Bonito,Me Gusta,0,363440,False,0.565,0.816,5,-6.814,0,0.0396,0.705,0.0002,0.0853,0.933,89.599,4,salsa,0.3134513734480029,0,0
0vCbiMfsdCBKups1wFv95u,Inner City;Idris Elba;Kevin Saunderson;Latroit,We All Move Together (Kevin Saunderson x Latroit Remix),We All Move Together - Kevin Saunderson x Latroit Extended Remix,6,261803,False,0.749,0.723,11,-5.381,0,0.0575,4.57e-05,0.758,0.636,0.432,126.006,4,detroit-techno,0.32811651550880955,0,0
2LmlWcZYUEmpGXExVMez4c,Jah Vinci,Strictly The Best Vol. 40,Baby Girl I Am Alone,25,212373,False,0.595,0.62,0,-6.697,1,0.0723,0.178,0.0,0.348,0.295,139.814,4,j-dance,0.31815207339784346,0,0
1GmMrJoxbF13PliZnpeXcy,Hardwell;Jason Derulo,United We Are,Follow Me,45,200028,False,0.51,0.786,6,-2.883,1,0.0471,0.0114,0.0,0.0731,0.409,128.059,4,progressive-house,0.30934532703654727,0,0
1Q5d3X55pI7nBXYAdZ0g8Z,黃敏華,關不掉的聲音,堤岸,20,218733,False,0.549,0.478,0,-6.186,1,0.0276,0.783,0.0,0.255,0.341,125.917,4,cantopop,0.42211095160109946,0,1
6CADlj5HsdrPnwR2oaFM1X,Unholy Grave,Angry Raw Grinder (Ltd Ed Vinyl LP),Confession,12,75026,False,0.304,0.959,3,-8.706,0,0.0829,0.232,0.974,0.826,0.0623,101.764,4,grindcore,0.44729150257411177,0,1
4b7RdgoJT9BaSk4drBMZJx,Wolfgang Amadeus Mozart;Wiener Mozart Ensemble;Willi Boskovsky,Mozart: A Night of Classics,"Minuet in D, K.94 (Orch. Erik Smith)",10,79000,False,0.439,0.0592,2,-21.971,1,0.0436,0.864,0.0588,0.41,0.337,117.939,3,classical,0.5277849617001146,1,1
5UvLQncwvEGiRLn0xEZw45,Sub Focus,Off The Ground,Off The Ground,67,242750,False,0.582,0.791,0,-3.643,0,0.0427,0.0296,0.105,0.118,0.0422,174.01,4,drum-and-bass,0.20084206134800392,0,0
2JtLVLcBKBoMoM3C8OMtu4,Ilan Bluestone;Maor Levi;EL Waves;Spencer Brown,Scars (Remixed),Will We Remain? - Spencer Brown Remix,46,365714,False,0.789,0.701,6,-6.582,0,0.035,0.00202,0.418,0.117,0.326,126.005,4,trance,0.18119944744449418,0,0
3I6YAtdvo6izQspo623T7X,Leonard Bernstein,Fiesta temática 80s,West Side Story: XIII. Scherzo,0,91066,False,0.43,0.0341,5,-24.869,1,0.0565,0.81,0.531,0.109,0.158,157.791,5,classical,0.6371362616220604,1,2
0suLngfo7rJoetk7Ub6N8l,The Beatles,Abbey Road (Remastered),Octopus's Garden - Remastered 2009,63,170720,False,0.626,0.512,1,-9.15,0,0.0247,0.155,4.65e-05,0.215,0.73,92.225,4,british,0.24653237261948518,0,0
0kDnxx7H1yiFtyel6Mvczh,Léo Delibes;Razumovsky Symphony Orchestra;Andrew Mogrelia,Delibes: Sylvia (Complete Ballet) / Saint-Saens: Henry Viii,Sylvia: Act I: Les chasseresses (Fanfare),21,193160,False,0.354,0.131,3,-21.506,1,0.0337,0.951,0.631,0.178,0.346,83.17,4,opera,0.6032004309497374,1,2
3oxGJdepSlIwJxjyvtPxXT,Jhayco;J Balvin;Bad Bunny,Homecoming Latin Party,No Me Conoce - Remix,0,309120,False,0.804,0.786,10,-3.837,0,0.0735,0.144,0.0,0.0928,0.575,91.992,4,latino,0.2240834966078981,0,0
3mZ8eHtv18WEb0Jh5a3d8j,Hank Williams;Drifting Cowboys,The Original Singles Collection . . . Plus,Settin' The Woods On Fire,26,157133,False,0.735,0.251,0,-11.144,1,0.0507,0.832,2.91e-06,0.104,0.957,161.718,4,honky-tonk,0.38263687157804926,0,1
68ZOBzR0AffpQM6AgSA5n4,Lionel Richie;Darius Rucker,Tuskegee (Deluxe Version),Stuck On You,47,201706,False,0.557,0.496,5,-9.272,1,0.0276,0.626,1.32e-06,0.102,0.293,132.716,4,disco,0.2986416027046408,0,0
6csdXyZPhAgM6Z4gjrRS6C,Håkan Hellström,Illusioner,Båda sidor nu,34,342594,False,0.401,0.342,8,-10.614,1,0.0295,0.841,0.00589,0.121,0.123,103.816,4,goth,0.48164949535915536,1,1
5VIxFiO4uCfA6BZFObyz7W,Faye Wong,Eyes On Me,Eyes On Me,46,344026,False,0.305,0.517,0,-6.474,1,0.0354,0.106,0.0,0.0614,0.201,179.638,4,cantopop,0.328991019889161,0,0
6IWumNs0oyQfa8mLd5rjcn,Stuart Duncan;Edgar Meyer;Chris Thile;Yo-Yo Ma,Not Our First Goat Rodeo,Voila!,23,191840,False,0.563,0.254,5,-14.142,1,0.0384,0.892,0.729,0.0841,0.635,104.936,3,bluegrass,0.5102613157549883,1,1
4nzYO2gblduWhKhjmVZk1O,Dilsinho;Jorge & Mateus,Pódio,Pódio,46,182476,False,0.679,0.674,10,-7.25,1,0.074,0.824,0.0,0.357,0.947,155.916,4,pagode,0.4157975314070467,0,1
6h5PAsRni4IRlxWr6uDPTP,Axwell /\ Ingrosso,More Than You Know,More Than You Know,80,203000,False,0.646,0.741,5,-4.973,0,0.034,0.0275,0.0,0.312,0.571,123.077,4,house,0.2053539487585336,0,0
6KtNLc95StBKfOmFDAoTwi,Nusrat Fateh Ali Khan,Best Urdu Qawwalies,Kali Kali Zulfon Ke Phande Na,53,859345,False,0.4,0.694,3,-8.486,1,0.0621,0.573,0.0,0.874,0.727,153.902,3,indian,0.4804860765336716,1,1
4PeqO9mURCV4tfYkNKGJ86,Nando Reis,Nando Reis - Voz e Violão - No Recreio - Vol. 1 (Ao Vivo) [Álbum Comentado],N - Ao Vivo,43,319413,False,0.489,0.31,2,-12.169,0,0.149,0.868,0.0,0.845,0.347,105.223,5,brazil,0.5593053548048119,1,1
0eal3cEeHVC9UqEaW6OoIc,Tim Wilson,But I Could Be Wrong,Bed Pan Man,22,53360,True,0.506,0.948,9,-5.427,1,0.478,0.652,2.31e-06,0.97,0.965,98.837,4,comedy,0.5100840982642617,1,1
7FxxBNwN27gcqRjzSE6T9N,Grateful Dead,"Veneta, OR 8/27/72: The Complete Sunshine Daydream Concert (Live)","Casey Jones - Live in Veneta, Oregon 8/27/72",27,385026,False,0.554,0.545,0,-11.22,1,0.028,0.742,0.0268,0.218,0.726,93.491,4,psych-rock,0.4155117615286035,0,1
5naar7XewEOAjOywIp6Jjq,Wallows,Nothing Happens,Remember When,75,155146,False,0.504,0.708,11,-5.896,0,0.0343,0.00112,0.000424,0.788,0.51,82.009,4,indie-pop,0.2705796624493201,0,0
0dkvbYmXYEPK7gGMdytmfI,Lykke Li,sex money feelings die (slowed version),sex money feelings die - slowed version,74,168810,True,0.797,0.44,5,-6.587,0,0.0594,0.471,1.57e-06,0.0849,0.436,111.014,4,swedish,0.28740777840720455,0,0
1FRFgyPNuqfXIRYlCJ1kwR,Seven Lions;Fiora,Days To Come EP,Days to Come (feat. Fiora),44,284262,False,0.467,0.723,0,-7.101,0,0.0536,0.117,3.49e-06,0.186,0.207,139.995,4,dubstep,0.2805882795659046,0,0
51zLJklDhB01krdntnfaCS,Mahalia,New RnB,I Wish I Missed My Ex,0,203066,False,0.669,0.669,0,-4.185,1,0.0849,0.274,0.0,0.289,0.546,95.023,4,folk,0.32865966326506973,0,0
3nBmy2hAqIDmMOD0VZGB7I,Kris Allen,Horizons,Lost,45,198386,False,0.47,0.292,6,-9.899,0,0.0284,0.904,0.000104,0.0889,0.168,66.109,4,acoustic,0.48262518862838416,1,1
1ia62vfFbklbRgNfx0CPC5,J Balvin;Mr Eazi,Halloween 2022 Perreo Vol. 4,Arcoíris,1,187120,False,0.611,0.781,2,-5.261,1,0.149,0.08,0.0,0.264,0.413,186.162,4,reggaeton,0.30025779724421986,0,0
1opxtm6zIv7IF19S0eCtvV,Salim–Sulaiman;Vishal Dadlani;Shweta Pandit;Amitabh Bhattacharya,Ladies Vs Ricky Bahl,Thug Le,56,218932,False,0.768,0.788,1,-5.514,1,0.0687,0.0992,2.94e-05,0.103,0.931,112.988,4,folk,0.23768972652680365,0,0
3kCn3zYPp9suJLSZGM2Yma,Mabel,"Anímate, es viernes",Let Them Know,1,148773,True,0.725,0.864,9,-5.601,1,0.0838,0.0121,0.0,0.0796,0.839,124.981,4,house,0.20972800986203805,0,0
6syg8RynNDAGu22JTpOPeT,Felix Manuel,Dicen Que Los Hombres No Deben Llorar,Dicen Que los Hombres No Deben Llorar,30,235781,False,0.761,0.912,0,-3.312,0,0.0379,0.358,4.08e-06,0.35,0.968,103.024,4,salsa,0.19862658799091443,0,0
1GOiMxQXZUzjzH0Sxpck0B,kizaru,Karmageddon,Дежавю,60,173725,True,0.801,0.591,2,-5.18,1,0.143,0.0186,0.0,0.108,0.231,87.509,4,emo,0.23960162389443734,0,0
2aJv9GhCIoE4xLu7YQteaY,Dub Pistols;Bunna;Barry Ashworth;Will Hensel,Worshipping the Dollar,Give a Little Dub,14,256920,True,0.632,0.735,1,-8.107,1,0.0401,0.00796,0.0243,0.349,0.686,142.06,4,breakbeat,0.2623528584337851,0,0
32TKQVwtSGCHIqmbmaNdFj,New Order,Movement,Dreams Never End - 2015 Remaster,58,195306,False,0.606,0.913,9,-7.865,1,0.0417,0.0154,0.905,0.326,0.817,146.15,4,synth-pop,0.22342022443841114,0,0
6RcDE3raQ0X2SRdmFTfZVk,Shane O,On & Off Loyalty,On & Off Loyalty,18,214943,False,0.631,0.661,7,-8.808,0,0.25,0.279,2.67e-05,0.0647,0.314,169.895,4,j-dance,0.37442119075224756,0,1
3KMPY8RvRII2du31Cjl8Jg,Nusrat Fateh Ali Khan,Sanu Ek Pal Chain,Sanu Ek Pal Chain,39,575936,False,0.509,0.731,6,-4.475,1,0.0397,0.451,0.00389,0.411,0.641,147.97,4,folk,0.3537840929595103,0,1
4c6TLCloabznNl7mVaHENs,Napalm Death,Enemy of the Music Business + Leaders Not Followers,Blunt Against the Cutting Edge,12,183200,False,0.199,0.998,6,-4.425,0,0.162,2.6e-05,0.00682,0.0419,0.038,107.331,4,grindcore,0.41323752913963113,0,1
3OPfGZ252zPTSTsUA8fKfC,Extra Terra;Urbanstep,Tech Power,Tech Power,38,290406,False,0.619,0.885,10,-4.309,1,0.0592,0.0234,0.48,0.111,0.227,100.007,4,club,0.2697414578749573,0,0
5AxTA7EKcIiqc51nfBoKl2,Kvelertak,Meir,Snilepisk,20,172906,False,0.133,0.944,0,-4.561,1,0.129,4.09e-06,0.919,0.32,0.306,86.603,1,black-metal,0.4685604668617013,1,1
15SAAkMN4UoJGKTTfp7dpj,Horace Andy,Serious Times,Rasta Words,27,253493,False,0.649,0.559,9,-8.074,0,0.191,0.202,1.28e-05,0.0746,0.52,167.334,4,dub,0.30613968706275146,0,0
1cXRIBsLi3bdf68PYku6mo,Jill Vidal,缺氧,缺氧,19,211029,False,0.707,0.429,1,-7.716,1,0.0329,0.355,0.0,0.062,0.591,139.966,4,cantopop,0.3799123373816499,0,1
5sbX4in3ESMiRbdMa34gBO,Nikolay Nikitskiy,Velikie ispolniteli Rossii XX veka: Nikolay Nikitskiy,L'jotsja pesnja,0,251216,False,0.315,0.489,1,-7.958,0,0.0782,0.967,1.13e-05,0.963,0.233,78.807,3,romance,0.7387911562424081,1,2
0MnkYKTdRkLk1tCywpPP82,Jean-Baptiste Lully;Chœur De Chambre De Namur;Millenium Orchestra;Cappella Mediterranea;Leonardo García-Alarcón;Sophie Junker;Judith van Wanroij;Matthias Vidal;Thibaut Lenaerts;Alain Buet,"Lully: Dies Irae, De Profundis, Te Deum","Dies irae, LWV 64/1: Dies irae dies illa",25,67320,False,0.249,0.333,5,-13.157,0,0.0372,0.941,0.158,0.318,0.48,115.045,4,opera,0.6314244144144816,1,2
3B72prJPOqGB5GZxM4l7lp,Toronto Is Broken;Matt Neux,Reminisce,Reminisce (feat. Natty Campbell) - Matt Neux Remix,41,269497,False,0.624,0.945,10,-2.002,0,0.0442,0.000945,0.0113,0.713,0.39,87.496,4,idm,0.2002410320382027,0,0
6u3HTPvOxhVWllNhu07vvA,38 Special,80s Bangers Vol. 2,Hold On Loosely,0,279754,False,0.565,0.707,9,-5.65,1,0.0298,0.0101,8.16e-05,0.0851,0.831,127.222,4,metal,0.30916672023306874,0,0
72VBmMUTEVWFcDUVgMbqo0,Seafret,Atlantis,Atlantis - Sped Up Version,73,212443,False,0.425,0.544,9,-7.105,0,0.0292,0.0562,0.0,0.115,0.138,90.043,4,folk,0.3344418032031133,0,0
5DzPGMtNwGPCnVmeNcLywA,Fuck On the Beach,I Have Never Seen Myself,Hate Myself,16,133040,False,0.279,0.993,8,-2.279,1,0.116,3.14e-06,0.817,0.0841,0.0569,109.718,4,grindcore,0.3277240500350324,0,0
5kf27BqmZG25H7Jy0XEsZp,alva noto;Ryuichi Sakamoto;Ensemble Modern,Utp_,Grains,12,384000,False,0.219,0.0882,10,-28.521,1,0.0393,0.811,0.912,0.1,0.0313,113.624,5,idm,0.5611999258058669,1,1
71eQAhfmjJxlFZcs2tuwFT,Jax,Daily Pop Mix,Victoria's Secret,0,176124,True,0.586,0.556,6,-7.639,1,0.0592,0.00655,0.0,0.0836,0.517,167.018,4,songwriter,0.44227534500218024,0,1
2hmHlBM0kPBm17Y7nVIW9f,Arctic Monkeys,Humbug,My Propeller,63,205746,False,0.415,0.657,9,-6.758,0,0.0295,0.052,0.0552,0.233,0.69,115.752,4,garage,0.39203970874417204,0,1
2YV72xoBABjhuNGlqxYniR,Di Propósito,Encontrin 2 - Parte 2 (Ao Vivo),Perdição / Apê 1001 / Pode Ficar - Ao Vivo,41,300553,False,0.455,0.665,4,-8.579,0,0.0593,0.843,0.000593,0.272,0.849,143.444,4,pagode,0.5340899409201519,1,1
6yJUTxxr6IDc6A9nsQAoGy,Bacao Rhythm & Steel Band,Expansions,Represent,17,199398,False,0.717,0.513,4,-7.916,0,0.0337,0.00956,0.813,0.112,0.79,92.968,4,afrobeat,0.32266343602761066,0,0
6X15g6tStyh5vmC9wfM4RP,Meditation Spa;Spa;Deep Sleep Relaxation;White Noise Nature Sounds Baby Sleep;Mute Button;Spa Relaxation & Spa,"White Noise Spa Collection - 50 Shades of Ambience (Loopable Audio for Insomnia, Meditation and Restless Children)",Buffered White Noise,33,93451,False,0.0,2.03e-05,1,-9.316,1,0.0,0.186,0.00105,0.497,0.0,0.0,0,sleep,0.621212345016849,1,2
1KHk7GFwXIMW2yUvTkjCKQ,Wolfgang Amadeus Mozart;Heinz Holliger;Hermann Baumann;Michel Gasciarrino;Henk Guldemond;Orlando Quartet,Mozart - A Classical Dawn,"Divertimento No. 11 in D, K.251 ""Nannerl-Septett"": 4c. Menuetto (Tema con variazioni): Var. II",5,81466,False,0.638,0.0559,9,-19.111,1,0.0589,0.936,8.31e-05,0.213,0.615,111.141,4,classical,0.5939964972644933,1,1
1nBDeSiqD2z1ofv9hEttfi,Ron Trent,"Word, Sound & Power",History,5,642619,False,0.77,0.642,7,-10.841,1,0.0756,0.0206,0.914,0.102,0.369,124.073,4,chicago-house,0.2340747846557752,0,0
463jvTBlNaxfX7Sg5El4Y0,Myrkgrav,Sjuguttmyra,De to spellemenn - 2013 edition,20,169879,False,0.41,0.923,10,-5.385,1,0.0642,0.0662,0.0,0.322,0.386,110.027,5,black-metal,0.31239630450137806,0,0
7d5YihYn8oYaP9uQCWC2uG,Incantation,Mortal Throne of Nazarene,Emaciated Holy Figure,17,226400,False,0.154,0.726,7,-8.868,1,0.0891,8.06e-05,0.938,0.384,0.0631,86.424,4,black-metal,0.4008328855480551,0,1
1a17Gt5Vh0HTKFCZr8Pctk,Paty Cantú;Juhn,Del gusto de hermanos,#Natural,0,226605,False,0.791,0.841,0,-3.267,0,0.0471,0.0913,0.0,0.0913,0.828,97.037,4,latin,0.13150349674308406,0,0
0QClTV1SGxUicck7KqG6sE,Floyd Cramer,For The Moment,Tennessee Waltz,11,112973,False,0.394,0.159,7,-12.68,1,0.0286,0.964,0.727,0.121,0.246,83.072,3,honky-tonk,0.6129621437625768,1,2
73iQZT1WYntBoZe2Jpbshv,Siavash Amini,The Waterfront,Doxa 8 for Parisa,0,235946,False,0.53,0.874,9,-9.044,0,0.128,0.000879,0.633,0.364,0.202,141.915,4,iranian,0.23977075417311683,0,0
0Y4Oe3WGAvpN2Pih0BLXin,Pritam;Sid Sriram;Arijit Singh;Jonita Gandhi,Brahmastra (Tamil) [Original Motion Picture Soundtrack],Deva Deva (Tamil),16,276964,False,0.56,0.728,0,-7.151,1,0.0445,0.653,0.00662,0.104,0.393,112.045,4,indian,0.3577036296817399,0,1
4nfe5Us2eOihuKjI974MS9,Belle and the Nursery Rhymes Band,Nursery Rhymes,"Rain, Rain Go Away",55,48750,False,0.82,0.385,0,-9.019,1,0.0307,0.63,0.0,0.113,0.654,92.045,4,children,0.3177266581704557,0,0
4BlTRgkqWq9Hh1KJpxfUJr,Georgio,Ciel enflammé - Sacré,Spirituel,38,213659,True,0.578,0.713,2,-8.106,0,0.293,0.374,0.0,0.193,0.358,145.351,4,french,0.2678694804228142,0,0
1ap4zdsBydWPSXJqDBqtNL,D.O.D;Raphaella,Like You Do,Like You Do,58,152224,False,0.69,0.847,6,-4.565,1,0.0374,0.0145,0.041,0.0777,0.49,124.015,4,groove,0.12414637591001984,0,0
3VS1hkofsGq4NwkYdAYL1l,Anuel AA;KAROL G,Halloween 2022 Perreo Vol. 1,Secreto,2,258799,False,0.807,0.803,11,-4.156,1,0.126,0.6,0.0085,0.136,0.706,91.982,4,latin,0.2352083763596866,0,0
3IW6WWv5CeCgSyNwL9UmJr,Prateek Kuhad,cold/mess,fighter,40,235402,False,0.456,0.455,1,-7.53,1,0.0305,0.668,1.05e-05,0.0936,0.132,116.504,4,singer-songwriter,0.4014606522900609,0,1
0PYPP7JIf0jja7WOjQPuVS,Screeching Weasel,The Awful Disclosures Of Screeching Weasel,Just Another Fool,25,148440,False,0.434,0.903,7,-5.975,1,0.0427,3.94e-05,0.0516,0.0857,0.439,97.003,4,power-pop,0.27249101816640015,0,0
1GmtLCbEUyn94Qzx0gxHc0,Irmão Lázaro;João Santana,Entre Amigos,Vai Mudar (feat. João Santana),40,248200,False,0.564,0.826,7,-2.313,1,0.0363,0.424,0.0,0.96,0.646,137.97,4,forro,0.41626247835269853,0,1
4QzJOTh94tmzsR1lV6mfML,Sajeer Koppam,"Dilse, Vol. 2",Vannu ninte,25,350824,False,0.546,0.672,4,-5.988,0,0.0744,0.146,0.0,0.216,0.551,134.576,3,malay,0.41176217819152083,0,1
7pNQQkZ7VHvvr1Y6wcmqZa,Keyakizaka46,永遠より長い一瞬 ~あの頃、確かに存在した私たち~(Complete Edition),風に吹かれても,22,221506,False,0.705,0.906,4,-2.734,0,0.119,0.344,0.0,0.328,0.851,125.925,4,j-idol,0.19150101454966556,0,0
191N9EutKkjp93Dcn5zWgX,音樂磁場,音樂磁場1-國語經典名曲,親密愛人,22,271560,False,0.743,0.336,6,-14.684,1,0.0301,0.892,0.00348,0.0983,0.439,112.305,3,mandopop,0.37084711622390015,0,1
3ZNOHVQAzLv7FhPYxlL31d,Demeter,Dope,Dope,50,185674,False,0.874,0.634,11,-6.672,1,0.126,0.202,0.61,0.0895,0.136,88.115,4,house,0.23796981997344835,0,0
2wmQki14Gwt1gZUQdrWI1W,Johannes Brahms;Karin Lechner,Refreshing Piano,"Four Pieces For Piano, Op. 119: II. Intermezzo in E Minor",0,289240,False,0.258,0.0478,4,-26.069,1,0.0505,0.993,0.902,0.113,0.0859,65.37,3,german,0.6701771211500414,1,2
4D9QMZ3n8OupOPdxU0MMBS,EMMA WAHLIN,Make A Move,Make A Move,55,189146,False,0.822,0.591,9,-6.615,0,0.0515,0.0133,0.147,0.114,0.384,124.015,4,j-pop,0.1801080943548494,0,0
57ebBLITHpRgRKGrlbxMZS,Journey,Frontiers,Faithfully,68,267080,False,0.202,0.644,11,-5.212,1,0.0324,0.0979,0.0,0.109,0.252,85.04,5,hard-rock,0.4013071606216933,0,1
3rTDI5zFvAWhcDW77ePuxp,Liquid Soul;Vini Vici,Universe Inside Me,Universe Inside Me,46,481738,False,0.687,0.834,7,-7.699,1,0.0823,0.00413,0.893,0.0608,0.055,137.985,4,trance,0.20521935871859837,0,0
43Vyj3R8vMlFNVB2gqrsAM,The Dead Milkmen,Death Rides A Pale Cow: The Ultimate Collection,Surfin' Cow,33,212173,False,0.576,0.763,0,-9.279,1,0.0448,0.000645,0.322,0.0733,0.705,129.612,4,ska,0.20604441544984042,0,0
6o1FVTYG4U74SQN5i5M53Q,Mc Kanhoto;MC Cassiano;Mc Xang;DJ Faveliano,Lacoste Listrada,Lacoste Listrada,43,217411,True,0.649,0.563,4,-5.606,0,0.147,0.57,0.0,0.103,0.578,112.369,5,funk,0.3666366975416645,0,1
3LXpZ28ebxPHH1aUc9167L,Sukima Switch,スキマスイッチ,Ah Yeah!!,50,308066,False,0.481,0.933,8,-5.447,1,0.0445,0.00505,3.25e-06,0.044,0.502,140.061,4,anime,0.19970697724557113,0,0
1F0i0Ynrv28aAvycSLsugZ,Pritam;Sanjith Hegde;Sid Sriram,"Kesariya Rangu [From ""Brahmastra (Kannada)""]","Kesariya Rangu (From ""Brahmastra (Kannada)"")",59,278377,False,0.555,0.596,0,-7.278,1,0.0298,0.665,1.05e-05,0.108,0.352,94.2,4,indian,0.3619688912544481,0,1
30czRkzbE2SaDp5139eHew,Ufo361,VVS Bonus EP,Zieh dich aus,39,227137,True,0.809,0.509,2,-7.572,0,0.237,0.371,0.000911,0.102,0.174,126.945,4,german,0.3046389213503008,0,0
5frWFPeKH8Pam3rKLFCytt,Marcelo Nova;Raul Seixas,A panela do Diabo,Carpinteiro do universo,35,275533,False,0.619,0.546,4,-11.055,1,0.0293,0.282,3.24e-06,0.132,0.386,100.454,4,punk-rock,0.3622283074372854,0,1
0I4yYE831a8SW8QIx6bz4x,Tommy James & The Shondells,Anthology,Crimson & Clover,58,209640,False,0.408,0.692,11,-9.478,1,0.0685,0.235,0.0255,0.197,0.684,82.499,4,rock-n-roll,0.39146706773379486,0,1
2XP7Is6c69WaPgX2Kr65l7,Hugo & Vitor;Clayton & Romário,Respeita Minha Dupla (Ao Vivo / Vol. 1),Problemão - Ao Vivo,62,137957,False,0.582,0.891,1,-4.709,1,0.0947,0.538,0.0,0.378,0.661,155.907,3,sertanejo,0.17177183174297708,0,0
4fJLhUt5v9cR6x0AqTYRky,Estela Nuñez,Lo Esencial de Estela Nuñez,Volverás,30,231146,False,0.255,0.342,0,-9.902,1,0.0339,0.795,0.0,0.173,0.342,80.873,3,rock-n-roll,0.5200467827853764,1,1
1sD9vqr4ariNYWc4ifbpOi,Eruca Sativa;Abel Pintos,EP Vivo,Amor Ausente (En Vivo) (with Abel Pintos),45,358000,False,0.438,0.614,10,-8.786,1,0.0381,0.00247,0.00193,0.95,0.346,140.042,3,folk,0.4003740920270402,0,1
3GOkkTrUcv0ICSznFW2B8J,Kid Abelha,Meio Desligado (Acústico),Nada por mim - Acústico,45,166306,False,0.516,0.471,2,-10.508,1,0.0299,0.595,4.28e-06,0.785,0.361,128.183,4,brazil,0.4631301479487697,1,1
40FvNcBeirJxKWUNd0rKlK,Los Brios,30 Anos De Exitos,Chau Chau Maria,30,206200,False,0.528,0.481,0,-8.846,1,0.0271,0.107,7.55e-06,0.115,0.513,159.721,4,rock-n-roll,0.38969296525963065,0,1
0kzmBBR1Jjx5zBZKx9lsJr,Sidhu Moose Wala,Legend,Legend,62,278622,False,0.754,0.845,10,-2.554,0,0.161,0.126,0.0,0.603,0.793,86.978,4,hip-hop,0.32496695605827286,0,0
5FQXMRDSTkn9fowDJ3kZo8,Sick Puppies,Tri-Polar (International Version),You're Going Down,66,187346,True,0.49,0.833,6,-5.899,1,0.0487,0.0116,0.000504,0.15,0.39,89.981,4,grunge,0.28736563545508637,0,0
2dEjGfMHtd0LxYIDrfnmHT,The Jayhawks,Sound Of Lies (Expanded Edition),Trouble,21,289800,False,0.489,0.402,9,-10.111,1,0.0311,0.0749,2.58e-05,0.118,0.368,140.085,4,power-pop,0.36164333367705054,0,1
4S4k4hzFHBuTFDQ1NxcHM3,The Chainsmokers,So Far So Good (lofi remixes),Maradona - lofi remix,0,128552,False,0.692,0.369,5,-9.061,1,0.0988,0.931,0.000778,0.105,0.166,77.512,4,electro,0.48322814011176085,1,1
6vmdV1NsKisfobiqyg2kG3,Die Toten Hosen,Alles aus Liebe: 40 Jahre Die Toten Hosen,Pushed Again,39,230773,False,0.354,0.736,0,-4.222,1,0.0475,0.0202,0.000433,0.103,0.208,114.22,4,punk-rock,0.2951276282473929,0,0
7huPZuYrinI8IETL1ihSq4,Andrew Bird,Christmas Vibes But Not Christmas Songs,Alabaster,0,192160,False,0.377,0.362,7,-7.255,1,0.0354,0.686,2.92e-05,0.135,0.262,180.991,3,folk,0.5747739548486468,1,1
4sDTT89ejzGwoYTgX7r5i6,Hatred Surge,Human Overdose,Jacob's Ladder,17,65975,False,0.296,0.993,6,-6.452,1,0.147,1.34e-05,0.913,0.192,0.0702,94.312,4,grindcore,0.34980444169659625,0,0
6McrZ0O8ruEiiQgOHZjvop,Montell Jordan;Redman,Let's Ride,Anything And Everything,23,261866,False,0.898,0.657,6,-3.814,1,0.148,0.00866,0.0,0.0523,0.964,95.181,4,j-dance,0.2771630984759295,0,0
4M0ezYulsUFJDrKk9d58y6,MEDUZA;Goodboys,Larga Vida al Electro,Piece Of Your Heart,0,152913,False,0.677,0.744,10,-6.806,0,0.0296,0.0405,0.000153,0.074,0.631,124.077,4,house,0.24511248500084665,0,0
3jVU4LpHVHClU0YDJ8VBqz,Bonobo,Fragments,Counterpart,48,332733,False,0.676,0.606,5,-12.167,1,0.0349,0.604,0.826,0.0804,0.0911,121.013,3,trip-hop,0.3496203045855562,0,0
5vTSnZTmS1gMiWuA9kDE19,Sufjan Stevens,Call Me By Your Name (Original Motion Picture Soundtrack),Futile Devices (Doveman Remix),63,135443,False,0.462,0.187,4,-19.991,1,0.0304,0.954,0.847,0.0985,0.252,140.096,4,singer-songwriter,0.5992659283841899,1,1
2ZqucnGhfTDTF9DCyWN22t,Wolfgang Amadeus Mozart;Christoph Eschenbach,Mozart: A Night of Classics,"Piano Sonata No. 11 in A Major, K. 331: I. Variation 2",11,80533,False,0.414,0.0282,9,-27.009,1,0.0582,0.996,0.853,0.132,0.495,119.178,3,classical,0.7060265825769607,1,2
6OYgBAP07DzGO7GuRTRQkJ,Sofía Reyes;Jason Derulo;De La Ghetto,I'm Blue - Hits of 2022,"1, 2, 3",0,201526,False,0.792,0.895,1,-3.112,0,0.0587,0.165,0.0,0.0501,0.793,94.968,4,latin,0.1696622749327279,0,0
2HegWuw33lBqopjopozt7N,Charlie Brown Jr.,Acústico (Ao Vivo),O Preço - Ao Vivo,51,193933,False,0.417,0.959,3,-5.853,0,0.154,0.0741,0.000243,0.764,0.522,82.771,4,brazil,0.3255554215656644,0,0
3JTW3jYsXWST0qp1y3uJ5H,Kacey Musgraves;Camila Cabello,Santa Claus Is Coming To Town,Rockin' Around The Christmas Tree - From The Kacey Musgraves Christmas Show,0,124240,False,0.745,0.598,10,-6.053,1,0.0975,0.129,0.0,0.678,0.789,148.906,4,country,0.40314089536646774,0,1
24ScIVXgdaSX3qijPR6HFP,Rain Sounds,"Rain Sounds: Rain Sound Meditation, Relaxing Sound of Rain, Massage Yoga Music and Ambient Soothing Sounds",Thunderstorm Sounds,38,360000,False,0.164,0.547,10,-20.848,0,0.0759,8.14e-05,0.969,0.357,0.0233,114.325,4,sleep,0.47508717144594004,1,1
2yNGARwYc253fKGIy0CoyO,The Wailin' Jennys,40 Days,Old Man,44,191360,False,0.699,0.138,10,-13.479,1,0.0318,0.864,8.79e-06,0.116,0.287,80.505,4,singer-songwriter,0.46474805100155614,1,1
5zfRl79umXWvKoA7p4KEPa,Tanishk Bagchi;Udit Narayan;Alka Yagnik,"Tip Tip (From ""Sooryavanshi"")","Tip Tip (From ""Sooryavanshi"")",70,250287,False,0.709,0.929,5,-1.583,0,0.061,0.0431,0.00648,0.125,0.477,103.01,4,pop,0.15024482881152879,0,0
3tIwZrNqHy9PFxVTei9djX,Nathan Dawe;Ella Henderson,Beautiful Trending Hits 2022,21 Reasons,0,155253,False,0.621,0.785,6,-4.499,1,0.11,0.0165,5.92e-06,0.0512,0.779,123.96,4,house,0.16673029072394935,0,0
2epQNPp4X972vjCUgewrQA,≠ME,超特急 ≠ME行き Special Edition,クルクルかき氷,32,241706,False,0.452,0.889,7,-3.204,1,0.0531,0.0303,0.0,0.381,0.876,181.886,4,j-idol,0.3164881818579022,0,0
2z3cjnPwtJGj6Z0kpMZtvG,Viju Jeremiah Traven,യേശുവേ കരുണാമയനേ (Yeshuve Karunamayane),Ella Prashamsayum Ella Pukazhchayum,19,367680,False,0.494,0.54,4,-8.543,1,0.0312,0.192,1.22e-05,0.093,0.16,130.561,4,malay,0.3994375833063829,0,1
1TeIFb2AIbExCZjInMxGha,Fuse ODG;Tiffany Owusu,T.I.N.A.,Azonto,53,232255,False,0.888,0.923,6,-3.516,1,0.137,0.117,0.0,0.0522,0.945,125.985,4,dancehall,0.19522847074476035,0,0
0vDT7KhQ3w6EfvVYiuiUtq,Lugatti & 9ine,Soweit so gut,Guten Flug,37,225387,True,0.81,0.751,9,-5.591,0,0.24,0.414,0.000202,0.5,0.76,155.03,4,german,0.34253122463497643,0,0
1iCHl2R7xoEsh7CvYe5Ej0,Julie Andrews,The Sound Of Music (Original Soundtrack Recording),My Favorite Things,57,140893,False,0.622,0.247,1,-12.472,1,0.0758,0.87,0.0,0.14,0.627,114.417,4,show-tunes,0.3890030097613505,0,1
1IARNA3zsu39Kul2ov9n3J,Fireboy DML,"Laughter, Tears & Goosebumps",King,56,165040,False,0.856,0.596,3,-6.067,1,0.0709,0.242,0.0,0.0995,0.588,99.986,4,dancehall,0.251469936699493,0,0
2T0UvW7N9WXIJfsF4vgZf4,Mark D. Pencil,"Learning With Hip Hop (Today's Music Paired With Educational Lessons For Classrooms And Homes, Ages Pre-K - 5th)",Let's Sing The Vowels,10,131440,False,0.952,0.854,1,-8.304,1,0.195,0.0813,3.27e-06,0.121,0.638,116.942,4,kids,0.20647898210664997,0,0
68nFvNL5tmqQ3F9maDbX7s,The Nixons,Kaleidoscope,Atmosphere,27,237733,False,0.454,0.899,8,-4.662,1,0.0425,0.0013,0.219,0.107,0.292,127.988,4,grunge,0.2620201033826188,0,0
2RuYfjedS5DW26ejCu5nZC,Jay Aliyev,Together,Together,46,229524,False,0.685,0.701,0,-10.272,0,0.0363,0.0354,0.796,0.109,0.2,100.003,4,turkish,0.2818036764828249,0,0
1nS8PR4EyWI6rLiCfAGlT6,Legião Urbana,Mais Do Mesmo,Vento No Litoral,44,366373,False,0.55,0.214,0,-14.945,1,0.0308,0.662,0.000229,0.104,0.0752,120.407,4,brazil,0.4066536495534383,0,1
1We89SAonMk70QBbfXERxa,Arko,Bareilly Ki Barfi,Nazm Nazm,71,226941,False,0.62,0.627,7,-6.187,1,0.0307,0.497,0.0,0.133,0.557,82.008,4,pop-film,0.3070136602943416,0,0
7KaqcST5QdMTGPCKWW9ayv,Machine Head,Metal,Davidian,0,296626,False,0.276,0.937,7,-6.952,1,0.163,0.000531,0.123,0.227,0.306,153.814,3,hard-rock,0.364518668532687,0,1
0aDTaI6pxKLiy0vcmHebZR,Todos Tus Muertos,Greatest Hits,Tu Alma Mía / Adelita,36,233266,False,0.546,0.464,9,-18.492,0,0.0638,0.00383,8.78e-06,0.224,0.731,116.327,4,ska,0.4056431421221579,0,1
7AiUG3LelStERLJbmEBXjd,Vaudou Game,Tata fatiguée,Tata fatiguée,17,223350,False,0.76,0.667,8,-6.134,0,0.0536,0.306,0.000189,0.089,0.946,109.774,4,afrobeat,0.33268258165487286,0,0
1YwV5exHom240IG2pHNGks,Devil Presley,San Excedido,La Gata Bajo la Lluvia,36,226826,False,0.558,0.546,7,-5.117,1,0.0261,0.00152,1.58e-06,0.06,0.369,94.624,4,punk,0.2166952591044174,0,0
1f9jv3jIHqwZhVW7NMAgYN,Pantera,Groove Metal Roots & Branches,Mouth for War,1,236720,False,0.361,0.97,8,-5.69,0,0.0837,6.58e-06,0.000162,0.039,0.561,156.96,4,groove,0.35247459633900363,0,1
3q5Ze7QksOVd2ES9YzdfsE,Kid Abelha,Coleção,As curvas da estrada de Santos,40,262560,False,0.51,0.674,9,-6.274,1,0.0296,0.0811,1.28e-06,0.105,0.422,77.46,4,mpb,0.2376521386982515,0,0
7aUpz4xUIt70v0Q6kXEP2T,Will Roland;George Salazar;Be More Chill,Be More Chill (Original Broadway Cast Recording),Two-Player Game,22,242732,False,0.59,0.616,2,-7.261,1,0.133,0.145,0.0,0.596,0.581,111.685,4,show-tunes,0.3879483304865009,0,1
5qIu7xWmsp8UMxnJbSDaU5,David Bisbal,David Bisbal,Dígale,37,264506,False,0.564,0.451,2,-7.928,1,0.0303,0.597,0.0,0.131,0.315,129.981,4,spanish,0.4560341722182274,1,1
3DGv7g1poqft9DSaVRk6O2,Jason Derulo;Kodak Black,Upbeat Pop,Slidin',0,156300,True,0.695,0.884,11,-1.953,0,0.172,0.106,0.0,0.134,0.803,100.088,4,dance,0.349409895701909,0,0
0q3xjsUpk7stvWNhvaxku3,Cesar Costa,Mi Pueblo,No Existe el Amor,39,135706,False,0.514,0.408,9,-8.999,0,0.0364,0.835,0.0,0.193,0.854,89.76,4,rock-n-roll,0.430084114521068,0,1
36JWXzz773ljAGmwwz4ISZ,Passion;Rachel Halbach,Live From Camp,Christ Our King - Live From Camp,52,365185,False,0.301,0.47,1,-7.896,1,0.0314,0.195,0.0,0.113,0.0724,74.912,4,world-music,0.37108592409691754,0,1
12V0iduYsoXxsQYTSeFB2H,Jass Manak,Age 19,Viah,59,162441,False,0.533,0.757,7,-6.73,0,0.0453,0.00733,0.0,0.111,0.358,169.975,4,hip-hop,0.2042813928094723,0,0
6VuztO5yaKP4VjqSkZxpan,Ashes Remain,What I've Become,On My Own,69,172960,False,0.361,0.871,8,-4.313,1,0.0393,0.0119,0.0,0.318,0.575,176.026,4,alternative,0.32585475746687437,0,0
3hGwUpndi1F8yEISLTJ0oH,Karunesh,Colors of the East,Dervish Dream,49,354773,False,0.625,0.534,0,-13.765,0,0.042,0.751,0.891,0.0934,0.459,159.963,4,new-age,0.3361087269909584,0,0
2zlyAYVqLjx4Bp9p0yE3UD,Laus Høybye;Krummerne,Fantastiske Børne Hits,Man Er Som Man Er,29,172306,False,0.747,0.612,8,-7.631,1,0.0347,0.339,0.0,0.225,0.796,124.906,4,disney,0.2807322636423544,0,0
7zrxUrilLtTk4XnT5G7zF8,Ella Fitzgerald,All I Want For Christmas Is You,Frosty The Snowman,0,131733,False,0.579,0.502,8,-7.57,1,0.0513,0.733,0.0,0.281,0.836,76.783,4,jazz,0.4687214057557162,1,1
788U1Sqej9M6c4iikuDGxO,The Beatles,Help! (Remastered),I've Just Seen A Face - Remastered 2009,60,125040,False,0.647,0.56,9,-8.809,1,0.0387,0.723,0.0,0.118,0.913,120.418,3,psych-rock,0.27647734140134905,0,0
6GIyHERNueurRclzAG3r0r,Pablo,É Só Dizer Que Sim,Agora,51,216386,False,0.691,0.669,0,-6.131,1,0.0325,0.339,0.0,0.663,0.752,131.892,4,forro,0.30536949260903234,0,0
5B1fUGBm5LF3V9UlAYpLpf,Hillsong Worship,No Other Name,All Things New,36,251264,False,0.369,0.637,11,-6.279,1,0.0299,0.0443,0.0,0.179,0.121,75.37,4,world-music,0.28638127614382786,0,0
0xLs3BAVFa05aBabrqHdnT,Beenie Man,Best Of (collector's Edition),Let Him Go,21,203853,False,0.763,0.966,1,-4.684,1,0.0926,0.689,0.0,0.0962,0.914,93.675,4,j-dance,0.3043834095072431,0,0
7ACdv0ADFL7ICH024UhDKt,Muffin Man,The Muffin Man's Sweet Nursery Rhymes,This Is the Way,52,68663,False,0.864,0.623,2,-9.346,1,0.0418,0.048,1.79e-05,0.0546,0.86,108.011,4,children,0.2874432050404041,0,0
1eVGIJZMTyms9dpWI70aJi,Janice Vidal,呼吸之間,呼吸之間,52,253994,False,0.334,0.367,9,-10.719,1,0.0428,0.929,2.11e-06,0.114,0.344,172.116,4,cantopop,0.5373319933486009,1,1
3GXSywNvYLAVUCtjMHkKDh,The Alchemist;Earl Sweatshirt,Bread,E. Coli (feat. Earl Sweatshirt),72,132147,True,0.322,0.555,11,-8.726,0,0.129,0.208,0.00437,0.325,0.397,96.019,3,hardcore,0.3781129718575683,0,1
6UIo6YbaXihIZ72MWUpcGb,Marilyn Manson,Heaven Upside Down,KILL4ME,59,239240,True,0.635,0.688,11,-6.136,0,0.0346,0.0023,1.07e-05,0.507,0.389,107.989,4,industrial,0.26941978568755237,0,0
5JsvjL3K6evbrybb49X7SQ,Spice;Epik Jones;No Saints,Spice Cool It Remix EP,Cool It (No Saints Remix),29,144039,False,0.911,0.676,1,-7.684,1,0.251,0.128,0.00181,0.21,0.82,100.062,4,dancehall,0.3174234197889102,0,0
6qiMP3Tp76AWK6l6DQO7zf,Stanton Warriors;Rodney P,Dip and Get Low,Dip and Get Low,18,342200,False,0.778,0.86,0,-9.231,1,0.0469,0.000622,0.79,0.11,0.75,131.983,4,breakbeat,0.12375908221019799,0,0
0I0l2Oo5zjpCEphpDJL0Pm,Motohiro Hata,言ノ葉,Rain - Long Ver.,44,447306,False,0.588,0.604,9,-7.602,1,0.024,0.343,6.86e-05,0.252,0.351,92.02,4,j-pop,0.4072306675898319,0,1
40LYL1Z6xgCn5cBybo5K0D,Renée Elise Goldsberry;Lin-Manuel Miranda;Phillipa Soo;Original Broadway Cast of Hamilton,Hamilton (Original Broadway Cast Recording),It's Quiet Uptown,62,270171,False,0.484,0.187,5,-14.076,1,0.0423,0.796,0.0,0.0785,0.227,129.753,4,show-tunes,0.517487726674074,1,1
6ZiaGtb94L6LtRbC3yHkJW,Old Man's Child,In Defiance of Existence,Life Deprived,18,289346,False,0.183,0.887,1,-5.99,1,0.058,2.99e-06,0.893,0.356,0.15,157.824,4,black-metal,0.3995569172648257,0,1
3CK5nDmST2vWnlp5ijkjVK,Sorriso Maroto;Coral Resgate,Sorriso 15 Anos (Ao Vivo),Brigas por Nada (feat. Coral Resgate) - Ao Vivo,48,245453,False,0.54,0.829,0,-5.212,1,0.0484,0.802,0.0,0.287,0.392,147.868,4,pagode,0.3507012467464905,0,1
1RVTajC8zGg23t4Eb1Lrbc,Paradise Lost,Symbol Of Life,Self-Obsessed,21,187146,False,0.492,0.894,5,-5.707,0,0.0407,1.92e-06,0.198,0.308,0.619,121.567,4,goth,0.29484831291090097,0,0
7K7bEVvrAhPVs1ml3dPvEe,Fynn Kliemann,POP,Schmeiß mein Leben auf den Müll,38,249309,False,0.6,0.555,3,-6.038,0,0.132,0.358,1.53e-05,0.16,0.179,149.787,4,german,0.33487602517282,0,0
7baQa5vlB6cwUMOAW6sbD4,WE ARE FURY;Jordan Tariff,DUALITY,Animals,37,139034,False,0.603,0.707,0,-5.667,1,0.0355,0.0253,1.75e-06,0.381,0.293,144.971,4,dubstep,0.23909831654056346,0,0
5XqLSpVjuCDzR5Frj0gJbH,Matogrosso & Mathias,Matogrosso & Mathias (Ao Vivo),Na Hora do Adeus - Ao Vivo,48,238560,False,0.576,0.804,9,-3.616,0,0.038,0.231,0.0,0.953,0.452,98.197,4,sertanejo,0.40397470114271716,0,1
4oweCKNeJoLEp3qpcLz0OC,Vou pro Sereno;Grupo Fundo De Quintal,Sambaterapia (Ao Vivo),Essa Semente (Ao Vivo),45,218806,False,0.637,0.805,5,-5.852,1,0.0997,0.569,0.0,0.121,0.94,104.007,4,samba,0.3509613216934763,0,1
6ty2XoMAhwS2WRevhjQeb3,Jorge Aragão,Ao vivo 3,Tendência - Ao vivo,39,213946,False,0.69,0.503,9,-11.697,0,0.0568,0.753,2.97e-06,0.319,0.446,100.979,4,samba,0.35174569550874807,0,1
6A28sLdLOf9vohN5LVl5KR,Elvis Presley,Platinum - A Life In Music,All Shook Up,58,117360,False,0.688,0.468,10,-12.503,1,0.15,0.89,0.000134,0.177,0.946,74.832,4,rock-n-roll,0.45242819865550943,1,1
5m5MfbKRYr51hWN2bfpacp,Mabel,JULMYS,Loneliest Time Of Year,0,202693,False,0.517,0.609,7,-5.702,1,0.0291,0.0631,0.0,0.106,0.239,92.093,4,edm,0.3317720321401176,0,0
1aJwIrmZskcIVeegeZBz5E,Pepeu Gomes,Energia positiva,Mil e uma noites de amor,47,352306,False,0.614,0.949,5,-6.93,0,0.0386,0.146,2.17e-06,0.472,0.67,107.955,4,samba,0.27714946083066144,0,0
2bqiPb1Hd6bMyUejpRbaev,Nancy Franck,Korken knallen,Korken knallen,36,196345,False,0.665,0.956,7,-2.357,0,0.0463,0.013,0.0,0.819,0.651,136.017,4,party,0.23281046214768683,0,0
3Ekxe3nbNCk5gUyN7KcnfR,Allyawan,One,Som en rastaman,23,229503,False,0.586,0.778,4,-6.884,0,0.276,0.0938,0.0,0.107,0.699,172.001,4,goth,0.29764643438269967,0,0
2Vs8sz6bl3M8tmczyaVjrs,Crazibiza;Cheesecake Boys,"Amsterdam After Disco, Vol. 5",Nasty - Cheesecake Boys Club Mix,0,284160,False,0.788,0.981,1,-3.82,1,0.0572,0.00104,0.856,0.0198,0.684,125.006,4,disco,0.2499444175863419,0,0
16f5nKCHNOL2NjBA45xIoH,Jim Brickman,Winter Chill,"Mary, Did You Know?",0,202630,False,0.39,0.091,2,-18.195,0,0.031,0.983,0.908,0.0769,0.0744,61.324,4,piano,0.6193445231645396,1,2
1Lqt8O5Jrypii9xqdB0pON,DJ Sneak,Fallin' Beats EP,Babylon Fallin',11,490119,False,0.788,0.931,1,-6.765,1,0.073,9.52e-05,0.79,0.0312,0.725,126.013,4,chicago-house,0.21111559886685563,0,0
5IJ9Q8VXDqD01m41OUF4hV,Stevie Wonder,Rockin' Around The Christmas Tree 2022,What Christmas Means To Me - Single Version / Mono,0,148146,False,0.545,0.7,5,-6.961,1,0.0323,0.0982,0.0,0.1,0.799,83.506,4,indie,0.26231102307103216,0,0
13YWp1iozoy7YACZsRqRnK,T78,"Retro Future, Vol. 3",Humans Love Me,54,304000,False,0.673,0.874,9,-7.17,1,0.085,0.00063,0.696,0.134,0.239,135.004,4,minimal-techno,0.28385411437565145,0,0
7uGnS3Yp6gLPjSY8O3LqNd,White Noise Baby Sleep,"! !""#Reboot#""! !",Transport,35,132744,False,0.161,0.962,10,-21.869,0,0.0819,0.726,0.49,0.202,0.00655,129.087,1,sleep,0.4786491745306382,1,1
2L9tF2fgLtHCGcS4jF7aMw,Stabil,Stabil,Mesele2,43,195213,False,0.705,0.515,4,-14.346,1,0.0466,0.91,0.25,0.114,0.678,84.985,4,turkish,0.45963124907808073,1,1
1aWpEHa4XrPz9H2Fqhav4S,Frank Zappa,(70's) Seventies Collected Volume 2,Bobby Brown Goes Down,0,169066,True,0.602,0.557,0,-10.321,1,0.178,0.253,0.0,0.11,0.765,135.868,4,psych-rock,0.3701038290618512,0,1
6SRWhUJcD2YKahCwHavz3X,Alan Walker;Au/Ra;Tomine Harket,Different World,Darkside,75,211680,False,0.43,0.606,4,-5.115,0,0.0431,0.131,0.0,0.173,0.123,169.988,4,house,0.30419057913769854,0,0
6qVA1MqDrDKfk9144bhoKp,Acil Servis,Küçük Adam,Bebek,38,319933,False,0.486,0.485,5,-12.391,0,0.0331,0.00446,1.69e-05,0.369,0.353,120.095,4,turkish,0.3824819231204821,0,1
5QjuTblPokfD03fkfHUuVK,Dave Van Ronk,Folksinger,"Hang Me, Oh Hang Me",54,190106,False,0.504,0.0273,2,-21.441,1,0.0415,0.931,1.1e-05,0.109,0.395,120.24,4,blues,0.5593731961373294,1,1
2Qd3WSAVk0JJ6xrJpJqUEd,F.O.O.L,Revenger,Revenger,34,222562,False,0.595,0.879,2,-3.83,1,0.0347,0.00048,0.848,0.115,0.166,110.012,4,club,0.2966542973319806,0,0
5pvHO1kSuob4imoiqa3fey,Don Omar,Esto me suena a Farra,Salió El Sol,0,317280,False,0.886,0.708,4,-5.915,0,0.0911,0.107,0.0114,0.044,0.965,109.976,4,latin,0.1485059431642324,0,0
6feurIHW6vyqq9OGOieSVo,Frankie Avalon,The EP Collection,Venus,33,142200,False,0.57,0.547,10,-9.11,1,0.0283,0.669,2.01e-05,0.0849,0.714,115.146,4,rockabilly,0.42209445406516377,0,1
6cbW2scRULV7RnFT4u8gnA,Sidhu Moose Wala,Moosetape,Sidhu Son,59,217142,False,0.571,0.732,7,-6.068,0,0.154,0.116,0.0,0.378,0.584,82.825,4,hip-hop,0.253830988172868,0,0
37jvkpPCKoleuGuRplA5JA,DJ Cam,Hôtel Costes 15,Swim - Blackjoy Version,19,213293,False,0.763,0.757,1,-7.755,0,0.0342,0.0587,0.55,0.189,0.876,117.013,4,trip-hop,0.27173833652998036,0,0
0xOIqJadsikka2so1zhghO,Harley Poe,Horrorful,Alone in the Dark Mansion of Madness,26,403911,True,0.335,0.696,9,-9.472,0,0.0307,0.642,0.0,0.12,0.403,95.24,4,acoustic,0.43884909598415733,0,1
2iUFSTafPaK4IETG3FbUcw,Fungus Funk,"Space Ganesh, Pt. 2",India,40,356000,False,0.66,0.966,11,-5.369,1,0.0479,4.74e-05,0.678,0.308,0.132,145.999,4,trance,0.20015461312613914,0,0
2RotDMmg3PeoEFLiqsXUS7,Sara Kays,Coffee Moment,When You Look at Me,0,170375,False,0.641,0.293,2,-10.711,1,0.0291,0.836,0.0,0.217,0.373,129.849,4,indie-pop,0.6184744274285883,1,2
0akp96dzRtVRv1Gi38zSwG,Bryan & Katie Torwalt,Here On Earth,You Saved My Soul,23,229320,False,0.373,0.37,2,-12.215,1,0.0276,0.234,0.0294,0.106,0.149,77.853,4,world-music,0.3836863309693831,0,1
5jVZ30CRGKtJSW28BGHngB,Hip Hop Harry,Party Jams,I Love To Learn,11,115333,False,0.878,0.447,11,-8.132,1,0.0945,0.0142,0.0,0.187,0.96,140.039,4,kids,0.25262441029600785,0,0
2m1i5LGICAfZWb5vqmfNrX,Björn Holmgren,LUGNA LÅTAR,Ut med allt,0,141333,False,0.606,0.591,9,-4.05,1,0.0305,0.106,0.0,0.0859,0.427,128.097,4,swedish,0.39178204824286544,0,1
5zeEJ1VgT5AKvxSsnYMloY,Megadriver,For Great Justice,"Metal Squad (From ""Thunder Force IV"")",20,214694,False,0.286,0.965,1,-5.226,1,0.18,3.51e-05,0.878,0.394,0.187,195.011,4,heavy-metal,0.3254066668502361,0,0
0e3yTHRm6szezE58oTf81t,Clean Bandit;A7S,Baddest of Them All,Everything but You,0,198014,False,0.679,0.764,6,-5.301,1,0.0391,0.031,9.05e-06,0.0951,0.471,124.977,4,funk,0.28649112995261056,0,0
6YhmCXNLuVzvfc44ZB1uhM,The Police,On air 70's Hits,Message In A Bottle - Remastered 2003,3,290280,False,0.568,0.808,1,-7.042,0,0.0378,0.0327,1.08e-05,0.218,0.849,151.12,4,rock,0.2860355100152525,0,0
1eoQsc67QBYVC4Pw84Lqk8,9mm Parabellum Bullet,Rock & Halloween,Vampiregirl,1,191786,False,0.378,0.934,11,-3.702,0,0.107,0.0013,0.0149,0.322,0.602,159.829,4,j-pop,0.3263507936921563,0,0
17Iq7ApAAlNFD2FkY2YtsV,Behemoth,The Satanist,The Satanist,40,333826,True,0.374,0.943,6,-4.108,0,0.0556,0.000175,0.000156,0.125,0.338,112.084,4,black-metal,0.30677664311873376,0,0
6wt5fq3i6DayHetAx6ZGwv,Mike Williams,Storylines,Best Part Missing,0,193636,False,0.53,0.799,8,-5.631,1,0.0551,0.0113,0.0,0.896,0.307,131.972,4,progressive-house,0.4535365691653877,1,1
2vpVR1L7Qfkd7D6qFNuorq,Ryn Weaver,The Fool,Pierre,61,202733,False,0.607,0.827,9,-4.282,1,0.0484,0.289,2.95e-06,0.719,0.552,100.062,4,indie-pop,0.28929883420739233,0,0
2M5t4tdhZ9W3Eys2HDCjbY,FKA twigs;The Weeknd,On Chill - Rap & RnB,tears in the club,0,196760,True,0.616,0.717,8,-6.178,1,0.11,0.194,9.81e-05,0.0731,0.72,167.99,4,alternative,0.33086391008280913,0,0
7dsWVHW3noaS5KtlMmBwqQ,Miso Colt,City Lights Spell Your Name,City Lights Spell Your Name,46,210200,False,0.765,0.245,0,-12.94,1,0.0983,0.667,0.826,0.106,0.434,75.005,4,study,0.40773019830776747,0,1
4BcJHAfuQXCnFtT0kesqu8,Pyotr Ilyich Tchaikovsky;Berliner Philharmoniker;Mstislav Rostropovich,Weihnachten Klassik 2022,"The Nutcracker (Suite), Op. 71a, TH. 35: IIb. Dance of the Sugar-Plum Fairy",0,126000,False,0.277,0.0113,4,-38.384,0,0.0285,0.769,0.00268,0.321,0.0725,102.532,4,classical,0.6743996433732452,1,2
6FT83pFXKhDlXDsNJFAHWz,Chuck Berry,St. Louis To Liverpool,You Never Can Tell,70,161906,False,0.525,0.852,7,-9.519,1,0.222,0.731,5.11e-05,0.218,0.884,157.404,4,r-n-b,0.3444800858731972,0,0
5r9VYut4Olz5p0QAjWTwt5,Peggy Lee,Jingle Bell Rock 2022,Happy Holiday,0,115506,False,0.369,0.499,6,-9.301,1,0.0448,0.829,1.75e-06,0.154,0.69,192.76,3,jazz,0.5558439873755769,1,1
3bHI0o9TLQ2jJzjr0ES7dX,Guru Randhawa;Dhvani Bhanushali,High Rated Gabru - Guru Randhawa,"Ishare Tere (From ""Ishare Tere"")",59,189151,False,0.707,0.941,1,-2.606,0,0.041,0.0173,3.65e-05,0.134,0.337,99.013,4,hip-hop,0.17663029453235346,0,0
6kvvMuXpc0njRRmx8C27N8,Static-X,Post-Millennial Noise,Cold,0,220400,False,0.457,0.962,0,-3.722,1,0.0495,0.000455,0.00271,0.319,0.721,150.039,4,industrial,0.23701239720919937,0,0
4YkyJwNJc2c5RvsbEg1jKp,Connate Exasperation,Delusional Primacy,Egoistic Demise,0,384962,False,0.486,0.977,7,-4.172,1,0.148,3.71e-06,0.913,0.104,0.0835,100.026,4,iranian,0.21684772066779612,0,0
7vPaMOFsH5Rlg9rGwVlkBV,Plan 4,Lleva Tu Mente al Limite,Jamás Tendrás Mi Gloria,24,246986,False,0.32,0.986,1,-3.266,0,0.133,7.1e-05,0.000222,0.316,0.414,175.822,4,heavy-metal,0.31136247909839665,0,0
0g4YiFtjtBbp8Tqdr9H2j2,Firelite,Running In The Night,Running In The Night,23,182710,False,0.479,0.888,8,-5.997,0,0.153,0.00614,0.00105,0.339,0.225,154.86,4,hardstyle,0.29869984740377775,0,0
1wzZ9SaE5PYW5jps5q1c24,KOHTA YAMAMOTO,Attack On Titan The Final Season Original Soundtrack 02,Footsteps of Doom,49,306373,False,0.102,0.581,5,-9.61,1,0.0394,7.19e-05,0.88,0.297,0.171,79.765,3,anime,0.39006208700503814,0,1
0RsOUnm1wNpbXxZ8a4abOP,Nightwish,Dark Passion Play,Amaranth,58,231444,False,0.558,0.859,2,-3.992,0,0.0421,0.00469,0.00196,0.0831,0.31,127.98,4,opera,0.20078088698529883,0,0
4i4yd6kbdea6vJdTa516dk,Norah Jones,Holiday Tunes 2022,Christmas Calling (Jolly Jones),0,200461,False,0.43,0.543,8,-6.296,1,0.0367,0.463,0.000523,0.0928,0.354,143.912,4,j-pop,0.49197424392517203,1,1
72RD8jifCUa7JtwQNSzadN,Morgan Evans,Burn Burn Burn - Hot Country Hits,Country Outta My Girl,0,202613,False,0.448,0.932,7,-4.424,1,0.0976,0.0174,0.0,0.347,0.709,187.813,4,country,0.36609518957508835,0,1
7Bcjjhemjq1HxoWkTw4X6O,Marilyn Manson,Halloween Spooky Party 2022,The Beautiful People,0,222773,True,0.609,0.948,9,-4.938,1,0.113,0.00404,0.0978,0.042,0.786,144.037,4,metal,0.16721897418024845,0,0
5D8VfHh23WSkySUEp20pKN,CHVRCHES,Love Is Dead,Never Say Die,39,263645,False,0.533,0.678,1,-4.401,0,0.0334,0.00779,6.69e-05,0.132,0.0596,111.027,4,synth-pop,0.3375156428138835,0,0
4IQgbTjXZfINWOS5TKL6T0,The Avener;Ane Brun,The Wanderings Of The Avener,To Let Myself Go,53,254160,False,0.773,0.842,7,-4.433,0,0.0689,0.213,0.731,0.139,0.601,118.038,4,deep-house,0.22025552388475517,0,0
6PDQQChY0Jz7440TTgsfOz,Mini Pop Kids,Mini Pop Kids 18,Stuck with U,12,215826,False,0.541,0.42,8,-6.341,1,0.0527,0.289,0.0,0.068,0.349,178.999,3,kids,0.36172308321952523,0,1
089RvMWm7LDTQbPNTTMCXH,Jessy Bulbo,Taras Bulba,Mi Muñequita Sintética,37,198786,True,0.62,0.849,11,-3.563,0,0.0336,0.154,3.81e-05,0.365,0.78,150.083,4,garage,0.2924394870285698,0,0
5p4CTFlVzdpsmO4YJyZH6N,Wibke Komi,Inner Locket,Inner Locket,9,98666,False,0.598,0.264,3,-15.032,1,0.047,0.507,0.853,0.146,0.105,134.993,3,study,0.47076676315361754,1,1
32By63ejJIcJka9uDcO0A9,Wolfgang Amadeus Mozart;Wiener Mozart Ensemble;Willi Boskovsky,Mozart - All Day Classics,"7 Minuets, K.65a: No. 5 in C Major",7,98560,False,0.592,0.0557,0,-20.601,1,0.0493,0.958,0.0373,0.0642,0.709,142.897,1,classical,0.56442197341174,1,1
4jCxB08UPEgCRa1JXRNIpt,Susumu Yokota,Acid Mt.Fuji (2016 Remaster Deluxe Edition),Tanuki,12,523755,False,0.743,0.961,6,-9.085,1,0.0913,0.208,0.892,0.453,0.336,128.853,4,idm,0.2663794837080745,0,0
6BFqJdjynoNSJiWyznyFJ6,Dolly Parton;Jimmy Fallon,Holly Jolly Christmas,All I Want for Christmas Is You,0,244874,False,0.42,0.755,7,-5.904,1,0.0584,0.593,0.0,0.204,0.361,149.918,4,country,0.4841924431161576,1,1
2KLzvAk1wr5dOIc50tPFfr,Dusty Springfield,60s Christmas Party,I Only Want To Be With You - Mono,0,155920,False,0.593,0.823,7,-4.289,1,0.0293,0.167,1.13e-06,0.0856,0.953,132.697,4,folk,0.30167395081686355,0,0
622TQRdxU1ELBgpEkkn1SS,The New Mastersounds,Breaks from the Border,On the Border,20,251186,False,0.78,0.934,11,-4.843,0,0.0426,0.118,0.738,0.0588,0.879,102.038,4,afrobeat,0.15276985293854325,0,0
4CGNLY0PVsVGubWkee0lbO,Benny Martin;The Wong Janice,Lovely (Piano & Cello),Lovely - Piano & Cello,38,180931,False,0.307,0.152,4,-16.993,0,0.035,0.983,0.887,0.148,0.167,127.512,4,disney,0.5381281675058552,1,1
1YrZuuVG0vZWvsahkSx5WC,Adele,Hello,Hello,40,295502,False,0.578,0.43,5,-6.134,0,0.0305,0.33,0.0,0.0854,0.288,78.991,4,british,0.3903778482487137,0,1
2n33B7iUh4oRF37trcSq3M,Dither;Da Mouth of Madness,Defqon.1 2022,Veilinghallen,16,209333,False,0.592,0.964,2,0.643,1,0.182,0.00894,0.00457,0.169,0.343,179.969,4,idm,0.28529590443783387,0,0
4m5oQkl97FW74iVOMFgzHX,Traditional;Cappella Musicale di Santa Maria in Campitelli di Roma;Vincenzo Di Betta,Giovannini: Messa a Quattro Breve Concertata,Communio: Quae mihi fuerunt,0,49000,False,0.13,0.0694,11,-29.206,1,0.0578,0.975,0.000708,0.13,0.133,74.389,4,sleep,0.7739793728675095,1,2
6JilFqhtGTaEdKH6EYf10j,Kevi Jonny,Repertório Atualizado: Agosto 2021,Arranhão,39,143278,False,0.692,0.661,4,-3.124,0,0.11,0.357,0.0,0.296,0.673,138.108,4,forro,0.31602457245927923,0,0
6PqTOT3AZ4UEhyibLGM1th,Filipe Escandurras,"Escandurras In Samba, Vol. 1","Não, Não Vou - Passa Lá em casa",42,166549,False,0.611,0.767,4,-4.951,0,0.13,0.337,0.0,0.194,0.726,174.881,4,pagode,0.3363663603423721,0,0
6itPsWk0k1sd6yffGoqR30,Timothy Infinite,We Wish You a Merry Christmas,We Wish You a Merry Christmas,27,133636,False,0.706,0.584,4,-8.492,1,0.0289,0.694,0.879,0.0759,0.339,131.969,3,study,0.32621394269437337,0,0
3M2yijPkv7eFEdOSNG3xTV,Slank,PISS,Percuma,35,215066,False,0.307,0.632,0,-8.513,1,0.0454,0.138,0.0,0.0478,0.497,171.829,4,blues,0.47088078046933035,1,1
78lA0dzTRBVztaaaanp0xv,Thorsten Flinck,Vildvuxna rosor,Här och nu,35,211266,False,0.614,0.682,9,-6.589,0,0.0243,0.0241,0.00151,0.3,0.822,104.005,5,swedish,0.280613861358443,0,0
6mvhi5xZsGJeWyf1uyiW0r,Beret;Sofía Reyes,Prisma,Lo siento (feat. Sofía Reyes),63,232655,False,0.46,0.463,2,-6.798,1,0.0769,0.645,0.0,0.13,0.17,79.719,4,spanish,0.39860424627226576,0,1
5phE1igsuw7TfOm07L5Ih8,Salserin,Entre Tu Y Yo,Tu Eres La Que Amo,28,275226,False,0.631,0.834,7,-5.714,1,0.0503,0.541,2.67e-05,0.0395,0.679,170.068,4,salsa,0.2908627698320559,0,0
6t2gHlvw7kTK6M7M5f7S6K,Bonobo;Joji,Fragments,From You,56,210280,False,0.655,0.499,0,-10.039,0,0.0433,0.569,0.763,0.111,0.255,140.022,4,electronic,0.4039325564498521,0,1
6sn3FHCq2csvNkq2h9Au8V,Nik Kershaw,The Riddle (Expanded Edition),The Riddle,64,234840,False,0.578,0.655,9,-7.935,1,0.0277,0.121,6.91e-06,0.137,0.898,101.889,4,synth-pop,0.1898614105698181,0,0
1gPJ3F2p8rwhlzr1AF58W7,Mefjus;Camo & Krooked,Sientelo,Sientelo,58,290742,False,0.528,0.934,1,0.42,1,0.168,0.00308,0.00614,0.084,0.41,174.91,4,drum-and-bass,0.28439113348378814,0,0
2KWCHX9hCadTNbUhLWvDDq,Maneva;MC Hariel,Caleidoscópico,Banco De Areia,47,174106,False,0.607,0.704,8,-6.567,1,0.0488,0.101,0.0,0.3,0.897,162.944,4,r-n-b,0.2198962049321907,0,0
21oVuMsExsCE5URr3c9LNd,Quantic;Alice Russell;Quantic and His Combo Barbaro,Look Around the Corner,Magdalena,23,205533,False,0.525,0.64,0,-7.929,1,0.0477,0.301,0.0,0.129,0.765,122.756,4,trip-hop,0.3379649258143615,0,0
4QBrx05HrLnohYaS1cPGHO,El Canto Del Loco,Zapatillas,Volvera,60,229746,False,0.568,0.892,1,-3.091,1,0.0464,0.0111,0.0,0.379,0.783,126.02,4,spanish,0.17217082191536953,0,0
73zy4MKYPhb6PHha89j6rl,The Disco Boys;Jay Frog;Fabrizio Levita,"Electronic Club Charts, Vol. 1",Promised Land,0,163548,False,0.732,0.923,11,-5.217,1,0.0873,0.00219,0.0137,0.322,0.762,125.015,4,german,0.31321926753527063,0,0
5z67UwAsoj82teXC8Im1RI,Lianne La Havas,Supa Chill,Elusive,0,235666,False,0.707,0.409,9,-8.68,1,0.0348,0.484,6.09e-06,0.184,0.428,134.021,4,british,0.45112693450334607,1,1
5qfEmjeLreWeSI0Sntk9f0,Carl Craig,Deviation Classics,Sandstorms - C2 2011 Version,7,474424,False,0.582,0.685,1,-13.318,1,0.0359,0.00215,0.897,0.106,0.374,119.142,4,detroit-techno,0.30420308363360243,0,0
4mvQh5HXuhdTh1wmiyTAQm,DJ Pierre;Green Velvet;Phuture,Acid Trax 2011,Acid Trax 2011 - 2011 Mix,5,557727,False,0.696,0.991,10,-5.565,0,0.0503,0.0239,0.841,0.0831,0.642,127.986,4,chicago-house,0.25523690300891555,0,0
6AGOKlMZWLCaEJGnaROtF9,Ritt Momney,Put Your Records On,Put Your Records On,77,210463,False,0.399,0.491,6,-10.778,0,0.0538,0.0563,0.00089,0.11,0.151,91.066,4,indie-pop,0.3690516389507146,0,1
3g3Ht5QpT6uPLmAmDVQOjj,Sub Zero Project,Renaissance Of Rave,Nightwatch Underground,47,217599,False,0.424,0.846,1,-6.745,1,0.0649,0.000141,2.4e-06,0.0999,0.0887,160.036,4,hardstyle,0.25753173867025847,0,0
5T9aWINkvC8GtmcFI2TZAb,Kail BRL;Tobal Mj,Mercedes,Mercedes,50,220212,False,0.847,0.631,4,-6.4,0,0.187,0.121,0.0,0.146,0.716,93.961,4,reggae,0.1834088651570673,0,0
1nLMg38PDt2BKzAvgrvjHj,La Oreja de Van Gogh,Cometas por el Cielo en Directo Desde América,Cometas por el Cielo - Directo Mexico,26,334733,False,0.462,0.827,4,-7.946,1,0.0627,0.0591,0.00013,0.977,0.248,142.051,4,spanish,0.41039271023708246,0,1
1eK9FbqhWUoolfJdiQtKaO,Jota Quest,Acústico Jota Quest,Vem Andar Comigo - Acústico,40,274539,False,0.464,0.284,7,-14.977,1,0.0307,0.778,0.0,0.695,0.458,147.137,4,mpb,0.528107546900172,1,1
5nXrWTKE1GSzZLLP7dqxxj,Templo Soul;Pregador Luo,Ao Vivo,Último Dia - Ao Vivo,26,304493,False,0.653,0.897,10,-5.939,0,0.161,0.184,0.0,0.541,0.513,91.965,4,groove,0.2831663457268013,0,0
1JMOA0BL1PvJxQ1wU7AGto,葉玉卿,擋不住的風情,卿卿我我,18,240600,False,0.722,0.548,2,-9.077,0,0.0291,0.582,0.0,0.214,0.417,106.961,4,cantopop,0.39281513120459943,0,1
4Y22ZNmlzAbwZ7b9dm9NyN,The Bluegrass Album Band,The Bluegrass Album,On My Way Back To The Old Home,29,152800,False,0.417,0.592,10,-13.715,1,0.0361,0.381,0.00153,0.276,0.965,153.16,4,bluegrass,0.38077816476575793,0,1
7jrkBLvhjeNs7X86wL3jKf,Lamb of God,Omens,Vanishing,55,288657,False,0.533,0.983,5,-5.175,1,0.107,9.47e-05,0.49,0.136,0.12,122.011,4,groove,0.2289380429709715,0,0
0rTtmm1wk1CMermrvRBFyo,Viva La Panda,Here Comes The Sun,Here Comes The Sun,58,168960,False,0.652,0.777,10,-8.303,1,0.0317,0.00612,0.603,0.102,0.0715,124.97,4,deep-house,0.15020001804747707,0,0
2wtpyd1UwiqtGgVtGhF1jR,Tony Rice;Vassar Clements;Jerry Douglas;Todd Phillips;Sam Bush;Béla Fleck,Cold On The Shoulder,John Hardy,25,209132,False,0.456,0.476,7,-15.652,1,0.0306,0.357,0.00308,0.302,0.963,146.198,4,bluegrass,0.47503948755034414,1,1
38xEWWzVAy7TSKtdAtS71K,Gabriel Brito,Eu Não sou Mais Órfão,Eu Não sou Mais Órfão,41,273802,False,0.407,0.697,1,-5.915,0,0.0372,0.0853,0.0,0.0894,0.137,141.873,3,gospel,0.319618745667766,0,0
4AuLkMqJdyQyGeShCU5ik3,itssvd;Shiloh Dynasty,Safe,Safe,67,78214,False,0.608,0.461,11,-13.083,0,0.146,0.828,0.00104,0.107,0.512,114.886,4,chill,0.44526183940758357,0,1
5H3JW2JiQG432dldneCyW1,JP Cooper,Pop Fun and Christmas Music 2022,September Song,0,220290,False,0.614,0.615,0,-6.7,0,0.0444,0.054,0.0,0.0921,0.374,95.942,4,house,0.34098671989396434,0,0
27YD36FUikKxbp3bKSiKGZ,Seven Lions;SLANDER;Dabin;Dylan Matthew,First Time (feat. Dylan Matthew),First Time (feat. Dylan Matthew),56,297782,False,0.422,0.677,11,-5.76,1,0.0365,0.251,3.55e-06,0.16,0.146,150.131,4,progressive-house,0.31461547280987595,0,0
7arsXR8AtExnOFN3v3HiJI,Alesso;CORSAK,Going Dumb,Going Dumb,65,168601,False,0.834,0.678,6,-6.242,0,0.0515,0.0546,0.263,0.103,0.551,121.995,4,electro,0.10957653744972452,0,0
4Gbvsz5oOesTeYiod5Wwra,Poshlaya Molly,8 способов как бросить…,Ханнамонтана,54,190818,True,0.566,0.906,7,-5.199,1,0.0681,0.000741,0.0,0.343,0.405,141.025,4,electronic,0.22126930016869284,0,0
6ZcsZ7iNQ6S4t1UIV8AyRA,Easy Star All-Stars;Mykal Rose,Easy Star's Thrillah,Beat It (feat. Michael Rose),25,324226,False,0.724,0.683,3,-6.774,0,0.0292,0.00807,0.00363,0.0994,0.796,114.97,4,dub,0.2996396554125848,0,0
463CkQjx2Zk1yXoBuierM9,Dua Lipa;DaBaby,Levitating (feat. DaBaby),Levitating (feat. DaBaby),78,203064,False,0.702,0.825,6,-3.787,0,0.0601,0.00883,0.0,0.0674,0.915,102.977,4,dance,0.05751443161558961,0,0
4NTu70ZIAkr6ZQJVkFCTez,The Masochist;Dj Promo;Shaolin,Thunderdome Die Hard II (Digital Version),Killing Scum - DJ Promo Meets Shaolin Mix,23,359000,False,0.646,0.992,9,-3.125,1,0.17,0.0399,0.614,0.339,0.176,151.861,4,happy,0.2417736002312469,0,0
2aX1zws7bVjTLbS1cYZK2W,Scorpions,Fishing Music,Wind Of Change,0,311240,False,0.429,0.63,0,-7.392,1,0.0329,0.078,0.0,0.104,0.211,151.627,4,hard-rock,0.3188242606121462,0,0
05W8PJmja6rf2jlXf57C5a,Hillsong Worship;Chris Davenport,These Same Skies (Live),Secret Place - Live,37,327625,False,0.301,0.297,2,-12.963,1,0.0354,0.419,0.0,0.111,0.146,129.829,4,world-music,0.5067805588643325,1,1
4q03M26EkNeEquxx8iieyS,Panic! At The Disco,Timeless Rock Hits,I Write Sins Not Tragedies,3,187613,False,0.565,0.792,9,-4.983,0,0.132,0.0913,0.0,0.114,0.639,170.076,4,rock,0.36469418224013744,0,1
5gnXJhg3zGHWvrgplrVrxH,Joe Stone;Four of Diamonds,Superstar,Superstar,51,179999,False,0.651,0.753,3,-4.956,0,0.0518,0.11,0.0,0.249,0.355,123.954,4,groove,0.2051989558861762,0,0
6QtGvxBKckuEtXKBbqC3JX,Pop Evil,Eye of the Storm (Into The Vortex Remix),Eye of the Storm,55,234149,False,0.51,0.808,1,-5.694,0,0.0413,1.7e-05,1.91e-05,0.149,0.396,119.991,4,grunge,0.22460017320231385,0,0
68L8UtN78zj2DbmxJwcfQU,Charlie Brown Jr.,De 1997 A 2007,O Côro Vai Comê,34,140303,False,0.713,0.838,0,-4.404,0,0.0438,0.0687,4.64e-05,0.363,0.975,147.602,4,hard-rock,0.1894084089113516,0,0
7qxDU2QyH24KHW0OSGotVw,The Heavy,The House That Dirt Built,Short Change Hero,60,322266,False,0.68,0.64,1,-6.691,0,0.0336,0.29,0.00593,0.124,0.738,105.981,4,garage,0.3076567107809289,0,0
1Titm76tFsIqqjjITUYRfx,Maria Rita,O Samba Em Mim (Ao Vivo Na Lapa),"É Corpo, É Alma, É Religião - Ao Vivo Na Lapa",37,226694,False,0.433,0.829,6,-7.738,0,0.169,0.501,0.0,0.966,0.837,110.48,4,samba,0.4939635948444388,1,1
7aqbM1anoTfbbQKQqwMrER,Midian Lima,Midian Lima Live Session,Prioridade,45,251611,False,0.44,0.489,4,-8.725,1,0.0392,0.254,0.0,0.709,0.239,94.026,4,brazil,0.43004573908123356,0,1
06ypiqmILMdVeaiErMFA91,The Beatles,Rubber Soul (Remastered),Drive My Car - Remastered 2009,65,148893,False,0.754,0.571,2,-8.547,1,0.0421,0.0173,0.0,0.3,0.82,122.463,4,psych-rock,0.19311056807630142,0,0
19gCnDoMbugHhF7eMpLpe1,Pink Sweat$,PINK PLANET,Honesty,70,189000,True,0.66,0.139,6,-16.339,0,0.0323,0.964,1.1e-05,0.105,0.312,79.975,4,chill,0.3996758955448303,0,1
6351i7WOJI5fYE74IJFksw,Afrocidade;Nildes Bomfim,Vivão,Canoeiro (vinheta),19,36006,False,0.573,0.92,11,-8.486,1,0.61,0.786,0.0,0.87,0.4,110.488,4,afrobeat,0.5448214991216764,1,1
4KlL5Bwlm4yHYxr0B2rHci,Tom Odell,Long Way Down (Deluxe),Heal,74,193080,False,0.445,0.179,1,-12.938,1,0.0396,0.952,0.00056,0.107,0.119,72.246,4,chill,0.5777764171034141,1,1
2Pt3O4v8t2PwpfHm0BD0yY,Jarabe De Palo,Grandes Exitos?,Grita,28,212226,False,0.49,0.694,4,-7.77,0,0.0463,0.0645,6.55e-05,0.106,0.292,200.064,4,spanish,0.3290447702330934,0,0
6lteVRvoLsJ6sMbphN6yaC,my little airport,"我們在炎熱與抑鬱的夏天,無法停止抽煙",畢業變成失業,30,136294,False,0.423,0.607,0,-7.079,1,0.0382,0.0944,0.0,0.204,0.808,145.954,4,cantopop,0.31397234739289426,0,0
60nwvOMLA1uzLHz3CLp4Na,BTS,Love Yourself 結 'Answer',Airplane pt.2,60,218614,False,0.77,0.817,0,-4.092,0,0.0339,0.0265,0.000103,0.084,0.866,139.979,4,k-pop,0.19167902539474307,0,0
77O3rYXhVwwd7IGZZuzBnW,André Leono;Samuel Messias,André Leono (Ao Vivo),Você Não Vai Parar (Ao Vivo),27,255976,False,0.464,0.455,9,-8.732,1,0.0337,0.334,0.0,0.31,0.131,124.154,4,disney,0.43212733643326684,0,1
4GBZUZe04pHVN0TLhejCSS,Hans Zimmer,Interstellar (Original Motion Picture Soundtrack) [Expanded Edition],Coward,52,506876,False,0.427,0.262,0,-18.505,1,0.0429,0.244,0.879,0.227,0.0405,119.983,4,german,0.4669293892204382,1,1
6sJRYw9CnzDyZ3mBOAVtNN,Los Amigos Invisibles,Commercial,Dulce,33,303213,False,0.758,0.819,11,-5.945,0,0.0528,0.0646,0.000168,0.138,0.827,117.971,4,afrobeat,0.3273807792619138,0,0
0pSL76Z9uhRAfFd09VmF24,DJ Snake,Carte Blanche,When The Lights Go Down,42,231037,False,0.595,0.952,5,-1.892,0,0.042,0.0269,0.671,0.109,0.59,159.996,4,electronic,0.1848662900837252,0,0
3cm4zTN16yE1lYypTRQzmL,Hate,Rugia,Resurgence,21,220204,False,0.139,0.962,10,-4.629,1,0.0808,3.88e-06,0.457,0.443,0.0935,143.743,4,death-metal,0.41446988820523584,0,1
1BubUaiRcdN5mdhBS27Pkf,Las Olas Del Mar,Las Olas del Mar,Las Olas del Mar,31,62563,False,0.136,0.863,7,-28.098,1,0.0699,0.545,0.923,0.504,0.00766,142.748,3,world-music,0.563461788144751,1,1
2d8BqbuiPrQhx0lyhDGXpg,The Prophet,The Hardcore Archive Part 3 (1997),I like It Loud (DJ Mix) - Extended Mix,0,396252,False,0.716,0.972,10,-5.634,0,0.0416,0.000145,0.0356,0.125,0.0837,92.457,4,happy,0.2127281101334948,0,0
6vcyFRfnhgeyOAsHpF7HVt,夜光性アミューズ,夜光性イントロデュース,百鬼夜光,21,177132,False,0.708,0.989,4,-4.339,0,0.139,0.0669,0.0,0.257,0.283,128.044,4,j-idol,0.3299999622483293,0,0
01ft7EehsvcgF5sjwG7LrH,Kai Wachi;Dia Frampton,Over My Head,Over My Head,50,238401,True,0.425,0.509,1,-5.455,0,0.0332,0.214,0.000189,0.108,0.0374,140.158,4,dubstep,0.36962435814995387,0,1
4eg6KLviLgdE9ZKLVwteq9,Traditional;Aeolian Kammerchor,"Classical Christmas, Vol. 2",Es Ist ein Ros Entsprungen (Remastered 2014),0,186567,False,0.146,0.132,5,-20.822,1,0.0408,0.993,0.734,0.107,0.0787,80.39,4,sleep,0.6772379623203142,1,2
1louJpMmzEicAn7lzDalPW,Cheat Codes;Demi Lovato,No Promises (feat. Demi Lovato),No Promises (feat. Demi Lovato),67,223503,False,0.741,0.667,10,-5.445,1,0.134,0.0575,0.0,0.106,0.595,112.956,4,electro,0.20714192374379023,0,0
4nOTezy4NW6TNxyvZd724n,Los Miserables,Alegría y Subversión,La Cábala,36,212044,False,0.548,0.942,2,-4.994,1,0.0683,0.108,0.0,0.339,0.746,99.613,4,hardcore,0.2589078204752816,0,0
17ABEspeSa35FH8R7ikkjT,Juan D'Arienzo;Alberto Echagüe,50 Tangazos,Cambalache,21,171986,False,0.621,0.439,2,-6.849,1,0.0635,0.987,0.31,0.187,0.851,127.637,4,tango,0.4602189505680895,1,1
3IDF7N86lrcWaJEt9C1gbS,Official HIGE DANdism,Cry Baby,Cry Baby,66,240284,False,0.318,0.902,1,-4.605,1,0.131,0.0116,0.0,0.393,0.437,199.844,4,rock,0.35974634661836974,0,1
2gwqNSjWizu6CkIdRaAr6p,Instrumental Worship Project from I’m In Records,Adoração (Instrumental),Cordeiro Que Sofreu,35,312744,False,0.572,0.0745,6,-16.153,1,0.0314,0.988,0.949,0.11,0.152,137.708,4,piano,0.5481927720645869,1,1
6FZ9AGWd52u7sdvlYx0iuD,Romanthony,Floorpiece (2014 Remixes),Floorpiece - Extended Mix,5,588416,False,0.835,0.675,11,-6.846,0,0.0527,0.0144,0.744,0.0775,0.358,127.743,4,chicago-house,0.3110714969845113,0,0
7jb65juKqmYcQg5qXhJSVw,Talita Barreto,Vida Leve,Vida Leve,35,176417,False,0.605,0.495,9,-8.534,1,0.0363,0.295,0.0,0.0868,0.546,163.851,4,groove,0.4649005831035128,1,1
3f7R2mM3AS3NKhPzVE8M0e,Ben Zucker,"Na und?! Live! (Live At Grosse Freiheit 36, Hamburg / 2018)","Dein ist mein ganzes Herz - Live At Grosse Freiheit 36, Hamburg / 2018",37,217166,False,0.419,0.979,7,-4.147,0,0.166,0.18,0.0,0.915,0.271,152.967,4,german,0.475998841602438,1,1
23gcQr3NRKzLXsP9H5jFQ1,Elijah Who,Gentle Boy,my new love,64,65790,False,0.614,0.277,1,-11.943,0,0.042,0.967,0.891,0.0698,0.236,84.938,4,sad,0.44104601470442095,0,1
02ocOpp3OlYjjFvhvBDljE,Slipknot,Metal Lives!,Duality,0,252613,False,0.354,0.982,4,-3.026,0,0.168,0.000237,0.000301,0.204,0.194,143.79,4,alternative,0.40289789618226135,0,1
5maosvba9QkQP14u6vtxog,Roosevelt,Elliot - EP,Montreal,58,236335,False,0.669,0.642,5,-9.004,1,0.0515,0.00221,0.834,0.203,0.838,115.973,4,disco,0.16218272859789096,0,0
0F245o4yDaGy2leKy2l2Ae,Spice;Demarco;Meeka,Jiggle,Jiggle,43,132815,True,0.603,0.687,6,-3.675,1,0.166,0.244,0.0,0.106,0.696,103.691,4,j-dance,0.2552434382498171,0,0
3Yn97I3qIj7Px0Bi4rkD2q,Dan Stevens,Beauty and the Beast (Original Motion Picture Soundtrack/Deluxe Edition),Evermore,64,194541,False,0.285,0.396,1,-8.741,1,0.0318,0.674,6.6e-05,0.102,0.219,79.442,3,disney,0.5257059141310141,1,1
1e69HpGrDdfIWAsRuBS4T4,Attaque 77,Ángeles Caídos,Angeles Caídos,34,159200,False,0.519,0.896,8,-9.341,0,0.0358,0.000374,7.17e-05,0.0884,0.882,128.355,4,ska,0.18275242680965337,0,0
3khuK9er8MWf0Ok3ubdiqQ,Cameron's Bedtime Classics,Lullabies and Nursery Rhymes,Mary Mary Quite Contrary - Original Mix,19,43000,False,0.797,0.259,5,-15.188,1,0.0624,0.921,0.904,0.113,0.476,126.353,4,disney,0.4976849779631153,1,1
7Kjole4GMWXuxW2f42qvku,Tourneecast 2011;Tourneecast 2012,Elisabeth - Das Musical - Live - Gesamtaufnahme der Jubiläumstournee 2011/2012,Wenn ich dein Spiegel wär,20,249186,False,0.341,0.282,5,-11.424,0,0.0439,0.78,0.0,0.234,0.0911,176.423,4,show-tunes,0.4860790763255202,1,1
4XNNf7EtykRU3gCVsnvssV,Billboard Baby Lullabies,Lullaby Renditions of Moana,How Far I'll Go,23,166660,False,0.383,0.15,4,-17.672,1,0.0478,0.981,0.901,0.0918,0.0592,162.736,4,disney,0.5850577328637095,1,1
5DPi7EE9aLbA39b3uWlv6z,Alugiana,A Glória,A Glória,38,301080,False,0.564,0.73,4,-5.538,0,0.0361,0.274,0.0,0.119,0.272,131.87,4,gospel,0.2843048336847559,0,0
2RAEtFZQd4TZexKgblZNgA,Wisin & Yandel;Anthony Santos,Última Misión Reggaeton,Noche De Sexo,0,205773,True,0.721,0.714,11,-5.436,0,0.234,0.107,0.0,0.562,0.506,94.002,4,latino,0.45194413140016615,1,1
6wkK6fbl1vNpdTbigZjG2v,Nogizaka46,今が思い出になるまで (Complete Edition),トキトキメキメキ,18,240826,False,0.573,0.964,5,-3.487,0,0.0801,0.0331,0.0,0.221,0.74,145.061,4,j-idol,0.4284559797919524,0,1
5qSGluYlehBvgT2F9SFs9a,Arash Azadi,Mathematical Labyrinth,No + H=Harmony,0,386631,False,0.392,0.779,7,-10.917,1,0.202,0.000263,0.519,0.13,0.295,180.147,5,iranian,0.4324197747728713,0,1
2XMb1K8wCIMeUCyp1nAnUe,AMONGST THE ASHES,The Fabricated Monolith,Exalted Traitors,0,309833,False,0.54,0.944,5,-5.723,0,0.0445,0.000189,0.065,0.209,0.409,94.964,4,iranian,0.3063398585605973,0,0
4mr60Kigj314AZFFruc1zY,Astor Piazzolla,Lumiere,Zita,19,270120,False,0.514,0.248,9,-14.946,0,0.0386,0.794,0.92,0.0922,0.201,137.035,4,tango,0.4712275997740123,1,1
7jckam3u2rKAPqwscTcBY1,A. G. Cook,7G,Silver,40,122526,False,0.462,0.69,5,-7.192,1,0.0331,0.348,0.143,0.106,0.709,94.961,4,club,0.37951609164516137,0,1
2nekCvC9XRXQckWNnkIp2l,Neil Young,"Eat, Pray, Love",Harvest Moon,68,299106,False,0.645,0.321,2,-12.15,1,0.0263,0.521,0.000186,0.129,0.427,112.938,4,singer-songwriter,0.3978381873582736,0,1
6GWQkU4AmwFLNRdOhvIWKA,Mc Vzs;DJ Vilão,Escola da Vida,Escola da Vida,44,210000,True,0.737,0.496,9,-4.189,0,0.0638,0.373,0.0,0.243,0.29,80.011,4,funk,0.31227420416592905,0,0
7ygaeSuQR2Pn7ahgNUxslH,Joel Corry;MNEK,Feeling Good,Head & Heart,0,166028,False,0.734,0.874,8,-3.158,1,0.0662,0.168,1.14e-05,0.0489,0.905,122.953,4,edm,0.2524420989422055,0,0
2CvqA0HXoBk46epUacjLaB,Jon Kennedy,HA!,Bats in the Belfry,45,258925,False,0.654,0.57,1,-7.408,1,0.0279,0.125,0.943,0.144,0.0847,99.506,4,trip-hop,0.23178360314906096,0,0
4QR59n79ryUsgQNfDyyJFh,Tantrum Desire;Friction,Genesis (Friction Remix),Genesis - Friction Remix,16,253565,False,0.223,0.996,5,-3.548,1,0.11,0.00013,0.717,0.167,0.0529,131.308,3,drum-and-bass,0.32159327150802886,0,0
1bqbXMB4sjKR5QEkZRAm2h,Better Call Soul,Boom Bap a Lula,Boom Bap a Lula,36,164488,False,0.671,0.323,9,-10.097,0,0.0272,0.318,0.885,0.112,0.215,88.025,4,study,0.4681438618395128,1,1
6iodrB17WJr9E5JKvmOgDH,Nature Sounds;Rain Sounds Lab,Soothing Rain,Healing Rain,33,62222,False,0.157,0.966,1,-30.405,1,0.0514,0.125,0.992,0.886,1e-05,106.906,3,sleep,0.4156386883230686,0,1
1g6C5sgsJHqW4XAdLyDp9A,Otis Redding,Merry Christmas,Merry Christmas Baby,0,155560,False,0.71,0.291,5,-14.132,0,0.0338,0.35,0.0,0.128,0.856,101.517,4,soul,0.4377347148466168,0,1
1z2fSrYZqrO5tMqzULn9OD,Tyrone Wells,"The ""Hits"" | Acoustic",Days I Will Remember,30,201506,False,0.804,0.457,6,-7.845,1,0.197,0.6,0.0,0.15,0.552,98.035,4,acoustic,0.39190680571760356,0,1
4BuMHNAzKdsmQZnipQIrMo,Maria Rita,Maria Rita,A festa,40,269066,False,0.673,0.606,2,-9.571,1,0.0403,0.224,1.77e-05,0.0648,0.653,136.093,3,samba,0.32687924048508643,0,0
6IBcJbetgmkM0tLna5rq1q,twocolors,pov: it's 2021,Bloodstream,0,180619,False,0.586,0.715,11,-5.962,0,0.159,0.013,1.15e-06,0.54,0.59,120.971,4,edm,0.3200807845379411,0,0
0u5K7xSRTLnBkeERwTypzN,MEDUZA;Goodboys,pov: it's 2019,Piece Of Your Heart,0,152913,False,0.677,0.744,10,-6.806,0,0.0296,0.0405,0.000153,0.074,0.631,124.077,4,house,0.2704274991201659,0,0
49h88o4NI0i0WTkU2HN1JS,João Gordo,Brutal Brega,Eu Vou Rifar Meu Coração,22,141106,False,0.648,0.883,4,-7.021,1,0.037,0.00479,6.09e-06,0.396,0.949,130.027,4,rockabilly,0.2689324542765878,0,0
1zsrSsPEhdLSUDujjmFhgD,Endymion,Wide Awake,Wide Awake,25,204387,False,0.396,0.937,5,-2.527,0,0.0677,0.0773,0.0,0.0889,0.141,155.041,4,techno,0.23966496774654328,0,0
1py1ora7OEB4chQkj2JqDU,Azooma,A Hymn of the Vicious Monster,Chapter II: Eridanus Supervoid,0,511573,False,0.242,0.925,11,-5.486,1,0.108,4.76e-06,0.863,0.255,0.28,140.047,4,iranian,0.3688696477537001,0,1
15OCqNPYoLziEAsbVnqRj5,Mimi Webb,Good Without,Good Without,69,182121,False,0.616,0.576,11,-5.495,0,0.0532,0.0723,0.0,0.375,0.269,89.962,4,songwriter,0.3619602151663897,0,1
16qpwUfKEa6FImzuRv6y4C,Los Indios Tacunau,Grandes Exitos,Del Algarrobo al Ombu,30,147426,False,0.545,0.697,8,-8.325,0,0.0342,0.876,0.00578,0.0701,0.769,149.845,1,guitar,0.45173727719562,1,1
3alsIYiOE1PygAy2k8s2kO,Diante do Trono;Ana Paula Valadão,Águas Purificadoras - Diante do Trono 3 (Ao Vivo),Águas Purificadoras - Ao Vivo,46,965137,False,0.334,0.457,2,-8.338,1,0.0304,0.629,0.0,0.105,0.3,137.437,4,gospel,0.4995660133327233,1,1
1oV8hihVsAkSGaXT8vm7Hn,KAROL G;Mariah Angeliq,Clásicos de ahora: Perreo,EL MAKINON,0,209160,False,0.689,0.705,0,-3.224,0,0.102,0.256,1.06e-06,0.108,0.456,89.109,4,reggae,0.3637492800879326,0,1
1UbhL65L7MkAwduXtxQtJI,"Original (German) Cast of ""Tanz Der Vampire""",Tanz Der Vampire,Ewigkeit,24,325506,False,0.469,0.51,10,-10.411,1,0.0337,0.475,0.0393,0.123,0.0697,130.182,4,show-tunes,0.4553400586169172,1,1
4W5lqrBjMNk8kNCOIrWv6i,Venemy;DaNica,Need You Now,Need You Now,37,186947,False,0.517,0.603,6,-5.383,0,0.0806,0.0262,0.0,0.0855,0.183,189.723,4,dubstep,0.37324295155774245,0,1
1oEVFAAHzA8xPbPoaJB3bf,Los Auténticos Decadentes;Fernando Ruiz Diaz,En Vivo en el Palacio de los Deportes - 25 Aniversario,Un Osito de Peluche de Taiwán (feat. Fernando Ruiz Díaz) - Vivo en el Palacio de los Deportes,46,315425,False,0.364,0.873,2,-5.894,1,0.0455,0.174,0.0,0.939,0.235,98.146,4,ska,0.351530627923633,0,1
1zHRpKmV2WQlVt3bsb9iUZ,George Jones,The Essential George Jones,You've Still Got a Place In My Heart,23,184933,False,0.497,0.217,5,-13.719,1,0.0281,0.709,1.91e-05,0.0932,0.166,70.742,4,honky-tonk,0.4511298586124157,1,1
2VgVgYzM2f3OTwiuH5C9rP,Maelo Ruiz,Solo,Apasionadamente,30,277266,False,0.693,0.541,2,-14.333,1,0.0379,0.537,3.12e-06,0.0532,0.946,168.554,4,salsa,0.4127584398957405,0,1
5ibwMeVwibkJKWHO7kv0cV,UB40,Mirando las nubes,Red Red Wine,0,320866,False,0.815,0.359,1,-15.663,1,0.0572,0.00645,0.000101,0.0931,0.85,89.155,4,reggae,0.315841464681568,0,0
0nlf4YoPZOFA0QGoGoMwFo,Destino San Javier,Instinto,Justo Ahora,44,181266,False,0.715,0.733,10,-4.556,0,0.0288,0.364,1.36e-06,0.102,0.948,105.029,3,folk,0.2967781948588071,0,0
4Q8Xekfd9ihkVPCBxGK0ec,SPYAIR,MILLION,サクラミツツキ,56,217226,False,0.292,0.906,8,-4.073,1,0.0605,0.000256,0.000743,0.231,0.348,179.004,4,anime,0.26394905065056773,0,0
6bfDSsy4wnpn6B0de8Qrbx,BURNOUT SYNDROMES,BURNOUT SYNDROMEZ,Good Morning World!,58,249480,False,0.486,0.953,0,-2.244,1,0.0766,0.0505,0.0,0.115,0.595,95.574,4,j-pop,0.23145181115933808,0,0
2c5RmBHhMuSFjYt3UkHhKr,Couple Skate,Couple Skate/Haggus,Medical Waste Enema,17,84793,False,0.244,0.872,1,-8.925,1,0.152,0.000843,0.732,0.643,0.253,120.372,4,grindcore,0.35781732236414826,0,1
69gZrzHziUnf90fzYi2LLM,Lyn Lapid,Frühstücksmusik Herbst/Winter 2022/2023,The Outsider,0,180604,False,0.62,0.537,11,-6.462,1,0.0263,0.163,0.0,0.13,0.41,92.998,4,indie-pop,0.3533826765686593,0,1
7DmZ1e9hh9CUX0PZzZA25C,Dusty Springfield,Classic Christmas Music 2022,O Holy Child,0,144893,False,0.434,0.36,2,-8.602,0,0.0268,0.912,0.0,0.166,0.439,81.523,4,soul,0.6468804952526791,1,2
2GhwDDUHbfHF6YOwm9xilY,FelMax,Chapel,Chapel,38,201562,False,0.601,0.956,2,-3.759,1,0.0349,0.000395,0.877,0.242,0.0389,127.993,4,dub,0.2812564103891722,0,0
4eiEgo7GWtftftbPEATdIG,Lefty Frizzell,American Originals,"Saginaw, Michigan",19,182093,False,0.587,0.412,10,-13.534,1,0.0304,0.846,0.00125,0.124,0.828,145.614,3,honky-tonk,0.4709895743263564,1,1
2uZzgoNxvRXEzaE2ORQV0V,Joe Smooth;Floorplan,Promised Land (Floorplan Paradise Remix),Promised Land - Floorplan Extended Paradise Remix,5,435414,False,0.699,0.855,1,-5.798,0,0.0793,0.00427,0.00925,0.102,0.175,124.962,4,chicago-house,0.23556012006904645,0,0
7qzsvHOsaJdefeDwyZNGjY,Clutch,Groove Metal Roots & Branches,Texan Book of the Dead,0,174800,False,0.436,0.88,9,-8.547,1,0.0651,0.0154,0.0,0.205,0.683,112.012,4,hard-rock,0.29751724277166147,0,0
3NLrRZoMF0Lx6zTlYqeIo4,3 Doors Down,Away From The Sun,Here Without You,76,238733,False,0.557,0.533,10,-6.817,0,0.0252,0.0492,0.0,0.205,0.233,143.994,4,metal,0.24306068755838192,0,0
1TrkJKPYB2oFe3NRS4jJme,Hilight Tribe;Vini Vici,A State Of Trance Classics - Mix 014: Vini Vici,Free Tibet (Mixed) - Vini Vici Remix,52,194779,False,0.405,0.943,11,-5.154,0,0.0584,0.0569,0.48,0.613,0.4,103.492,3,trance,0.32275676112729457,0,0
5koDkemB6cdYV9H0mMzQXq,Nessa Barrett,Beautiful Trending Hits 2022,die first,0,177108,False,0.444,0.669,8,-6.727,0,0.125,0.0669,0.0,0.124,0.44,183.441,4,electro,0.36348671383866904,0,1
0uSd9wC6aZB4eZ6cTgF0SL,The Baseballs,Forever Young,Forever Young,22,182173,False,0.455,0.805,8,-5.346,1,0.037,0.445,2.84e-05,0.323,0.934,82.401,4,rockabilly,0.3784123768039593,0,1
43zxWOJB4F2pDy25tqAVBG,Purples,calvário,calvário,25,254840,False,0.36,0.583,4,-6.028,1,0.0403,0.455,0.0,0.199,0.216,131.478,4,groove,0.47197188282530805,1,1
2HFHMKuExajvpnKMERs3Wo,Modern Talking,Back For Good,Brother Louie '98 - New Version,41,216093,False,0.762,0.956,2,-3.398,0,0.0421,0.189,0.0747,0.318,0.961,118.311,4,synth-pop,0.16925915743380962,0,0
6DeIRzMM8sZaFD2eIkBxtZ,Benito Di Paula;Xande De Pilares,Zeca Apresenta: O Quintal Do Zeca Pagodinho (Ao Vivo),Retalhos De Cetim - Ao Vivo,36,223586,False,0.506,0.766,11,-7.771,0,0.136,0.472,2.34e-05,0.821,0.647,148.389,4,samba,0.5068898045694442,1,1
0fTUNF9d05iOUPZk1uFG4R,Samael,Ceremony of Opposites,Till We Meet Again,24,251706,False,0.357,0.943,1,-6.679,1,0.0608,0.000122,0.313,0.226,0.257,83.101,4,black-metal,0.24478757580346655,0,0
3rqtyU3hEBbdAKMVzQDl1Z,Nature Sounds,Rainforest - Sounds of Nature,Restful Rainforest Daytime Birds and Insects,33,570036,False,0.159,0.122,1,-19.339,0,0.0523,0.995,0.698,0.15,0.0191,130.894,4,sleep,0.7112189277506525,1,2
2q4PnncxGIm1oVQzu6hS2d,Peppa Pig,My First Album,Bing Bong Zoo,55,190891,False,0.8,0.573,0,-7.145,1,0.0501,0.6,2.15e-05,0.177,0.539,132.108,4,british,0.3058752630947473,0,0
7e4drOwx1oa6Da6kIpNDSM,Akina Nakamori,コンプリート・シングル・コレクションズ〜ファースト・テン・イヤーズ<ライノ・プレミアム・エディション>,飾りじゃないのよ涙は,20,250866,False,0.657,0.854,2,-5.317,1,0.0483,0.521,1.33e-06,0.19,0.806,88.462,4,j-idol,0.34271335442199774,0,0
0jjZdcrR3G0WUMtC51gApt,Dabin;NURKO;Donovan Woods,When This Is Over,When This Is Over,37,182988,False,0.609,0.639,11,-6.239,1,0.0297,0.0193,6.29e-06,0.0623,0.435,129.976,4,dubstep,0.32234448871492766,0,0
59RZGL6VqYByyTcMfSgu5V,Juan D'Arienzo y su Orquesta Típica,Serie 78 RPM : Juan D'Arienzo Vol.3,La Espuela,21,154866,False,0.709,0.407,2,-10.265,0,0.0387,0.974,0.901,0.267,0.743,110.086,4,tango,0.4711551533593845,1,1
51W6l9oiCDnlRNoLPivLxc,Graf Orlock,Destination Time Tomorrow,Corpserate Greed,11,138093,False,0.379,0.889,0,-7.553,1,0.513,0.00168,0.0,0.632,0.222,179.235,4,grindcore,0.4571158778058047,1,1
4TrUw8sj2mBsTJ97QonaoQ,Kenneth & The Knutters,"Tankad, packad och klar","Ung, villig och motorburen",37,230133,False,0.525,0.806,4,-8.566,1,0.0826,0.00944,7.62e-06,0.622,0.885,159.919,4,swedish,0.35376994489421143,0,1
3YcAw0Uc94mb7n8DHMFWRa,Max Manie,Sunday EP,"Sunday - KlangTherapeuten ""Looking For Summer"" Remix",56,368000,False,0.655,0.54,3,-10.11,1,0.031,0.0178,0.86,0.0899,0.375,124.041,4,deep-house,0.23012754922755807,0,0
1sWUT5hSawhEctQEQrVQdn,Miriam Yeung,Miriam's Music Box,可惜我是水瓶座,56,215333,False,0.537,0.385,3,-6.216,1,0.0391,0.841,0.0,0.0948,0.554,169.98,4,cantopop,0.5103393102871411,1,1
4oC3d0x8vVywKnvm7xgBbe,Lu Han,重啟,勛章,42,215906,False,0.463,0.715,9,-7.273,0,0.0362,0.393,0.0,0.349,0.313,91.871,4,mandopop,0.4759569078058067,1,1
7iVG0d7QiE1S4LxsrHaHmX,Asspera,Viaje al Centro de la Verga,Chamuyos,22,242133,True,0.399,0.982,1,-3.248,1,0.168,0.00212,0.0,0.207,0.212,180.117,4,heavy-metal,0.29185792038985214,0,0
37Yzsng4h42PTNcIGYQ1hA,The Lemonheads,It's A Shame About Ray (30th Anniversary Edition),Frank Mills - Remastered,22,103973,False,0.499,0.371,8,-14.488,0,0.0614,0.431,0.0,0.076,0.627,115.384,4,power-pop,0.48239833278693245,1,1
3Fqq8l8ToyiC9ZyHyxMxFo,Ana Torroja,Me Cuesta Tanto Olvidarte,Hijo de la Luna,28,278133,False,0.569,0.544,1,-6.267,0,0.0289,0.603,1.39e-05,0.109,0.744,81.767,3,spanish,0.44782667467353166,0,1
4Bo3TBoTN1nC2Iia66Z7Rj,DJ Herzbeat;Marie Wegener,Dancefieber,Irgendwas mit Liebe,23,201160,False,0.575,0.761,1,-3.497,0,0.0552,0.0356,0.0,0.221,0.365,90.009,4,party,0.3361839118404204,0,0
6ZoCBDOB308GqUdt2AJrV2,Shafqat Amanat Ali,Ra-One,Dildaara (Stand By Me),69,249660,False,0.622,0.779,9,-5.799,1,0.037,0.102,0.000934,0.145,0.761,100.013,4,pop-film,0.22665342706749259,0,0
4cCD0bV8NXVA52wFWfJ7dN,Иван Петров;Alexander Melik-Pashayev;Оркестр Большого театра,Mussorgsky: Boris Godunov,"Boris Godunov, Act IV Scene 2: ""Tsarevich skorey!""",0,46500,False,0.205,0.115,8,-22.21,1,0.0423,0.985,0.494,0.322,0.0917,140.523,3,romance,0.7175575624929326,1,2
1ZE8dSKL83pY6qInQG5CA5,Stevie Wonder,Xmas Classics 2022,What Christmas Means To Me,0,147800,False,0.524,0.614,0,-8.05,1,0.0363,0.202,0.0,0.0802,0.751,82.229,4,soul,0.3222230755376929,0,0
7y4wECa98r7Q5asLVLpRPU,Andy & Lucas;Abraham Mateo;Lérica,Son de Amores (V20.0),Son de Amores (V20.0),62,178661,False,0.689,0.815,7,-4.55,1,0.0972,0.149,0.0,0.23,0.701,92.988,4,spanish,0.23910852167298766,0,0
4co1QFnOx9cpKRp3Ru6eJF,Vijay Antony;Janaki Iyer;VV Prassanna,Ninaithale Inikkum (Original Motion Picture Soundtrack),Azhagaai Pookkuthey,54,296813,False,0.618,0.522,4,-7.94,0,0.0461,0.695,8.94e-06,0.0944,0.356,149.825,4,k-pop,0.4038843415044506,0,1
1KU6XmqUCyCOa7wNdvhSuE,Mart'nália;Luiza Possi,Madrugada,Alegre Menina,37,237146,False,0.757,0.413,4,-12.893,1,0.0627,0.823,0.0,0.115,0.614,100.046,4,samba,0.4796769571131662,1,1
4d7n7mUGhi9ss7cXWkS6Yl,Freestylers,We Rock Hard,Feel the Panic,14,354360,False,0.696,0.925,6,-9.858,1,0.067,0.007,0.827,0.432,0.56,119.919,4,breakbeat,0.22396298613486249,0,0
2eeUUqITZqOEuNByNoCZG5,Blue Stahli,Blue Stahli (Deluxe Edition),Anti You,48,209090,False,0.447,0.81,6,-7.323,0,0.0671,0.000138,7.95e-06,0.411,0.503,131.892,4,industrial,0.400228025042837,0,1
2GLl5SfGDhAEztVvEVRimA,Bentley Rhythm Ace,BRA,Bentley's Gonna Sort You Out,45,307400,False,0.7,0.935,10,-8.774,0,0.0408,0.0456,0.831,0.347,0.811,103.984,4,breakbeat,0.2634098780270809,0,0
0n7Ij8XEDfYYFRgBQjNjnf,Kimberley Chen,Kimberley首张同名专辑,愛你,58,207840,False,0.552,0.521,9,-6.721,1,0.0286,0.333,0.0,0.0901,0.142,144.027,4,mandopop,0.31949564536709685,0,0
6cz1DHeR8kxxpHIPSlB3R7,Chronic Law;ATTOMATIC RECORDS;DANSKY RECORDS,1law,BADMIND A KILL DEM,24,175101,False,0.653,0.745,5,-7.745,0,0.258,0.239,0.0,0.143,0.634,89.545,4,j-dance,0.36434539145075723,0,1
6BkCJIqj5dZLlVOY3m6dSh,LUDMILLA;DJ Will22;Topo La Maskara;Mariah Angeliq;Mr. Vegas,Tropical Vibes,Socadona - Funk Remix,1,171136,False,0.844,0.756,4,-5.211,0,0.127,0.135,0.00424,0.145,0.619,135.021,4,pagode,0.21174261811768755,0,0
2MxDUuLjw2I7NG9wCQBkrO,Jair Rodrigues;Claudia Leitte,Deixa Isso Pra Lá,Deixa Isso Pra Lá,38,265426,False,0.628,0.779,0,-8.922,1,0.136,0.393,0.0,0.913,0.787,109.108,4,samba,0.5256922851872737,1,1
405zTwupGzrEIpEDFw5Qcj,Grateful Dead,So Many Roads (1965 - 1995),"Scarlet Begonias / Fire on the Mountain - Live in Hamilton, Ontario, March 22, 1990",26,1174026,False,0.545,0.73,4,-10.456,1,0.0578,0.572,0.227,0.971,0.797,88.756,4,psych-rock,0.5055067585310377,1,1
4MqxqaPutbPlkzN25CdAjA,Niranj Suresh,Kuttanadan Marpappa (Original Motion Picture Soundtrack),Sa Re Ga Ma,32,219529,False,0.57,0.78,2,-8.766,1,0.0401,0.0403,0.0251,0.429,0.24,170.059,4,malay,0.2888471443113028,0,0
5uaIbU3oHHcSOK6WFNK5nj,Ranveer Singh;Dub Sharma;DIVINE,Gully Boy,Apna Time Aayega,63,140463,False,0.766,0.618,11,-8.552,0,0.124,0.0187,0.000115,0.181,0.513,95.054,4,pop-film,0.1091910708604896,0,0
0J2JTPApiX3X43AhwP3G4w,Sylvia Salustti,Enrolados (Trilha Sonora Original),Quando a Minha Vida Vai Começar? - Reprise 1,34,109466,False,0.37,0.191,4,-13.765,1,0.046,0.93,3.15e-06,0.326,0.139,105.458,4,disney,0.5468664978989015,1,1
44s0L6VWwtpWn0oV0DJbFj,Steve Rannazzisi,Breaking Dad,The Rob Konrad Story,24,248668,True,0.625,0.906,5,-5.042,1,0.924,0.836,0.0,0.955,0.438,98.384,3,comedy,0.5788115312885224,1,1
4PwuiP5jYhdKPFWNJuMHL9,Voz da Verdade,Quando Deus Se Cala,Quando Deus Se Cala,40,373960,False,0.507,0.559,7,-6.335,1,0.0254,0.759,6.6e-06,0.0951,0.319,139.5,4,gospel,0.46181212317181597,1,1
7GBDwr44ngVGTUU6fW4coD,Official HIGE DANdism,One-Man Tour 2021-2022 -Editorial-@Saitama Super Arena (LIVE),Bedroom Talk - LIVE,24,211640,False,0.502,0.607,11,-10.992,1,0.125,0.24,0.0,0.935,0.558,76.429,4,anime,0.4627748149460752,1,1
6VScORohpeHSfdLkPUZuZX,Hanare Gumi,帰ってから、歌いたくなってもいいようにと思ったのだ。,踊る人たち,25,305866,False,0.568,0.24,7,-13.851,1,0.0292,0.902,0.099,0.111,0.508,94.933,4,acoustic,0.5466700079325417,1,1
2qpj0oaVeNLSycc2XjIctD,Os Barões Da Pisadinha,Paredão Explode,Eu Acho que Não (Versão Grave),41,171630,False,0.746,0.856,10,-6.701,0,0.0497,0.0169,4.68e-06,0.069,0.625,172.11,4,forro,0.19435386368984436,0,0
5PJBDAjF0e14u3z7BMS72b,Yoshihisa Hirano,DEATH NOTE Original Soundtrack,Kyrie,42,83040,False,0.238,0.239,2,-11.987,1,0.0312,0.968,0.776,0.0832,0.0398,65.004,4,anime,0.60235849576298,1,2
07s9qvXhREG3DCpqyZNnrO,Perfume,"Perfume The Best ""P Cubed""",Sweet Refrain,21,295906,False,0.551,0.977,0,-2.591,1,0.0295,0.000105,0.00131,0.28,0.41,140.051,4,j-idol,0.19982082567088824,0,0
7aK1caHaXe63BtAoIFvN2h,De Moi,Still Life,Still Life,47,198000,False,0.165,0.0448,2,-28.218,1,0.0426,0.943,0.779,0.0912,0.0565,135.893,4,ambient,0.717763804521852,1,2
6osLH2yLhpwuESclKx84sg,When Chai Met Toast,Joy of Little Things,Joy of Little Things,53,239666,False,0.509,0.611,9,-5.786,1,0.0334,0.185,0.0,0.116,0.208,100.155,4,folk,0.19393680083799653,0,0
2gJ3ZOaiWr3jGHwevufOxr,Brett Dennen,So Much More (Special Edition),Ain't No Reason,57,220306,False,0.615,0.358,5,-9.694,1,0.0552,0.705,0.0,0.113,0.432,146.06,4,acoustic,0.4244783285554361,0,1
42mkE3wbofBNickLHgdVlo,Get Dead,Dancing with the Curse,Stickup,32,223707,True,0.487,0.837,0,-5.865,1,0.0623,0.0133,0.0,0.102,0.207,160.025,4,acoustic,0.3379308155986731,0,0
7tz87ist9Re3wiMwrxKSI6,Kyle Kinane,Loose in Chicago,Natural Flavorings and Coloring,26,614107,True,0.604,0.661,1,-8.698,0,0.94,0.833,0.0,0.944,0.328,128.571,3,comedy,0.6281843065262517,1,2
7DtK9tMJxuwBlDoUdn1wG6,Hector Tricoche,Oro Salsero (20 Éxitos),No Soy Automático,29,275253,False,0.755,0.776,0,-6.134,1,0.0379,0.456,0.0022,0.357,0.774,92.209,4,salsa,0.2470875998314425,0,0
6eF0rygcmIbuqzdea2JNIq,Orbital,Wonky (Deluxe),One Big Moment,11,376906,False,0.483,0.789,5,-9.402,1,0.0341,0.00156,0.0277,0.151,0.0736,110.034,4,breakbeat,0.3725400920008112,0,1
2VmyG10PAR0ZyTUtgOp5Wf,America,Session Acoustique,A Horse with No Name,0,252239,False,0.653,0.507,11,-17.18,0,0.0534,0.687,0.0147,0.155,0.831,123.188,4,folk,0.4361085020394286,0,1
6whjL1G1yOJNB3gbIEolXU,Vitor Limma;Junior Paixão,Pagando Mal Com Mal / A Pessoa Certa (Ao Vivo),Pagando Mal Com Mal / A Pessoa Certa - Ao Vivo,48,217233,False,0.355,0.554,7,-7.54,1,0.0486,0.641,0.0,0.569,0.489,160.4,4,pagode,0.4500355966251588,1,1
5cwqO4thrTUj42WShkF39w,Seven Lions;Skyler Stonestreet;Dabin,Where I Won't Be Found (Remixes),Freesol (Dabin Remix),35,242117,False,0.371,0.667,0,-5.328,0,0.0596,0.0166,0.0,0.364,0.234,170.013,4,dubstep,0.36545019505235476,0,1
0vqw3BCyNr3DDVBmjD21H8,Kaka,Libaas,Libaas,65,267029,False,0.794,0.753,10,-3.112,1,0.0609,0.543,0.0,0.12,0.906,159.965,4,pop,0.2838137629611924,0,0
5XTOStweq2Z2q0xoX8lzfw,The Fortunes,REGNIG DAG,Here Comes That Rainy Day Feeling Again,0,172533,False,0.728,0.695,2,-9.058,0,0.0391,0.519,0.0,0.124,0.836,120.932,4,british,0.25593303199149586,0,0
1EeI6tvN2c7erYcOdM0Ljp,Disturbed,20's Rock,If I Ever Lose My Faith In You,0,274055,False,0.379,0.562,10,-8.078,1,0.0376,0.0741,1.17e-05,0.137,0.172,173.861,4,alternative,0.3665654249920818,0,1
5Cc2v7fm2cCm5ux4fgCQpM,Tony Anderson,Chasm,Nocturne in Paris,45,435124,False,0.228,0.082,7,-21.568,1,0.033,0.931,0.896,0.0879,0.0389,75.259,5,ambient,0.6429585740316496,1,2
1DZYrrwLhCAOaR7WlTPpSZ,Joe Buck Yourself,Piss and Vinegar,Devil Is on His Way,29,251538,True,0.849,0.78,7,-7.745,1,0.0881,0.255,0.0,0.232,0.517,115.104,4,garage,0.3050173253997342,0,0
2bpakKOLnMhDHjrwvxu8WW,Bad Omens,THE DEATH OF PEACE OF MIND,Miracle,54,225000,True,0.515,0.652,5,-6.653,0,0.0565,0.0333,0.0522,0.202,0.253,180.054,3,metalcore,0.25337138704055806,0,0
5XLcdjYova5xBolf7FjN5a,Pogo Car Crash Control,Fréquence violence,Recommence à zéro,26,238973,True,0.521,0.87,8,-5.657,0,0.0402,0.000473,0.318,0.136,0.356,73.487,4,garage,0.34205553600700805,0,0
1oFnf7O5pRtgTt1U6cBxHl,Gece,Gece,22,43,219986,False,0.351,0.794,0,-4.417,1,0.0355,0.0022,2.06e-06,0.0846,0.338,67.469,4,turkish,0.3493128043841455,0,0
3Fr6BeurYb23pDEm5fcknm,Buzz Fuzz;Bass-D;King Matthew,Thunderdome 25 Years Of Hardcore,It’s Alright,16,395186,False,0.607,0.912,1,-7.069,1,0.132,0.0163,0.187,0.1,0.181,161.847,4,happy,0.24386989148714924,0,0
5ZAE7mG7SUcHAkorXb2poH,Jorge Aragão,Ao vivo,Feitio de paixão - Ao vivo,49,289000,False,0.59,0.72,7,-10.114,0,0.0791,0.744,0.0,0.884,0.722,86.764,4,samba,0.4082167937938539,0,1
6MdqqkQ8sSC0WB4i8PyRuQ,Blackstreet;Dr. Dre;Queen Pen,Another Level,No Diggity,77,304600,False,0.867,0.646,1,-4.674,0,0.288,0.303,0.0,0.279,0.67,88.634,4,r-n-b,0.21887162965038956,0,0
3LKJLzyN8PlBhHKzuhFs8B,Casseurs Flowters,Orelsan et Gringe sont les Casseurs Flowters,03h53 - Manger c'est tricher,39,264306,False,0.604,0.805,6,-6.917,0,0.823,0.406,0.0,0.658,0.237,83.346,1,french,0.48560233980797063,1,1
2u9X8G6eYV69BaN8sm05X6,Dan Gibson's Solitudes,Caribbean Spa,The Rhythm of Paradise,21,512173,False,0.122,0.0912,5,-26.015,1,0.0365,0.944,0.934,0.527,0.117,79.759,4,new-age,0.7832106592477408,1,2
34ghr6pFdDXD4VXsjRHMs9,Marvin Gaye,Un tecito y a mimir,Distant Lover,0,331280,False,0.376,0.437,1,-9.106,0,0.0985,0.762,2.47e-05,0.686,0.465,158.487,3,indie,0.6165631838537119,1,2
1dNX6lUalqsdphlkFDMNGm,Susumu Yokota,Sakura,Azukiiro No Kaori,18,159066,False,0.323,0.116,2,-18.776,1,0.041,0.977,0.981,0.0776,0.068,69.822,5,idm,0.6958172373188846,1,2
5SxOlzPBgv64oeWDifvxaF,Boris Brejcha,Feuerfalter Special Edition,Frequenzfett,37,494421,False,0.8,0.741,10,-11.836,0,0.0587,0.000545,0.831,0.12,0.458,125.025,4,minimal-techno,0.276275738163538,0,0
0MY5mMChzuvL9qWKTVOfGV,Dinah Washington,Desayuno en calma,Mad About The Boy,0,169653,False,0.436,0.319,1,-7.87,1,0.0295,0.802,1.94e-05,0.12,0.255,107.546,3,jazz,0.5592867977985889,1,1
4UVH9hk11pLSDaOadmhaL1,HIRIE,Wandering Soul,Queen,36,196853,False,0.769,0.601,0,-6.996,1,0.0855,0.0413,0.000174,0.0638,0.788,149.988,4,j-rock,0.155012120107812,0,0
0i4m0jgUSjsE8PQdsP3Zla,Anenon,Petrol,Panes,8,194906,False,0.364,0.444,0,-12.159,1,0.0383,0.78,0.947,0.112,0.0376,120.228,4,idm,0.5098882769766468,1,1
73LcWB5KSzmpa1YsK2xRbg,Flower,THIS IS Flower THIS IS BEST,熱帯魚の涙(version2016),21,283760,False,0.513,0.799,10,-3.117,0,0.0679,0.36,0.0,0.397,0.299,167.977,4,j-idol,0.43858686973439637,0,1
4QKt4JmQK1x791t5MSCnFP,Bryan Adams,Christmas Dinner 2022,Christmas Time,0,243057,False,0.503,0.582,0,-4.324,1,0.0253,0.472,0.0,0.103,0.326,77.321,4,songwriter,0.5194943559914221,1,1
1eyQlEu1FIVPMUfEldssSm,Richard Devine,Risp LP,Varseop,10,246000,False,0.726,0.731,1,-7.431,1,0.192,0.00414,0.668,0.116,0.229,149.891,4,idm,0.19709217344945218,0,0
6mjHiGwrRGE8LVCXVc5QDU,Hoobastank,The Reason (15th Anniversary Deluxe),Out Of Control,61,162106,False,0.443,0.973,4,-4.386,0,0.133,0.00161,0.0,0.353,0.458,157.872,4,grunge,0.31978319427120594,0,0
7aFZCKEMHlANdvfocuE4Re,Static-X,Rock and Rap Workout,Skinnyman,21,220200,False,0.584,0.961,1,-5.707,1,0.0475,0.00118,0.387,0.137,0.792,91.391,4,industrial,0.24674701178655353,0,0
7B8VTtH9RvXiTLMBPLvnF2,Bleeding Through,"This Is Love, This Is Murderous",Sweet Vampirous,22,84986,False,0.359,0.933,0,-6.087,1,0.13,0.00193,2.37e-06,0.0616,0.205,106.436,4,death-metal,0.24295116845060544,0,0
1s1MYfBzfabSOtpOy07bHA,Onur Can Özcan,Ah Adam,Bu Değildi,39,184145,False,0.546,0.121,0,-17.448,1,0.0658,0.896,0.0,0.16,0.52,133.87,4,turkish,0.5319597812176179,1,1
32HxSoFhdUfMaZ80dBpPuF,Mumuzinho,A Voz Do Meu Samba - Ao Vivo,Dengo Nego - Ao Vivo,43,210832,False,0.545,0.844,0,-6.648,1,0.0698,0.705,0.0,0.954,0.683,160.115,4,pagode,0.41790599134500245,0,1
0HtWxjydJ3pEwT5nHJxxZ1,Bethel Music;Kari Jobe,Peace,Surrounded (Fight My Battles),55,303053,False,0.398,0.208,5,-10.525,1,0.0394,0.953,6.26e-06,0.108,0.132,129.682,4,world-music,0.5216915878307528,1,1
76Bt5vjnbxyr0JmxZKToTW,Pappo;Charly García,Sucio y Desprolijo (En Vivo Cosquín Rock),Sucio y Desprolijo - En Vivo Cosquín Rock,27,333394,False,0.255,0.941,9,-5.749,0,0.0539,0.000317,0.0462,0.96,0.399,135.649,4,heavy-metal,0.39130100279540503,0,1
00Nsyeo2kcU4602zMsLWXW,JJ;FORTELLA,Still (I Got Summer On My Mind) [FORTELLA Remix],Still (I Got Summer On My Mind) - FORTELLA Remix,72,193475,False,0.759,0.902,9,-6.068,0,0.051,0.00532,0.0522,0.343,0.408,123.963,4,swedish,0.11933849703567731,0,0
2kVQpubE6URKKj9L7Upk2l,Elvis Presley;Lisa Marie Presley,Where No One Stands Alone,Where No One Stands Alone (with Lisa Marie Presley),54,220106,False,0.345,0.291,0,-8.748,1,0.0278,0.641,0.0399,0.151,0.299,136.751,3,rockabilly,0.4410758371263415,0,1
4Q9uL0DWDcpCV1tE14xqnt,Atreyu,In Our Wake,The Time Is Now,61,199959,False,0.481,0.944,8,-3.665,1,0.231,0.00926,0.000328,0.278,0.396,165.02,4,metalcore,0.1781679500715925,0,0
0QJeJWZNL4qXrHaNHBaHW4,Jamie Miller,Pop Hits Now,I Lost Myself in Loving You,0,201306,False,0.456,0.615,1,-5.454,1,0.0529,0.614,0.0,0.0908,0.416,78.461,4,soul,0.5297751950784274,1,1
28NoqwleoFVIUOMYq3tff2,Caloncho,Alternativo diferente latino,Optimista,0,212653,False,0.885,0.479,0,-11.416,1,0.069,0.0385,0.0221,0.319,0.869,122.955,4,indie,0.2940410330385265,0,0
48JyScCjfv3tPtwqROJHiV,Pitizion;Adso Alejandro;Andy Clay,Frescura y Perreo,Apatía - The Beautyscape Remix,0,173186,False,0.688,0.816,1,-4.017,0,0.29,0.0381,3.1e-06,0.128,0.343,176.102,4,reggaeton,0.31920579399754356,0,0
4hSHbagV828laWkMeG9bcr,Neo Pistea;0-600;CLUB HATS,Medusa,Medusa,39,213333,True,0.929,0.726,1,-4.246,1,0.146,0.217,0.0,0.0599,0.681,135.003,4,latino,0.17892431180518253,0,0
4IB7n3ojGU6rhubPRmN3KW,Gabriela Montero,Stress Free Music,Beyond Bach,0,265706,False,0.27,0.0423,2,-23.163,0,0.0347,0.994,0.942,0.0744,0.0574,78.069,4,piano,0.6362479405211118,1,2
5aWWkqDqVMGcYSI4MzEJqY,Los Poetas De La Guitarra,Music Without Words - Guitarra Vol. 2,Ella / La Enorme Distancia / Que Te Vaya Bonito / Vámonos,22,308981,False,0.454,0.328,2,-6.089,1,0.0337,0.871,0.85,0.117,0.451,139.757,3,guitar,0.5212678132918068,1,1
2clRkMN4MvP88asWMvBdYk,Pinkfong,Pinkfong & Baby Shark Halloween Zombi,El Tiburón Bebé Fantasma,27,72489,False,0.85,0.684,1,-2.32,1,0.0675,0.478,1.4e-06,0.0608,0.748,119.822,4,children,0.312109253387141,0,0
6mvRL1QGJTOijZdBoKMJDg,Carlos Di Fulvio,ARGENTINISIMA VOL.8 - CANTOS DE LA PROVINCIANIA,Caspi Corral,23,207960,False,0.502,0.303,5,-11.047,0,0.0473,0.838,7.29e-06,0.105,0.612,82.236,3,guitar,0.5178418334437368,1,1
5u3QcENd230SCBXgovfOmm,Eason Chan,Life Continues,落花流水,43,237533,False,0.582,0.548,1,-7.632,1,0.0401,0.424,0.0,0.129,0.274,148.001,4,cantopop,0.39611905220569693,0,1
4XLlFjAwjDENyqYAkRbVuA,Smyang Piano,"Piano Collection, Vol. 1",Save Me,40,198138,False,0.427,0.0771,1,-20.939,1,0.0468,0.987,0.853,0.119,0.184,137.357,4,piano,0.5521751422496527,1,1
2cU2D6NuWZzNiAqqY6ZOSf,Bounty Killer,Up Deh,Up Deh,20,148049,True,0.565,0.88,7,-6.724,1,0.347,0.171,0.0,0.265,0.89,83.252,3,j-dance,0.397319195954869,0,1
1f2ThvaqjJq6xg7YwGkHQx,Uno Svenningsson,Andras sånger,Valborg,36,172172,False,0.529,0.652,9,-6.177,1,0.0254,0.716,0.000836,0.11,0.467,110.02,4,swedish,0.41768889901601214,0,1
6kQYMqjobmB8MkWwa9OUyA,Alejandro Sanz,Más,Amiga mía,73,290973,False,0.629,0.703,2,-4.875,1,0.0504,0.519,0.0,0.11,0.402,144.016,4,spanish,0.22334978381957524,0,0
5mNanSqILS25aPhiiN1fxy,Ivana Wong,國語情歌集,我真的受傷了,32,213320,False,0.539,0.188,2,-12.494,1,0.0316,0.905,3.46e-06,0.118,0.241,136.441,4,cantopop,0.523103153248249,1,1
1S69G657rrHOIfPkKNihwH,Jay Pryor;Coldabank;Anna Straker,Good for Me (feat. Anna Straker),Good for Me (feat. Anna Straker),63,144960,False,0.725,0.615,5,-7.217,1,0.0453,0.02,0.00821,0.138,0.411,124.987,4,groove,0.2884967151309119,0,0
6GRMKQ3RrivYgLEO6h7ebu,Marshmello,Joytime II,Stars,55,246760,False,0.507,0.96,8,-2.619,1,0.0394,0.0132,0.971,0.0703,0.801,142.029,4,progressive-house,0.22539021825975578,0,0
5tfuXF09XVnvro9l5l9Mle,Billie Eilish,Halloween & Alternative,all the good girls go to hell,1,168839,False,0.854,0.446,1,-8.957,0,0.198,0.313,0.215,0.156,0.57,92.545,4,pop,0.3575059644723927,0,1
3j4srp6dMT39MLxx6XEbOR,Jack Harlow;Adam Levine,US Pop 20s,Same Guy,0,164031,False,0.791,0.586,1,-6.343,1,0.147,0.181,0.0,0.105,0.643,93.505,4,k-pop,0.3311589985773888,0,0
0LL0hFBywgFHO89WSp00xW,Myuk,魔法,魔法,49,231955,False,0.609,0.634,1,-5.669,1,0.0297,0.134,0.0,0.0878,0.449,88.004,4,anime,0.19825823423781785,0,0
2ZYEpnio0Z6EfJWy2JAf53,Dulces Sueños,#20 Sueños Vividos - Música Intrumental Suave 2018 para Dormir Bien y Relajarse Profundamente,Sueños Vividos,21,335999,False,0.198,0.257,8,-17.361,1,0.0415,0.968,0.949,0.11,0.0381,89.494,4,world-music,0.6808171253598526,1,2
30OMJsnuS3TWACLrf2YggT,Gusttavo Lima,Inventor dos Amores (Ao Vivo),Se Não Quer Me Amar - Ao Vivo,47,198293,False,0.632,0.884,7,-2.752,1,0.0362,0.198,0.0,0.937,0.655,148.054,4,sertanejo,0.2761500714429948,0,0
3RDWPnDrE0GTOaYTqpeX3X,Ed Solo;Deekline,No No No,Hail Up The Lion,16,289090,False,0.634,0.891,7,-6.856,1,0.0522,0.000197,0.000167,0.182,0.537,176.02,4,drum-and-bass,0.23848038025392243,0,0
6RZ8i45jxuvih2qeNfoUdv,Passion;Matt Redman,Passion: White Flag,"10,000 Reasons (Bless The Lord) - Live",40,350720,False,0.478,0.524,7,-7.588,1,0.0267,0.121,0.0,0.667,0.32,72.502,4,world-music,0.41320135678881226,0,1
4qdKAmv6Jg9EvSm27Aksgw,Julio Sosa;Armando Pontier,Tango Classics 180: La Ultima Copa,Al Mundo Le Falta un Tornillo,33,171034,False,0.446,0.42,10,-14.791,1,0.0994,0.818,2.34e-06,0.104,0.642,187.58,3,tango,0.47225008717327,1,1
1IjMW45pKqUWrXtNCQ4B2k,George Jones,Walls Can Fall,What Am I Doing There,17,229133,False,0.655,0.256,4,-14.003,1,0.0293,0.354,2.22e-06,0.112,0.315,114.588,3,honky-tonk,0.383899670189762,0,1
6NCylXeJcHOI908PjZDFcg,Michael Wong,十光年精選輯,童話,60,246000,False,0.54,0.405,6,-7.295,1,0.0272,0.768,0.0,0.11,0.309,136.028,4,malay,0.3600934845786852,0,1
2PLzuEn3jAK5NkSZ0wGe8m,Criolo,Nó na Orelha (Instrumental),Subirusdoistiozin (Instrumental),19,210280,False,0.787,0.385,1,-7.672,1,0.0566,0.0194,0.879,0.208,0.448,86.456,4,afrobeat,0.25572539110989495,0,0
7k2sPT9Ej3Om2DnbueUh3v,Oliver Huntemann,Propaganda,Rotlicht,36,471029,False,0.827,0.765,10,-8.418,0,0.0743,0.0059,0.901,0.103,0.0968,124.001,4,minimal-techno,0.19674941495667128,0,0
3QPgfdSDZM2L5QcHYSbcvS,Drunk Mums,Urban Cowboy,Urban Cowboy,25,259839,False,0.584,0.685,9,-7.45,1,0.0327,0.0279,0.0516,0.097,0.604,133.051,4,garage,0.2616106913304487,0,0
4md0JYFFaHEqjuutmkPkcp,Cattle Decapitation,Karma.Bloody.Karma,One Thousand Times Decapitation,15,63560,False,0.195,0.966,1,-3.475,1,0.181,1.08e-05,0.91,0.298,0.156,149.787,4,grindcore,0.3959829408849312,0,1
3OIzbnBlkSnfCNb4Xh1k5k,Xamã;Bagua Records;Neo Beats,Zodíaco,Virgem,47,173793,True,0.894,0.403,3,-7.567,1,0.0916,0.412,2.44e-06,0.111,0.609,100.051,4,funk,0.29258642018024844,0,0
51TG9W3y9qyO8BY5RXKgnZ,Megadeth,Countdown To Extinction,Symphony Of Destruction,74,246733,False,0.61,0.891,4,-5.452,0,0.0587,0.000805,0.0928,0.0657,0.51,139.903,4,hard-rock,0.15825340478998412,0,0
1oANw3YJXR9hr7n3vwIu2e,J Balvin;Bad Bunny;Marciano Cantero,Feliz Cumpleaños con Perreo,UN PESO,2,277106,False,0.627,0.675,5,-7.125,0,0.212,0.125,0.0,0.0784,0.961,79.31,4,latin,0.2663460922018166,0,0
3TI83GvDhveHJFtOwcHdrg,Bess Atwell,"Already, Always",Time Comes in Roses,53,191760,False,0.45,0.244,5,-12.895,1,0.0379,0.768,0.0,0.352,0.113,122.885,4,british,0.5233031162981515,1,1
4fjIZ7L6mh8MHFj7rVypr0,Wolfgang Amadeus Mozart;Arthur Grumiaux;Walter Klien,Mozart: A Night of Classics,"Sonata for Piano and Violin in F, K.377: 2c. Variation 2",12,308000,False,0.383,0.126,0,-20.645,1,0.046,0.986,0.421,0.0859,0.416,90.957,4,classical,0.6562213933365243,1,2
7maprFc3lpb4PSq3290wk3,Daddy Yankee;Wisin & Yandel,Perreo Tenebroso Vol. 5,Si Supieras,0,241880,False,0.691,0.894,9,-1.681,0,0.115,0.291,0.0,0.104,0.623,184.018,4,latin,0.26486053845601193,0,0
4m9lCws9FeI0IwhVkHTb8P,Lifvsleda,Sepulkral Dedikation,Djefvulen,18,266254,False,0.376,0.866,9,-7.781,1,0.0587,9.12e-05,0.883,0.608,0.122,130.001,4,black-metal,0.45023600862316027,1,1
7MUd9iu6pW3KnLcz2NuMcs,Jimmy Eat World,Christmas Rock 2022,Last Christmas,0,267493,False,0.532,0.842,2,-6.152,1,0.0403,0.00131,1.2e-06,0.33,0.715,126.042,4,punk,0.19789811945436825,0,0
41vzOoyErnPT7zkxo2hvOa,Franz Schubert;Yanica Hristova,"Schubert: Impromptus, D. 899 - Baynov, Stoyanov & Vladigerov: Piano Works","4 Impromptus, Op. 90, D. 899: IV. Allegretto - Trio",0,497146,False,0.318,0.0543,8,-24.681,1,0.0385,0.991,0.932,0.111,0.0388,67.716,3,classical,0.7092340473196393,1,2
4ekDggjElGJX9kNSOtnbVf,Dubdogz;Bhaskar,Infinity (Dubdogz & Bhaskar Edit),Infinity - Dubdogz & Bhaskar Edit,69,196000,False,0.723,0.57,9,-8.589,0,0.0429,0.00412,0.00183,0.0862,0.575,123.979,4,brazil,0.2668711577530002,0,0
1HWaIZ9Tf67sTXOhyiUuon,OneRepublic,pov: it's 2020,Didn't I,0,207616,False,0.611,0.61,4,-6.745,1,0.0314,0.0186,0.0,0.125,0.242,123.943,4,rock,0.30606140607128934,0,0
5zx9zvMa5VD8cM6kLDzNxI,Leto,Double Bang 7,Double Bang 7,36,181548,True,0.614,0.498,4,-9.263,0,0.457,0.134,0.0,0.0944,0.198,79.095,4,french,0.40633248763921986,0,1
39LLxExYz6ewLAcYrzQQyP,Dua Lipa,Future Nostalgia,Levitating,84,203807,False,0.695,0.884,6,-2.278,0,0.0753,0.0561,0.0,0.213,0.914,103.014,4,pop,0.1935788028679046,0,0
3E0gVkirGK2ouGHPuOO9cN,Goldfrapp,Supernature,Ooh La La,18,204373,False,0.48,0.676,4,-7.727,0,0.0631,0.00996,0.642,0.116,0.199,144.514,4,synth-pop,0.24206466239751456,0,0
2XWx3cUPgju22NUCbv5e1X,Jungle Fire,Tropicoso,Village Hustle,16,240400,False,0.785,0.874,4,-8.122,0,0.0485,0.0782,0.816,0.0728,0.962,120.102,4,afrobeat,0.20841773359833637,0,0
2ueSOewe2bXPIpE8y8TTj1,Daisuke Tanabe,Cat Steps,for the twin,32,310000,False,0.689,0.913,0,-8.694,1,0.0661,0.288,0.891,0.178,0.649,179.946,4,idm,0.3069163305184699,0,0
3F10yGruAGAJhxvyd3NDgW,Giuseppe Verdi;Vincenzo Ciliberti,CD 2 LE NOVITÀ,Attila - Santo di patria... Allor che i forti corrono,0,216129,False,0.149,0.553,10,-6.576,1,0.0412,0.906,0.719,0.637,0.369,178.113,1,classical,0.6919436843283232,1,2
0BWhmRyHvBLMcEJDAos2PD,Charly García,Unplugged,Los Dinosaurios - Live,39,220533,False,0.42,0.52,5,-13.33,1,0.126,0.903,0.0046,0.539,0.286,85.299,4,punk,0.5094797150786979,1,1
3uHxCgxHJIAGY52Oz39xqC,Tainy;Anuel AA;Ozuna,Perreo Tenebroso Vol. 2,Adicto,0,270740,False,0.734,0.836,10,-4.803,0,0.0736,0.0171,1.71e-05,0.179,0.622,80.002,4,latino,0.2072006760657697,0,0
0oS1yir1qJvwCsFPdaBiqN,MORTEN,No Good,No Good,60,141562,False,0.709,0.904,10,-4.376,0,0.0489,0.186,0.133,0.0896,0.202,128.013,4,electronic,0.1744647725462812,0,0
6QSOIejoVt6sFkPHL4JGb5,Hammock,Far Cry 5 Presents: We Will Rise Again (Original Game Soundtrack),Now He's Our Father (Reinterpretation),33,317487,False,0.0688,0.326,0,-15.193,1,0.0412,0.792,0.756,0.114,0.0387,75.48,3,guitar,0.5657636624372221,1,1
1sqqUxxiUlG4y4KQS0PceJ,Fit For A King,Descendants - Redux,Hollow Eyes,24,204106,False,0.448,0.98,10,-2.922,0,0.0826,0.000267,0.0,0.371,0.323,145.06,4,metalcore,0.35029058948640673,0,1
3MbCJAYFL2G9Rcou25WRlj,Onze:20,Tudo Nosso,Confia em Mim,34,220267,False,0.622,0.715,6,-6.279,1,0.0435,0.118,0.0,0.105,0.638,161.988,4,j-rock,0.2930643385102651,0,0
0s7VKhktgnCPgEriQzrwme,Chase & Status;Louis Mattrs,Lost & Not Found,Lost & Not Found - Dream Mclean Remix,21,216000,False,0.531,0.94,6,-3.817,0,0.045,0.00209,0.000292,0.587,0.427,139.981,4,drum-and-bass,0.290752130803303,0,0
569aE9S4YTTTQyja08R9ek,José Carreras;Orchestra Del Teatro Dell'Opera Di Roma;Orchestra del Maggio Musicale Fiorentino;Zubin Mehta,The Three Tenors - In Concert - Rome 1990,Granada - Live,21,221840,False,0.323,0.584,2,-10.413,1,0.0883,0.955,0.00144,0.897,0.46,78.493,4,opera,0.618395295651067,1,2
2hMTR8zK8Db849VttJXMSV,Chad Lawson,ZEN 2022,when the party's over - Slowed Remix,0,234280,False,0.409,0.0191,2,-31.753,1,0.0324,0.992,0.912,0.0981,0.181,104.164,4,ambient,0.668633051238703,1,2
1MfZ0TFSbzeWtZSZWlScxz,Emancipator,Soon It Will Be Cold Enough,Lionheart,43,292826,False,0.473,0.52,4,-12.013,0,0.0327,0.61,0.931,0.0876,0.204,182.056,4,trip-hop,0.49468126327851925,1,1
5vsqY1n8gOnkKvaGQjShpm,XERXES THE DARK,The Rise Of A.I.,The Rise of A.I.,0,206614,True,0.456,0.405,2,-11.919,1,0.0453,0.0394,0.269,0.112,0.06,80.052,4,iranian,0.4252239258430867,0,1
2oRn0QuaWQ1hragGQ7XZ9s,Cliff Richard,40 Golden Greats,Devil Woman,53,214575,False,0.71,0.792,0,-5.996,1,0.0453,0.0792,3.32e-05,0.0871,0.858,116.687,4,rock-n-roll,0.18803435299744192,0,0
6x28kFROuqt1wHfNL0pYlb,Fast Eddie;Julian 'Jumpin' Perez,Make Some Noise,Make Some Noise - Julian Jumpin Perez Mix,12,346341,False,0.788,0.85,10,-6.502,0,0.0538,0.000296,0.000983,0.14,0.567,123.385,4,chicago-house,0.24301310494327302,0,0
7AAhTVkiRA1SppqGAovLVJ,Naglfar,Pariah,A Swarm of Plagues,16,287333,False,0.474,0.994,5,-4.666,1,0.124,0.00325,0.000608,0.498,0.0383,107.014,4,black-metal,0.35287448586290476,0,1
4iRat7YqKIWOwkXwDwoEZc,RADWIMPS,Weathering With You,Is There Still Anything That Love Can Do? (Movie Edit),50,150653,False,0.638,0.291,9,-7.144,1,0.0442,0.822,0.0,0.318,0.378,141.929,4,j-pop,0.48879032960245566,1,1
7JhZEc8jAwdweCixk0Vpfp,Slash;Myles Kennedy,Rock & Halloween,Sweet Child O' Mine - Live,1,388853,False,0.361,0.941,6,-6.686,1,0.069,0.0296,0.00697,0.933,0.442,128.795,4,hard-rock,0.4552440232658201,1,1
5WmGRjeFIfOMDj8TVpPP8q,Momoiro Clover Z,MOMOIRO CLOVER Z,あんた飛ばしすぎ!!,26,245773,False,0.418,0.993,7,-1.361,1,0.189,0.000969,6.11e-06,0.169,0.415,187.776,4,j-idol,0.3458034483804791,0,0
67nzOrlRPjrQuKKnBScUvd,A Day To Remember,Homesick (Special Edition),"I'm Made Of Wax, Larry, What Are You Made Of? - Live In Switzerland",26,200800,True,0.254,0.989,5,-4.192,0,0.473,0.00189,0.0,0.358,0.156,164.025,4,metalcore,0.47330085333700966,1,1
04ize5IEH2inSkQkqFGLd8,Michelle;Matthias Reim,Best Of Karneval,Idiot - Version 2011,0,188026,False,0.732,0.826,11,-4.936,1,0.0353,0.173,0.0,0.352,0.772,129.993,4,german,0.29203798506379597,0,0
6OG6Ua0DAqKQ4oHC5PQX0n,"Wolfgang Amadeus Mozart;Vladimir Horowitz;Orchestra Del Teatro Alla Scala, Milano;Carlo Maria Giulini",Classical Running,"Piano Concerto No. 23 in A, K.488: III. Allegro assai",0,472333,False,0.349,0.139,9,-19.982,1,0.0347,0.992,0.898,0.113,0.342,134.946,4,classical,0.6679796761355585,1,2
6hA32ig9PY3jcrXFoS6NGI,Etherwood;Royalston,Ten Years Of Med School,Eyes On Me,18,344499,False,0.244,0.913,7,-3.689,1,0.0456,0.00178,0.769,0.109,0.0841,169.971,4,drum-and-bass,0.33894009386042373,0,0
4GCH2g0Nbjx5s0BzaWP4kS,Fejo,Kariveppila Akkiyo,Kariveppila Akkiyo,38,155912,False,0.637,0.785,9,-4.667,1,0.371,0.276,0.0,0.283,0.491,87.364,4,malay,0.33000302508214246,0,0
6jsil8WFlrsRf3mhKhfWAB,Nosferatu;Tha Playah,Dominator 2022 (Hell Of A Ride),Beginning Of Time,22,223135,False,0.501,0.984,2,-1.319,1,0.358,0.0882,0.0,0.255,0.378,184.929,4,happy,0.2889225280646843,0,0
5WigPvAtaOYC0bqkxgVNzd,Jhayco;Bad Bunny,Reggeaton Imperdible,CÓMO SE SIENTE - Remix,1,227520,True,0.807,0.606,3,-8.871,0,0.0872,0.0946,0.0,0.119,0.304,92.988,4,latino,0.2467025551177359,0,0
6vvxWfhIBewA9g7Sk3TGlY,Julio Sosa;Leopoldo Federico y su Orquesta,Reciedumbre Y Ternura,Madame Ivonne (with Leopoldo Federico y Su Orquesta),16,185240,False,0.475,0.661,2,-8.63,1,0.222,0.871,2e-06,0.319,0.567,110.572,4,tango,0.5724990883732676,1,1
4JvmGac2Ew2OTMe1QJlNzS,Alvaro Diaz;Rauw Alejandro,Última Misión Reggaeton,Problemón,0,193013,False,0.729,0.737,2,-3.727,0,0.064,0.275,7.58e-06,0.137,0.369,91.99,4,latino,0.2549099874592437,0,0
4iF2TMFaiJwEHecDNavRU9,Timmies;Nineteen95,Ekena,ugly,60,120027,True,0.708,0.213,7,-8.266,1,0.0396,0.924,0.00118,0.111,0.109,80.02,4,chill,0.4072820224966837,0,1
2302Z0DrnuYan1AfNO04bz,TSHA;Clementine Douglas,Capricorn Sun,Anxious Mind,56,207840,False,0.61,0.886,11,-6.739,0,0.0491,0.0133,0.00138,0.0877,0.81,139.985,4,electronic,0.12741869121698954,0,0
08kTa3SL9sV6Iy8KLKtGql,Prateek Kuhad,Kasoor,Kasoor,70,197549,False,0.558,0.497,8,-7.175,1,0.0256,0.0285,5.36e-06,0.0799,0.444,107.047,4,folk,0.25411031547842405,0,0
34zBuLmfKMk6MkCcBDaAfG,Linn da Quebrada,Pajubá,Coytada,31,175893,False,0.681,0.989,9,-2.722,1,0.128,0.0172,0.00806,0.811,0.455,129.992,4,club,0.14320849771109972,0,0
1cQCfrLGc5GpBC6bNPlsUm,Stephan Bodzin;Mind Against,Boavista Remixes,Earth - Mind Against Remix,38,450725,False,0.776,0.927,11,-7.38,0,0.0489,0.0105,0.887,0.0992,0.0334,125.015,4,minimal-techno,0.21127979591663254,0,0
1uT2b9tByCtdjL4PN3xbRs,Black Rebel Motorcycle Club,Beat the Devil's Tattoo (Deluxe Version),Beat the Devil's Tattoo,55,226760,False,0.517,0.909,4,-2.815,1,0.0378,0.451,0.0135,0.0923,0.683,96.528,4,garage,0.28402979436116155,0,0
0U2VLsm3QTfqGn2GTuGNPh,Anathema,Judgement (Remastered),Parisienne Moonlight - Remastered,41,130066,False,0.446,0.452,2,-7.832,0,0.0288,0.326,7.68e-05,0.293,0.351,169.922,4,goth,0.46705123866745246,1,1
2hrUO4drrO63i7FYbCLBl2,Clean Bandit;Sean Paul;Anne-Marie,What Is Love? (Deluxe Edition),Rockabye (feat. Sean Paul & Anne-Marie),72,251173,False,0.717,0.73,9,-4.729,0,0.0568,0.383,0.0,0.398,0.792,102.002,4,dance,0.20733385153940215,0,0
5Qh0fD19S8VQm5uP9r8f4c,The Jackson 5,Classic Christmas 2022,I Saw Mommy Kissing Santa Claus,0,181360,False,0.582,0.705,3,-8.169,1,0.0539,0.29,1.38e-06,0.797,0.64,128.89,4,soul,0.38289136651651745,0,1
2wt831VAOLWoAbIcQwxWsF,Ill Niño,Metal Lives!,If You Still Hate Me,0,175133,True,0.468,0.983,1,-2.848,1,0.114,6.21e-05,0.000292,0.0568,0.0914,135.439,4,industrial,0.2468730361018187,0,0
1hEwuTau7eFnQRyohXCNBz,Original Cast of Amélie,Amélie - A New Musical (Original Broadway Cast Recording),World's Best Friend,21,200120,False,0.434,0.274,11,-9.961,1,0.0588,0.936,2.12e-06,0.195,0.206,172.213,3,show-tunes,0.6054468759469539,1,2
7J8boU0pqOAOns0ohr5b0V,Kids Rock Kidz,Kids Rock Party - Sung by Kids for Kids (Clean Lyrics),Get the Party Started - Clean Lyrics,14,190066,False,0.666,0.899,6,-4.913,0,0.0397,0.00885,9.44e-06,0.0726,0.529,129.023,4,kids,0.2226062038904143,0,0
11BisV6JO8xtjuEU5M0vyp,Traitors,Mental State,My Regrets,23,188009,True,0.443,0.991,4,-4.705,1,0.104,0.000441,0.407,0.84,0.0685,90.009,4,death-metal,0.4070552263486357,0,1
2aJ4sTob2JAxWC2QKJawV0,D.ACE;Negrito Senpai;Jewel Usain,Millions de Berrys,Millions de Berrys,32,170020,False,0.544,0.546,2,-8.543,1,0.393,0.0561,0.0,0.13,0.554,125.958,4,french,0.3173711775467019,0,0
5t19BKiMHuoW1xxnL0QmtI,Rain Sounds,Rain Sounds for Sleep,Rain on Car Roof,34,184000,False,0.335,0.996,11,-19.941,0,0.0345,0.382,0.61,0.889,0.0115,90.807,3,sleep,0.44251593921796323,0,1
10LfH6Hkt06jYjXo8FGecm,Yuvan Shankar Raja;Silambarasan TR;Blaze,Vallavan (Original Motion Picture Soundtrack),Loosu Pennae,60,411706,False,0.673,0.486,5,-7.987,0,0.103,0.475,0.00022,0.0906,0.535,191.943,4,k-pop,0.3872506159968409,0,1
1W0YS64vF9qgMVLuN76aqg,Skillet,Rise (Deluxe Edition),Rise,61,260786,False,0.57,0.921,4,-3.892,0,0.0724,0.0127,0.0,0.818,0.381,87.938,4,metal,0.30257063315790794,0,0
1pOIpxfrQ8AszXZdKR3aH3,N.W.A.,Straight Outta Compton,Gangsta Gangsta,64,336917,True,0.894,0.698,6,-8.264,0,0.275,0.0279,3.56e-06,0.329,0.695,98.104,4,hardcore,0.15699650880229454,0,0
60tfD2YgDiwyOloZbE5xtE,Greensky Bluegrass,If Sorrows Swim,Leap Year,23,347280,False,0.348,0.657,4,-6.666,1,0.0299,0.352,0.277,0.301,0.655,139.053,4,bluegrass,0.4249296348995531,0,1
4kbj5MwxO1bq9wjT5g9HaA,WALK THE MOON,TALKING IS HARD,Shut Up and Dance,83,199080,False,0.578,0.866,1,-3.804,1,0.0619,0.00701,0.0,0.257,0.619,128.038,4,alternative,0.2931833287918405,0,0
2qJbWCHh9X7bPPfVlVOrVu,Peter Sprague,Now I Lay Me Down to Sleep,Edelweiss (Instrumental),27,137901,False,0.409,0.107,9,-19.361,1,0.051,0.995,0.876,0.0991,0.498,205.935,3,guitar,0.5966960060795622,1,1
1jKH10ufuA4EzUCdobVxu0,Parkway Drive,Darker Still,Glitch,60,261811,True,0.552,0.87,1,-3.998,1,0.048,9.54e-05,0.0968,0.283,0.364,106.049,4,metalcore,0.20134024741878187,0,0
4JDV87IELfaz9tS9UKJOKN,INF1N1TE;Semidubs,CLOSE MY EYES,CLOSE MY EYES,39,172000,False,0.469,0.957,5,-3.703,0,0.276,0.419,0.00836,0.25,0.648,74.645,4,dubstep,0.4559270708644603,1,1
6BH5Trrr2s7i31GkjqB6dO,Badflower,This Is How The World Ends,Fukboi,51,159916,True,0.401,0.933,7,-3.111,1,0.112,0.000157,0.000401,0.215,0.484,182.131,4,grunge,0.3158151564267179,0,0
1FfN2sDgdoT14CQHhWk19K,Kathleen Madigan,Gone Madigan,"Autism, My Sister Kate",23,219719,True,0.627,0.849,9,-5.295,1,0.923,0.832,0.0,0.941,0.463,82.399,4,comedy,0.5405483458913865,1,1
498kP94D58Alzxrx7tJmbe,Jesse Rice,The Pirate Sessions III,Too Drunk to Meet Jimmy Buffett,30,219848,False,0.697,0.663,7,-6.035,1,0.0373,0.191,0.0,0.357,0.82,132.015,4,guitar,0.29872231587825265,0,0
2AXTRWWGTwgp0Ud8cPzT5S,Gyllene Tider,Konstpaus,"Juni, Juli, Augusti",42,232426,False,0.288,0.898,2,-5.204,1,0.0663,0.00176,0.000117,0.313,0.53,124.698,4,swedish,0.2987474245552052,0,0
4io4CQ89K9w8z623duQVAX,RoelBeat;Goodiny,Annihilation,Annihilation - Radio Edit,42,219661,False,0.755,0.779,0,-7.91,1,0.0402,0.00458,0.598,0.174,0.25,118.008,4,groove,0.21429000600706333,0,0
4gClt2T8ZbjYzTU2zFMg0d,Mariah Angeliq;Bad Gyal;Maria Becerra,Clásicos de ahora: Perreo,BOBO,0,224760,True,0.714,0.818,8,-6.016,0,0.0532,0.0724,0.0,0.115,0.541,92.004,4,latino,0.1991061438682879,0,0
633VOh3BMvZ9YNEIZM6V3W,División Minúscula,Defecto Perfecto,Cada Martes,45,310000,False,0.496,0.921,6,-4.771,0,0.0445,0.00228,1.49e-05,0.641,0.49,97.35,4,punk-rock,0.24784318321296192,0,0
6C7nimvwkJvFXZ7oT0ZOf6,Wolfgang Amadeus Mozart;Ingrid Haebler,Mozart: The Complete Piano Sonatas,"Piano Sonata No. 14 in C Minor, K. 457: II. Adagio",1,421306,False,0.348,0.0223,3,-27.507,1,0.0388,0.994,0.923,0.118,0.279,67.483,4,classical,0.5725314878459283,1,1
6Yp3K2cy35hXnWQFE1yWrJ,The Knocks;Dragonette,Mellow Electronic Pop,Slow Song,0,253723,False,0.77,0.743,6,-3.251,1,0.0299,0.0205,0.0003,0.144,0.843,123.014,4,indie-pop,0.20973425823662678,0,0
60m0nPq3pDKU3ZoVEQyLkR,Vadim Kozin,Мой костёр / Russian Vintage Songs,Мой костёр,2,168250,False,0.484,0.152,5,-11.775,0,0.0528,0.994,1.25e-05,0.268,0.342,80.104,4,romance,0.5357936198407721,1,1
773YRWgu38if25XiHHabJK,Sail & Weep,Close is best,Close is best,46,135374,False,0.814,0.213,5,-9.424,0,0.0477,0.802,0.379,0.126,0.174,79.964,4,study,0.4544953319605779,1,1
0ttfJZcKq7E7NcIldlogbn,Marilyn Manson,Twisted Halloween Hits,The Beautiful People,0,222773,True,0.609,0.948,9,-4.938,1,0.113,0.00404,0.0978,0.042,0.786,144.037,4,alternative,0.141836822769541,0,0
526SpJgLqe5JZtyXNo0Ic6,Connor Price;Evelyne Brochu,Love Language,Love Language,51,170880,False,0.75,0.401,0,-9.105,1,0.305,0.326,0.177,0.269,0.23,139.695,4,sad,0.3680272486100671,0,1
1NiwnZzq731AtzSUPyV4eJ,Ignotus,Rock 'n' Terapia,The End,26,161315,False,0.427,0.537,5,-14.06,0,0.0363,0.00339,0.0,0.103,0.454,140.147,4,spanish,0.31185293628511557,0,0
1qy98afcwmVn67u0eb7mKM,Love Unlimited,Love's Train: The Best Of Funk Essentials Ballads,I Belong To You,32,227800,False,0.588,0.405,5,-12.279,1,0.0327,0.304,0.00587,0.107,0.625,94.866,3,disco,0.4564406716540625,1,1
08mG3Y1vljYA6bvDt4Wqkj,AC/DC,Back In Black,Back In Black,85,255493,False,0.31,0.7,9,-5.678,1,0.047,0.011,0.00965,0.0828,0.763,188.386,4,rock,0.37306202728171367,0,1
1FFIeOFuiJ8YSoSp5So1Wj,Orbital,Orbital,Desert Storm,18,725173,False,0.591,0.755,2,-16.916,1,0.0538,0.00123,0.854,0.122,0.808,171.813,4,breakbeat,0.3584395877017486,0,1
0pw2SQhAtP0zblvVFQfr3n,J Balvin;Dua Lipa;Bad Bunny;Tainy,Esto No Se Le Dedica A Cualquiera,UN DIA (ONE DAY),7,232146,False,0.58,0.695,6,-8.244,0,0.0671,0.00638,0.0,0.174,0.402,168.124,4,latino,0.31703282043393266,0,0
0BxE4FqsDD1Ot4YuBXwAPp,Arctic Monkeys,Favourite Worst Nightmare,505,88,253586,False,0.526,0.866,0,-5.822,1,0.0568,0.00287,7.78e-05,0.0945,0.248,140.266,4,indie,0.25904886849973385,0,0
55sgQENF3LY1sUcJUwasLl,Skrillex;Justin Bieber;Don Toliver,Don’t Go (with Justin Bieber & Don Toliver),Don’t Go (with Justin Bieber & Don Toliver),69,168253,False,0.689,0.695,11,-5.22,1,0.0429,0.019,0.0,0.123,0.359,75.05,4,edm,0.16832301003753003,0,0
1di1C0QI6Y92yZPYn6XYAZ,KANA-BOON,TIME,シルエット,73,240133,False,0.436,0.934,2,-2.685,1,0.0507,1.03e-05,0.14,0.321,0.384,91.481,4,j-rock,0.2976914861751422,0,0
1sTJ7xUvsloeRJjwdQyKSB,Morat,Halloween 2022 Pop Vol. 2,Acuérdate De Mí,2,221063,False,0.328,0.517,2,-6.124,1,0.0777,0.266,0.0,0.262,0.287,184.446,3,latin,0.4118551593630464,0,1
6OaVWaGfhXn70ZJfdVcabn,Travis Scott,ASTROWORLD,NO BYSTANDERS,73,218283,True,0.731,0.811,1,-3.225,1,0.0712,0.0204,0.0,0.411,0.426,147.045,4,house,0.20236299575216793,0,0
5dSLQkCrNpDIK8FviwtfFG,Hank Williams;Drifting Cowboys,The Original Singles Collection . . . Plus,Move It On Over,15,165800,False,0.741,0.374,4,-11.203,1,0.0413,0.942,0.00014,0.0862,0.923,83.481,4,honky-tonk,0.47584367876700506,1,1
5Yv3ZIpvWLS78UIKOQlsp9,Danny Cooltmoore;The Great Western Alarm,Raggarbil,Raggarbil,27,161726,False,0.462,0.851,9,-2.771,1,0.0346,0.000962,0.000724,0.277,0.701,149.937,4,rockabilly,0.30355946777524384,0,0
0SMeLj1kfk6ILwTjE4f1H3,Pegboy,Strong Reaction,Superstar,28,144240,False,0.371,0.955,5,-6.344,1,0.0858,0.00703,0.0,0.0697,0.718,97.768,4,hardcore,0.21886938669311773,0,0
3e5yu9MkIvQx17mm7LF6KY,Canyon City,Midnight Waves,Alone with You,58,186584,False,0.549,0.274,1,-12.565,1,0.0379,0.798,6.63e-06,0.103,0.207,86.664,4,folk,0.5362326512811382,1,1
7Bx0oBgnEfVR2bCs6Aul0X,ILLENIUM;MAX,Worst Day,Worst Day,0,167274,False,0.534,0.839,2,-2.951,1,0.053,0.0698,0.0,0.264,0.576,155.002,4,edm,0.3188717130026071,0,0
5pKUJLGKZjoPiYJnQYRH9a,The Budos Band,Burnt Offering,Turn and Burn,22,344840,False,0.445,0.833,9,-7.373,0,0.0279,0.00256,0.736,0.167,0.652,116.012,4,afrobeat,0.3362737686004654,0,0
30ksReCEcSpnfAm8XCC4G7,Smartface,Easy Feet,Too Tired,40,116893,False,0.8,0.252,11,-9.816,1,0.214,0.513,0.224,0.109,0.495,77.997,3,study,0.4037408543500381,0,1
4F8OK7mNa51mKqgHqWQiYm,Eats Everything;Charlotte de Witte,Space Raiders (Charlotte de Witte Remix),Space Raiders - Charlotte de Witte Remix,54,438720,False,0.749,0.731,4,-10.865,1,0.108,0.00314,0.867,0.111,0.0598,131.997,4,deep-house,0.16626405490146307,0,0
0Zl5n7c9yFZA0NrS4MWXB2,Rafa Figueroa,under_score,under_score,34,128457,False,0.725,0.194,9,-16.627,0,0.0393,0.681,0.902,0.0864,0.132,90.045,4,study,0.47656981914319596,1,1
03pgAGtsNrSoZtXDUR1Rom,Marvin Gaye,Christmas Soul Classics,Purple Snowflakes,0,171920,False,0.607,0.481,7,-9.347,0,0.0269,0.404,0.0,0.107,0.78,109.403,4,funk,0.5078110349515588,1,1
6ld4zIPweVl6KxdzdRivr3,J Balvin;Maria Becerra,El perreo es el futuro,Qué Más Pues?,0,217361,False,0.904,0.817,8,-3.956,1,0.0871,0.0254,0.000141,0.232,0.753,101.988,4,latino,0.23639179842942126,0,0
2Nbhq0jI4SR7whs7YNZEuJ,Shiloh Dynasty,17 (Slowed + reverb),17 - Slowed + reverb,51,209493,False,0.78,0.24,11,-12.996,1,0.0711,0.373,0.0141,0.452,0.171,140.502,4,chill,0.3160575466397421,0,0
2XzfX9mvl3eg8UM5VhYAJX,Damares;Canção & Louvor,O Leão,O Leão,45,267398,False,0.63,0.749,7,-5.147,0,0.0744,0.14,0.0,0.0666,0.573,75.891,4,brazil,0.26962744210594,0,0
7AJtoJnHV80IMEHgQs6YvU,Shankar;Ehsaan;Loy;Shankar Mahadevan;Sowmya Raoh;Loy Mendonsa;Gulzar,Bunty Aur Babli,Nach Baliye,47,362762,False,0.691,0.916,9,-5.313,1,0.117,0.029,0.0,0.121,0.394,133.889,4,jazz,0.21390913885716895,0,0
56sbIl0o3XpzEs0K2wHRmI,Michelle,Ballermann Hits 2022,Scheißkerl,30,202666,False,0.586,0.877,2,-4.466,1,0.084,0.0355,0.0,0.305,0.549,129.886,4,party,0.2799270066277741,0,0
0zLv81RNFByXTZ3wu91y1R,Rata Blanca,"Col 2x1: Magos, Espadas Y Rosas / Guerrero Del Arco Iris",Mujer Amante,50,363120,False,0.497,0.649,11,-10.205,0,0.0334,0.0145,3.78e-06,0.0477,0.567,115.357,4,heavy-metal,0.3001052183296606,0,0
6D8MQ04WjnY9Jrhi1MdNFa,Müzeyyen Senar,"Yayınlanmamış Şarkılar, Vol. 2",Gamzedeyim Deva Bulmam,43,197146,False,0.294,0.441,4,-7.625,0,0.0327,0.836,0.467,0.102,0.328,143.52,4,turkish,0.5361838840481221,1,1
3qEOQKwlefkV1f7uQucrXU,Mirage & Yoko;Tom Socket,To Proste Tak,To Proste Tak (Tom Socket Remix),29,240019,False,0.793,0.839,8,-6.854,0,0.0399,0.00321,0.0163,0.608,0.837,130.024,4,disco,0.17654355087807677,0,0
4lTIVHttNJYHG1PhzS8CAg,BOØWY,PSYCHOPATH,LIAR GIRL,33,251626,False,0.564,0.837,4,-4.734,1,0.0296,0.00457,1.26e-05,0.0709,0.261,147.788,4,rockabilly,0.23863912517822747,0,0
5w6BjCkSCTx4WIMtf8G89C,Jon Kennedy,Café del Mar Vol. 24,Twilight,19,252188,False,0.666,0.512,7,-12.917,1,0.033,0.0585,0.029,0.219,0.388,93.502,4,trip-hop,0.39334407590332077,0,1
4YXY9sJAYmOM9mk4z4dTGz,Kiprich,Riddim Driven: Juice,Ring,18,168733,False,0.666,0.892,1,-6.502,0,0.289,0.015,0.0,0.0552,0.909,191.883,4,j-dance,0.30071772447810247,0,0
3GUjEfAGucRFEgsFbCYdgj,Satoshi Imano,Childhood's End,Childhood's End,30,332598,False,0.792,0.585,5,-9.595,0,0.0509,0.0159,0.858,0.117,0.104,127.001,4,techno,0.15036796764103866,0,0
2oDmFTSr4i72q6ShSAxaDR,Josué Bom de Faixa,Coração De Papel,Coração De Papel,39,172588,False,0.71,0.822,7,-2.324,1,0.0426,0.348,0.0,0.132,0.729,158.012,4,forro,0.3121605030921326,0,0
6wQJoXKA7Ektx9jVwDtww8,Intence;Zimi,Who & Dem,Who & Dem,19,158267,True,0.863,0.798,11,-5.543,0,0.336,0.703,0.0,0.271,0.834,109.962,4,j-dance,0.44775162597331536,0,1
5fPWflMcJ7zT8BSnHQD9Wh,Anupam Roy,Manzil,Manzil,41,191952,False,0.705,0.67,0,-6.494,1,0.0295,0.376,2.75e-05,0.186,0.701,116.028,4,songwriter,0.24692852304740326,0,0
40MXr7BMh3ShPf2b9giSRt,Swedish House Mafia;The Weeknd;Moojo,Moth To A Flame (Moojo Remix),"Moth To A Flame (with The Weeknd, Moojo) - Moojo Remix",54,436721,False,0.681,0.915,0,-7.549,0,0.0423,0.00102,0.413,0.0731,0.109,121.996,4,progressive-house,0.25289836824250395,0,0
1y6dEjheBdnopNo0xDXJ9P,"Car, the garden","Alchemy of Souls, Pt. 1 (Original Television Soundtrack)",Scars leave beautiful trace,59,213946,False,0.479,0.535,11,-6.676,0,0.03,0.49,0.0,0.0923,0.21,82.024,4,indie-pop,0.4379961087981565,0,1
1a4USTrL1ZtLggEllkU2vw,Anson Seabra,CHRISTMAS TOP HITS 2022,Christmas Got Colder,0,129610,False,0.585,0.274,5,-9.831,1,0.0717,0.791,0.0,0.109,0.471,81.37,5,songwriter,0.5250685837616906,1,1
4bHFJc0ZIgz2lhdy9hFQA7,Alcest,Spiritual Instinct,Protection,44,349968,False,0.156,0.901,6,-8.03,1,0.0562,1.99e-05,0.806,0.035,0.171,145.627,3,black-metal,0.3023920448635655,0,0
7l9HIihZ6ktmmYUCRv5fr8,Aril Brikha,Palma Ep,Palma - Original Mix,9,518095,False,0.769,0.917,10,-13.125,0,0.0402,0.0625,0.825,0.0909,0.758,126.004,4,detroit-techno,0.19230720946099034,0,0
2IVsRhKrx8hlQBOWy4qebo,Ricky Montgomery,Montgomery Ricky,Mr Loverman,79,216880,False,0.639,0.526,0,-6.697,1,0.0256,0.245,2.43e-05,0.25,0.488,130.033,3,indie-pop,0.2054529588536977,0,0
1dcCbOhMl5LKAj27DrINGN,Surgeon,Midnight Club Tracks II,"Midnight Club Tracks II, Pt. 1",7,408358,False,0.695,0.983,10,-6.204,0,0.0509,0.000169,0.895,0.0437,0.37,133.989,4,detroit-techno,0.251814327036513,0,0
0bVO1w0v6bLgPvCM7X2mZC,Confess,Revenge at All Costs,Based On A True Story...,8,132000,False,0.439,0.506,1,-12.867,0,0.35,0.197,0.047,0.185,0.055,86.076,3,iranian,0.45288035025130274,1,1
0qs8BYRN4pOCyXX2S6in8c,Audiofreq,Beyond 150 EP,Fire Power,23,277200,False,0.574,0.992,1,-1.792,1,0.132,0.0151,6.83e-06,0.65,0.266,99.971,4,hardstyle,0.33202516951404615,0,0
2JredID6iVWdzvDuXwc5g4,Lorne Balfe,Black Adam (Original Motion Picture Soundtrack),Black Adam Spotted,21,97346,False,0.367,0.606,1,-13.294,1,0.0607,0.0732,0.743,0.113,0.0768,130.596,4,british,0.30783644140922933,0,0
6d9c8VM5eMaUheUwkwOTm6,Bryan Kearney,ASOT 1090 - A State Of Trance Episode 1090,Kaia (ASOT 1090) [Trending Track],40,127030,False,0.437,0.989,6,-7.107,0,0.0533,0.000219,0.556,0.313,0.0978,137.974,4,trance,0.2956629878161438,0,0
0uVrPeEM1Q02sbGA3zJ3CC,Yuvan Shankar Raja;Madhushree,Mankatha (Original Motion Picture Soundtrack),Nanbane,59,302600,False,0.451,0.306,2,-6.325,0,0.0403,0.82,0.00544,0.207,0.262,102.659,4,k-pop,0.5082370219856743,1,1
2njwHmNjXByi7oQZZr0ips,The Carburetors,Burning Love,Burning Love,28,204021,False,0.345,0.883,2,-7.354,1,0.0438,0.000714,6.04e-05,0.317,0.489,88.764,4,rock-n-roll,0.31849630713489135,0,0
67UZi1Fezn05O1oetjIdLm,Partynator,"Saufen morgens, mittags, abends - Die Party",Mama Laudaaa,26,219170,False,0.702,0.884,11,-4.742,1,0.0916,0.111,0.0,0.373,0.563,140.072,4,party,0.3141446239929845,0,0
4oHq26hX82ls9HmKGqZGVH,Little Symphony,Serenity,Esgalduin,27,49523,False,0.29,0.129,10,-23.333,1,0.055,0.733,0.762,0.113,0.182,92.904,1,ambient,0.6591512181481379,1,2
0XP2K6n7cHWDThzfEX6kek,Mukeka di Rato,Carne,Cachaça,29,90146,False,0.274,0.99,11,-3.769,0,0.0751,0.00336,0.0401,0.943,0.37,87.293,4,hardcore,0.4832357481174852,1,1
0g9bfgn27MhVjQBngkONjO,Straight Answer,Never Surrender,Hantam Prasangka Buruk,31,99693,False,0.213,0.998,2,-3.415,1,0.215,0.00019,0.0,0.24,0.154,104.069,4,hardcore,0.3383336195883472,0,0
5ctrWrTwgy5xLZA4OWgY5O,Scorpions,Love at First Sting,Still Loving You (2015 - Remaster),30,388613,False,0.271,0.597,8,-4.128,0,0.0311,0.158,0.00135,0.246,0.0746,103.29,4,german,0.4300242369023965,0,1
55Cth2NbfIWChuTpHs1kCI,Kemuel;Gabriela Rocha,Me Lembro (feat. Gabriela Rocha),Me Lembro (feat. Gabriela Rocha),33,291740,False,0.351,0.59,7,-7.291,1,0.0545,0.441,0.0,0.124,0.113,79.111,4,groove,0.4685476848559596,1,1
6bCZV3DwE4AMSjWkFrnEGr,Seven Lions;JT Roach,Beyond The Veil (feat. JT Roach),Beyond The Veil (feat. JT Roach),0,291079,False,0.577,0.842,0,-8.0,1,0.0322,0.193,0.146,0.0713,0.0385,110.016,4,dubstep,0.34664494359197356,0,0
03wrmep5c3Dr9JlOXPvFUX,Celtic Woman,Celtic Woman,You Raise Me Up,54,271133,False,0.262,0.209,2,-10.685,1,0.0385,0.919,1.98e-06,0.0805,0.141,121.487,4,opera,0.6598469581064147,1,2
4kWO6O1BUXcZmaxitpVUwp,Tiësto;Dzeko;Preme;Post Malone,Jackie Chan,Jackie Chan,72,215759,True,0.747,0.834,3,-2.867,0,0.045,0.374,0.0,0.0586,0.687,128.005,4,house,0.27067909753691016,0,0
7BlWK6ZJN4oYqlUKZBz4q0,Dick & Dee Dee,Lost Hits Of The 60's,Tell Me,33,135906,False,0.44,0.408,7,-9.774,1,0.0271,0.729,2.48e-06,0.0881,0.479,102.095,3,blues,0.4589726189512239,1,1
6OaI0ZpuuHfTYGBCUkXTCk,Kemuel,Kemuel Worship I,Não Valeria,31,296000,False,0.558,0.95,4,-6.071,0,0.18,0.0366,0.000488,0.973,0.319,136.035,4,groove,0.44442995964671067,0,1
1uKYwIpXYEB1xw4JnAPP8w,Layton Giordani,New Generation,Feel a Vibe,48,274809,False,0.707,0.927,1,-6.861,1,0.109,0.121,0.55,0.086,0.0519,131.009,4,techno,0.24119652532912708,0,0
2M7L6ZcvqvLWexJzwKZRqC,Juan D'Arienzo,Las Canciones de Juan D'arienzo,La Bruja,17,133333,False,0.701,0.375,1,-9.167,0,0.134,0.97,0.00045,0.0815,0.764,140.428,4,tango,0.46850703586762055,1,1
1ro2qxiKNuHMS09KKTLo89,Sevendust,Sevendust (Definitive Edition),My Ruin,23,337171,True,0.253,0.72,6,-7.925,1,0.0514,0.000558,0.0025,0.111,0.533,82.477,4,industrial,0.3089905798935582,0,0
6dEIIiXRsvXlO7Gy1VdP9q,25th Annual Putnam County Spelling Bee Original Cast,25th Annual Putnam County Spelling Bee (Original Broadway Cast Recording),Woe Is Me - Reprise,27,60240,False,0.626,0.0752,5,-13.282,1,0.0431,0.955,0.00743,0.362,0.357,94.626,4,show-tunes,0.6132453031215694,1,2
6xZMdgMwGxBAJ3O9LfWunY,Cajmere;Dajae,Only 4 U: The Sound Of Cajmere & Cajual Records 1992-2012,Say U Will feat. Dajae - Original Mix,8,329093,False,0.926,0.471,2,-9.568,1,0.112,0.000432,0.00847,0.104,0.476,123.979,4,chicago-house,0.22862601027676235,0,0
07wsr8b3h0n18wBeyZU0ht,Taba Chake,Bombay Dreams,My Other Side,37,219000,False,0.574,0.244,0,-10.319,1,0.0436,0.826,0.00695,0.0872,0.448,108.049,3,singer-songwriter,0.48163069332042235,1,1
4DWvOeinTzhj4DeGYn9tqz,Hermetica,Intérpretes,Tú Eres Su Seguridad,43,304600,False,0.434,0.676,0,-8.545,1,0.0305,0.00236,0.0,0.398,0.486,127.331,4,metal,0.3125037753207551,0,0
77O8Dr6RoO3xa7p2yP9VhQ,Russell Watson;Lulu;London Session Orchestra;Nick Ingman,The Ultimate Collection,The Prayer,19,273866,False,0.241,0.336,10,-8.287,1,0.0313,0.477,0.0,0.0793,0.0665,105.946,1,opera,0.5422917016602635,1,1
2dxdzWwLl3nP0SZImUK2A0,Ñejo & Dalmata,Reggeaton Imperdible,Pasarela,0,227466,False,0.798,0.821,7,-6.143,1,0.0596,0.0985,5.84e-06,0.178,0.526,95.004,4,latin,0.22109484743927632,0,0
6p5xqRlCrUcRLoK3YC9ldV,Don Omar,Homecoming Latin Party,Salió El Sol,0,317280,False,0.886,0.708,4,-5.915,0,0.0911,0.107,0.0114,0.044,0.965,109.976,4,reggae,0.20356500866443009,0,0
30t7M7nfZ8rk4CznVyh9N0,Elena Kamburova,Дрёма. Русские колыбельные,Зеленая карета,26,219600,False,0.278,0.213,7,-17.459,1,0.0401,0.86,0.0149,0.0512,0.139,118.811,1,romance,0.6020835247417937,1,2
4sPu4wktExQoJBO6vn5oL5,Yasmin Santos,Evidências,Evidências,46,286765,False,0.668,0.677,3,-5.81,1,0.0341,0.364,0.0,0.135,0.403,98.023,4,sertanejo,0.2601479108285021,0,0
4AUror8X0wwt0KSpTJmGHW,Dinah Washington;Brook Benton,60s Christmas Party,Baby (You've Got What It Takes),0,169933,False,0.683,0.668,3,-8.36,1,0.0749,0.833,2.75e-06,0.0548,0.77,132.192,4,blues,0.4023622980375707,0,1
00oZhqZIQfL9P5CjOP6JsO,The Beatles,Revolver (Remastered),Tomorrow Never Knows - Remastered 2009,57,179546,False,0.38,0.829,5,-6.105,1,0.0405,8.4e-05,0.00208,0.342,0.0534,125.887,4,british,0.37129293571051625,0,1
6Xs7OKt6i0Ddq8B4M5Dgvr,Halsey,BADLANDS,New Americana,65,183808,False,0.339,0.707,0,-5.121,0,0.0428,0.0113,0.0,0.337,0.359,173.993,4,electro,0.3169543603411541,0,0
18MlLrfCkYOnKutil99GwY,NTO,Alter Ego,Alter Ego,52,444878,False,0.716,0.534,6,-9.327,1,0.0531,0.00729,0.74,0.0682,0.271,123.003,4,french,0.23731060893673495,0,0
0h467C8iLWdgfW58aj0X0o,Stephan Bodzin;Innellea,Boavista Remixes,Boavista - Innellea's Arp Attachement,33,408003,False,0.689,0.773,0,-7.786,0,0.0507,0.0668,0.794,0.103,0.138,123.995,4,minimal-techno,0.24316234482682367,0,0
3TtILP6ufeAsUQ6eH41ILA,Dinosaur Jr.,Dinosaur,Repulsion,26,184640,False,0.379,0.967,11,-3.953,0,0.0821,0.000347,0.00678,0.0688,0.798,145.744,4,power-pop,0.3113544149685929,0,0
2Y4ol1FiPdSPMwaEMJgXMN,"nothing,nowhere.",ruiner,hammer,56,204000,True,0.653,0.78,5,-7.253,0,0.0663,0.114,3.23e-06,0.117,0.26,179.928,4,emo,0.32154856000560134,0,0
1NTJDF7wk26eGVxEFn4MMJ,Clean Bandit;A7S,It's You - Fresh Hits,Everything but You,0,198014,False,0.679,0.764,6,-5.301,1,0.0391,0.031,9.05e-06,0.0951,0.471,124.977,4,funk,0.34249171261919775,0,0
1fIJOQ8WHufCQkg3BqhfCO,Boris Brejcha,I Am The Joker,I AM THE JOKER,44,497280,False,0.8,0.551,9,-10.566,1,0.041,0.000462,0.815,0.119,0.149,125.008,4,minimal-techno,0.2145960652588245,0,0
4H7MpMZ4p3Cc06B11bcgL7,Jack Savoretti,Days Gone (Original Soundtrack),Soldier's Eyes,50,171760,False,0.666,0.289,7,-12.404,1,0.0317,0.641,8.2e-06,0.109,0.415,109.965,4,acoustic,0.3742362488523114,0,1
4Nhzp5J1JSYaqXCFvrKwNJ,Şanışer;Sokrat St,Onuncu Gün,Anlamı Yok,44,193150,True,0.462,0.826,6,-4.841,1,0.322,0.435,0.0,0.204,0.576,173.544,4,turkish,0.3245533926504491,0,0
6KuIO7Ya84QfWoR0JLXn6B,Little Symphony,Sombrio,Sirion,28,127467,False,0.115,0.43,2,-26.167,1,0.06,0.879,0.978,0.119,0.362,95.325,4,guitar,0.627972530797543,1,2
7fY8qVujvm5lZBrt5Y1sIJ,Arijit Anand;Ankita Barwad,Khayaal,Khayaal,56,149749,False,0.702,0.326,1,-11.575,1,0.0313,0.731,0.000287,0.146,0.556,110.022,4,indie,0.39975420756776825,0,1
1BKl6JHciO3gjIjTzsG7hF,Raphaël,caravane,Peut-être a-t-il rêvé?,31,165080,False,0.527,0.378,9,-8.863,0,0.0258,0.922,4.12e-05,0.104,0.249,90.069,1,french,0.4660007618085967,1,1
6qK47Oa7Vbumzeb69KuMhZ,Gorillaz;Beck,20's Rock,The Valley of the Pagans,0,181028,True,0.75,0.856,2,-5.802,1,0.0457,0.0778,3.65e-05,0.117,0.94,130.034,4,alternative,0.10960863232935053,0,0
0e5LcankE0UyJUuCoq1uH2,Steve Miller Band,Fishing Music,The Joker,0,264503,False,0.596,0.448,5,-9.616,1,0.0396,0.365,5.22e-06,0.207,0.796,83.293,4,hard-rock,0.44086699990033074,0,1
38i3hKzRfWSzjhTOMtnzCG,Attaque 77,El Cielo Puede Esperar,El Cielo Puede Esperar,44,253840,False,0.39,0.757,3,-11.223,0,0.0311,0.0016,0.000758,0.0388,0.739,159.319,4,punk-rock,0.3295033486482966,0,0
5eQtR62IZ8P8qZM2pSD9Ip,Shania Twain,Up! (Red and Green Versions),Forever And For Always,59,283000,False,0.469,0.722,6,-4.806,1,0.0326,0.232,0.0,0.123,0.529,85.984,4,country,0.2152728748445062,0,0
32puFzyAEnxuSQNL9H8E4i,Manowar,Metal,Kings of Metal,0,223866,False,0.575,0.881,9,-13.012,1,0.0356,0.000113,2.59e-05,0.147,0.692,132.128,4,hard-rock,0.34950859810991924,0,0
1cz1Z22xmJQaALUgUXzUaq,Disturbed,Timeless Rock Hits,Land of Confusion,1,287066,False,0.553,0.991,8,-3.703,1,0.0925,4.44e-05,0.0729,0.179,0.324,114.919,4,metal,0.3220464242499298,0,0
66MxvS8yoayHZj2Lw0codN,Paweł Szymański;Pola Pilat;Piotr Polk,Król Lew (Ścieżka Dźwiękowa z Filmu),Strasznie już być tym królem chcę,30,202986,False,0.471,0.778,1,-6.309,1,0.34,0.186,0.0,0.364,0.683,197.599,4,disney,0.3471966166294712,0,0
4fdhVSIdZv0eB67sX2TDCv,Böhse Onkelz,Weiß,Das Wunder der Persönlichkeit,39,314666,False,0.572,0.669,0,-12.087,1,0.0481,0.0117,0.0,0.111,0.632,136.114,4,german,0.3185021737306914,0,0
4RLEptaOiYYtnZ07Nq87k2,Надежда Обухова;Матвей Сахаров,Песни советских композиторов,Осенние листья,0,208202,False,0.281,0.0665,9,-20.983,0,0.0495,0.988,1.23e-05,0.0904,0.159,74.017,3,romance,0.6652365969664811,1,2
6gVV28leSTAI70fV8fVP7L,Panteon Rococo,Sobreviviré,Sobreviviré,41,237133,False,0.397,0.909,1,-4.796,0,0.128,0.0202,5.44e-05,0.335,0.436,138.207,4,ska,0.2755321623586805,0,0
0rGllPwXKYxS07xZ0osn22,Leftfield;Quiet Village,Leftism 22,Melt - Quiet Village Mix,17,469906,False,0.333,0.378,6,-16.326,1,0.0541,0.514,0.91,0.0828,0.0689,169.993,4,trip-hop,0.48527409551800627,1,1
64NHAxoXRHW7WprPLFM5S2,Eikichi Yazawa,Anytime Woman (50th Anniversary Remastered),Dry Martini - Remastered 2022,31,245720,False,0.634,0.71,0,-6.972,1,0.0271,0.224,0.000213,0.132,0.487,123.912,3,rockabilly,0.34465920540437645,0,0
76CSHuHKMJxmjmdrNBX2Z3,Jax,Victoria’s Secret (feat. Harper) [The Metal Version],Victoria’s Secret,21,176124,True,0.586,0.556,6,-7.639,1,0.0592,0.00655,0.0,0.0836,0.517,167.018,4,songwriter,0.2893897474333801,0,0
66iKqUazBbTlAEjcZrpDkD,Dinah Washington,What A Diff'rence A Day Makes! (Expanded Edition),What A Diff'rence A Day Made,64,151866,False,0.387,0.117,0,-17.803,1,0.0299,0.925,0.000171,0.109,0.166,93.575,4,blues,0.557847676114102,1,1
6UelLqGlWMcVH1E5c4H7lY,Harry Styles,Fine Line,Watermelon Sugar,89,174000,False,0.548,0.816,0,-4.209,1,0.0465,0.122,0.0,0.335,0.557,95.39,4,pop,0.2620307640984825,0,0
29x9jxkl6ESKOdxETtbMwT,Antonio Vivaldi;Renato Fasano;Luigi Ferro;I virtuosi di Roma,October Classical Playlist,"Violin Concerto No. 3 in F Major, RV 293 ""Autumn"": II. Largo",0,145653,False,0.344,0.0258,2,-34.634,1,0.0392,0.637,0.322,0.0845,0.0355,116.868,4,classical,0.6745609359144557,1,2
70LcF31zb1H0PyJoS1Sx1r,Radiohead,Pablo Honey,Creep,85,238640,True,0.515,0.43,7,-9.935,1,0.0372,0.0097,0.000133,0.129,0.104,91.844,4,indie,0.26851492299982305,0,0
4fhLBWSTK9UeGiDQST7bxP,Lill Lindfors,Du är det varmaste jag har,Rus,35,241413,False,0.684,0.697,7,-10.563,1,0.0533,0.445,0.000138,0.11,0.895,118.446,4,swedish,0.29947736978756706,0,0
4jhYsGCaG4i30sGOct8Xhn,Aine Minogue,The Twilight Realm,Enchanted Valley,22,269706,False,0.306,0.0955,7,-18.601,0,0.0437,0.978,0.917,0.0876,0.0831,85.495,4,new-age,0.6687682622341808,1,2
2xXAcD0zzapYgSl5z1A847,Daddy Yankee;Wisin & Yandel,Esto No Se Le Dedica A Cualquiera,Si Supieras,9,241880,False,0.691,0.894,9,-1.681,0,0.115,0.291,0.0,0.104,0.623,184.018,4,latino,0.3803352891148231,0,1
2wvMF4tLWrNRA9cM5fUuN0,Sean Paul,Tropical Vibes,She Doesn't Mind,1,229786,False,0.709,0.795,7,-4.765,0,0.0713,0.000503,1.08e-05,0.222,0.597,120.01,4,dance,0.20454508659529658,0,0
2uZfcsHrP8s2UjaGqkCcHH,Cody;Heart;Mr. Primm;Scatter;The Mowgli's,"Helpsters, Vol. 2 (Apple TV+ Original Series Soundtrack)","If You're on the Floor, then Dance!",8,143783,False,0.914,0.672,4,-6.035,1,0.0475,0.47,0.0,0.138,0.807,111.013,4,kids,0.3140841021040204,0,0
1kviWHelXoHyPKUI9vcNBl,Buggimaan;Malini,Kadhal Murivu,Kadhal Murivu,35,242193,False,0.622,0.843,9,-5.205,0,0.15,0.616,2.21e-06,0.104,0.607,83.949,4,malay,0.35144084057967234,0,1
4AtooSYrtsk66Fr8FT1rHw,Acoustic Syndicate,Tributaries,Rainbow Roller-Coaster,20,296200,False,0.694,0.558,7,-9.534,1,0.0359,0.766,0.0251,0.173,0.58,96.833,4,bluegrass,0.37754523102898535,0,1
20G3uusQFoaVtrz22X0AP0,Casa Worship;Léo Brandão;MOVER,Momentos,Pródigo,43,320602,False,0.545,0.613,6,-8.874,1,0.0273,0.111,5.53e-06,0.0943,0.16,83.17,4,gospel,0.3901901541476553,0,1
1Cls464Epr7JDUxwyEbQEg,Sonia Rivas,Sonia Rivas,Amor No Te Guardo Rencor,28,172706,False,0.701,0.548,5,-10.52,1,0.0315,0.367,0.0,0.235,0.842,119.938,4,rock-n-roll,0.29474648077656496,0,0
7InaXrvag0nYTncPA1Iitl,Juan Magán;Belinda;Lapiz Conciente,Halloween 2022 Pop Vol. 4,Si No Te Quisiera,0,185480,False,0.705,0.874,0,-2.514,0,0.0723,0.17,0.0,0.0669,0.788,128.02,4,reggae,0.3045919404512465,0,0
6swf0xZe702UEfj8KZoxo1,Jubin Nautiyal;Raaj Aashoo,Kabira,Kabira,48,556348,False,0.541,0.627,10,-7.027,0,0.066,0.767,1.96e-05,0.103,0.451,97.676,4,k-pop,0.41819661512359574,0,1
0iI7D3Vqt2r8T22CmtqB4A,Ocoeur,Connections,To Infiinity,8,248680,False,0.109,0.303,10,-12.752,1,0.0404,0.683,0.261,0.116,0.035,76.95,5,idm,0.6147195527201905,1,2
1Io7OqoTHDgM6BBf0o749L,YUKI,"Single Collection ""five-star""",メランコリニスタ,35,264653,False,0.76,0.842,1,-4.446,1,0.0421,0.229,0.0139,0.358,0.625,114.839,4,j-pop,0.16497143673013592,0,0
4nyY8oVjbX2d4qzlpiVM5n,Zara Larsson,Poster Girl,Ruin My Life,65,190050,True,0.608,0.71,11,-4.998,1,0.0636,0.43,0.0,0.0903,0.613,124.985,4,edm,0.28420497652152465,0,0
5OMzsUSgwjyRcyDfdLD4jS,Dead Fish,Ponto Cego,Não Termina Assim,34,158568,False,0.316,0.951,10,-5.081,0,0.056,6.41e-05,0.0,0.339,0.718,103.68,4,hardcore,0.31633052381848714,0,0
2hllpVVDanlsKNLUscH4PA,Swingin' Utters,A Juvenile Product of the Working Class,The Next in Line,31,220400,False,0.316,0.863,11,-6.17,1,0.097,0.00278,8.5e-05,0.0417,0.557,181.104,4,power-pop,0.3434003538610661,0,0
1hDNg43vCjUHSJSzETUHdN,Sound Convoy,"Hey, wir woll´n die Eisbären seh´n","Hey, wir woll'n die Eisbären seh'n - Original Mix",38,211266,False,0.699,0.95,8,-5.291,1,0.0369,0.0243,7.05e-06,0.583,0.709,124.058,4,party,0.1472459022791999,0,0
3jcMkuNGMExEorJSML33D9,Rob Zombie,Halloween Metal Nights,Demon Speeding,0,224306,False,0.548,0.809,11,-4.001,0,0.0328,0.000298,2.96e-06,0.156,0.409,133.984,4,hard-rock,0.28202829111448574,0,0
0jGNrMFSke9iI1pmfWbvft,Tiësto;Becky Hill,pov: it's 2020,Nothing Really Matters,0,157720,False,0.735,0.842,5,-4.079,0,0.0403,0.00519,4.52e-06,0.308,0.681,123.039,4,house,0.08953503409983157,0,0
0adp6yLOHyfrfmmsO3cH02,BiSH,OTNK,MAIN STREET ELECTRICAL PARADE,20,110826,False,0.479,0.995,7,-4.777,1,0.075,1.16e-05,0.987,0.0499,0.158,109.971,4,j-idol,0.27691152650491746,0,0
1fj6MBtTLNxeP40iH5G5e4,Marek Hemmann,In Between,Ntmyt,18,363826,False,0.689,0.689,7,-9.818,1,0.0583,0.0108,0.883,0.273,0.682,124.011,4,minimal-techno,0.23485500682963562,0,0
0ntmUJrx1sCVROZXFETuPR,Amon Amarth,The Avenger (Bonus Edition),"God, His Son And Holy Whore",23,240173,False,0.136,0.99,4,-3.845,1,0.107,2.32e-06,0.868,0.29,0.0359,199.951,4,death-metal,0.4714940335226254,1,1
7F4Zrd4rCDwm4AaVJ8tpCu,Blake Shelton,Christmas Time,Jingle Bell Rock,0,123400,False,0.65,0.736,0,-5.222,1,0.0378,0.122,0.0,0.0998,0.595,129.941,4,country,0.21469834654497688,0,0
2A7Cd7hmAhCOnQ1rR3xs7r,Edgardo Donato,Tango Collection,Sacale Punta,17,139093,False,0.687,0.334,4,-11.446,1,0.0728,0.978,0.00777,0.0768,0.964,93.028,4,tango,0.4306427053076676,0,1
3agQa2P1Kr5YAq58nvIT8t,Los Teen Tops,La Gran Coleccion Del 60 Aniversario CBS - Los Teen Tops,Rock Nena Linda (Rock Pretty Baby),31,107533,False,0.525,0.641,4,-6.825,1,0.0793,0.572,0.0,0.253,0.919,95.273,4,rock-n-roll,0.5023137643988338,1,1
2zh01m4PiHaZz4BAm0NRxs,Gryffin;Elley Duhé,Gravity,Tie Me Down (with Elley Duhé),66,218239,False,0.608,0.845,6,-2.292,1,0.0597,0.136,0.0,0.111,0.322,98.976,4,house,0.19605305438052,0,0
08hXzYgsInXo6MkGRyNgPn,Zeca Pagodinho,Zeca Pagodinho - Uma Prova De Amor Ao Vivo (Deluxe),Verdade - Ao Vivo,36,278280,False,0.634,0.792,5,-9.201,1,0.0608,0.616,1.9e-06,0.749,0.797,116.064,4,samba,0.2893898092500395,0,0
5IW9WRaLxJblCkVXhC1vye,Nívea Soares;Gabriela Rocha,Vem (Ao Vivo),Vem - Ao Vivo,49,571013,False,0.358,0.65,7,-9.241,0,0.0429,0.0546,1.34e-06,0.641,0.226,144.037,4,gospel,0.38534069138506205,0,1
2sjg5jT1ljKRaL2C4nDsnp,LFO,Advance,Tied Up,14,321360,False,0.572,0.98,7,-4.933,1,0.0997,0.000399,0.766,0.0606,0.405,109.994,4,idm,0.27888056793365273,0,0
0VQWAQY1QD9lGP2zDBSBid,Zaeden;AAKASH,Genesis 1:1,yaadein,46,162352,False,0.643,0.508,5,-8.325,1,0.0432,0.492,0.0,0.121,0.408,170.136,4,indian,0.3282419598524618,0,0
38eBzXvEk3ZVNw9VKwBXMb,WowKidz,50 Top Hindi Nursery Rhymes,Naani Naani,18,50921,False,0.914,0.362,2,-9.317,1,0.124,0.737,0.0,0.0813,0.642,89.962,4,children,0.377148036929812,0,1
3Aod2IpCP00QHUlnbLRhq0,Ten City,No House Big Enough,My Peace of Heaven,16,332866,False,0.665,0.723,11,-12.277,0,0.0368,0.0259,0.00469,0.0799,0.74,121.473,4,chicago-house,0.2922162567192186,0,0
5zI5Csd3ClcYXcJhs67aRZ,Desmond Dennis,Cool Kids Jams,Baby Shark,34,198546,False,0.707,0.626,8,-9.211,1,0.0448,0.00547,0.0,0.268,0.878,150.906,4,kids,0.34185312371506305,0,0
7HuER5q1a5dJ0uKrfGrMCj,Jlyricz,Searching,Searching,16,190714,False,0.552,0.424,8,-6.649,1,0.0722,0.604,0.0,0.0849,0.596,204.128,3,afrobeat,0.39896038872923567,0,1
0Nt1f0uMkjTdoN9141ukhq,Nonpalidece,El Fuego en Nosotros,Ay No!,40,269185,False,0.805,0.519,6,-11.246,0,0.0854,0.0745,1.4e-06,0.076,0.681,76.014,4,ska,0.18180181193972955,0,0
4CppdAJG5buU2xqaDmTVkf,Nana Mouskouri;Alain Goraguer Et Son Orchestre,Nana (Originale),Lied der Freiheit,22,240413,False,0.252,0.297,1,-12.543,1,0.0406,0.958,0.000202,0.135,0.172,104.224,4,opera,0.7213004192531975,1,2
6CTqCqStHM2ji0liLLVJvk,Oatmello;Late Era,Dove,Good Night,51,157377,False,0.533,0.165,2,-14.879,1,0.0396,0.929,0.937,0.105,0.189,122.064,4,chill,0.4872677943793892,1,1
3oe8DvAkbindovOqSdny5X,Pink Sweat$;Bunga,I Feel Good (feat. Bunga),I Feel Good (feat. Bunga),27,135849,False,0.792,0.744,11,-4.744,1,0.0554,0.0766,4.55e-05,0.0548,0.65,105.981,4,chill,0.15455249181462713,0,0
5BSflJ1ehYRK7cqn9hrYGd,Toque De Prima,"Daqui, Dali, de Lá","Cabô, Meu Pai",43,202626,False,0.613,0.711,2,-7.046,1,0.193,0.599,0.0,0.655,0.853,97.098,4,samba,0.44954370646780734,0,1
12ejMx8QRdhO7aotZVGCuZ,DJ Isaac,Recharged,Recharged,18,259459,False,0.589,0.965,5,-2.988,0,0.197,0.0055,0.0048,0.745,0.271,147.905,4,happy,0.31205145795274214,0,0
34p4d1RRVLvfg1xKEJfPvW,Moderatto;KAROL G,Halloween 2022 Perreo Vol. 5,Caballero,0,193106,False,0.694,0.853,4,-4.207,0,0.107,0.0367,9.89e-05,0.352,0.74,93.08,4,alt-rock,0.19762614496306607,0,0
5PsG3vg7isSwbJP06FvvUt,Borknagar,Quintessence,The Presence Is Ominous,16,294720,False,0.164,0.856,9,-4.534,0,0.0599,2.66e-06,0.0247,0.24,0.163,130.919,4,black-metal,0.4055118574860239,0,1
6OxtLXSJxfKA6XTKKwALse,Brings,Karneval 2022 100%,Sünderlein,0,240920,False,0.57,0.904,0,-2.876,1,0.0601,0.00284,0.0,0.253,0.478,128.985,4,party,0.2947709340608513,0,0
6ZgQBgQSGh3DGk8NNoKAMa,Shiritsu Ebisu Chugaku,エビ中 秋声と螻蛄と音楽の輝き 題して「ちゅうおん」2021(Live),白日 - ちゅうおん2021 Live ver.,20,183613,False,0.542,0.736,1,-5.913,1,0.0607,0.0729,0.0,0.695,0.189,93.0,4,j-idol,0.4489527129843433,0,1
1FF6TogE9ELY71XnLPoEv6,Andrew Foy;Renee Foy,Just The Two Of Us,Just The Two Of Us,41,196304,False,0.618,0.083,4,-23.665,1,0.057,0.745,0.000123,0.146,0.597,90.865,4,acoustic,0.5639636644533058,1,1
7ErnTS7HiYqwBTNrtdqxK9,The Jamborees,Bedtime Stories,The Money Bunny,11,80400,False,0.632,0.431,0,-14.856,1,0.949,0.754,0.0,0.791,0.369,170.12,1,kids,0.5897017151605213,1,1
5drK2kTE2mrUdV33iHWyrx,Hooverphonic,The Magnificent Tree,Mad About You,61,223733,False,0.465,0.844,1,-4.352,0,0.0379,0.00109,0.399,0.0865,0.155,170.358,4,trip-hop,0.1600392863001252,0,0
7snboOlhbuJ0wrbqGqT0qr,Hank Williams,The Complete Hank Williams,Won't You Sometimes Think Of Me,15,112933,False,0.641,0.195,1,-12.673,1,0.0292,0.921,1.97e-05,0.201,0.532,139.386,4,honky-tonk,0.5297570495368594,1,1
6ubqrTIJwspBSqx8XQHN2K,Halestorm,Into the Wild Life (Deluxe),Mayhem,55,216760,False,0.398,0.982,2,-3.979,1,0.178,0.00306,0.0243,0.44,0.401,172.822,4,grunge,0.3126928249022499,0,0
4VDAAeMGq6AQZi1GzO8SQS,Robin Schulz;Alida,Cardio Tracks,In Your Eyes,3,208222,False,0.57,0.672,8,-5.888,0,0.0716,0.172,1.04e-06,0.0768,0.461,120.018,4,edm,0.32332282043692157,0,0
6mod8hXI1qI0O0h7q5gcsQ,Faith Hill,Silent Night,"Where Are You Christmas - From ""Dr. Seuss' How The Grinch Stole Christmas"" Soundtrack",0,247040,False,0.373,0.333,10,-9.876,1,0.0303,0.59,0.0,0.121,0.0815,110.241,4,country,0.49990210472469016,1,1
3G0C3Z9H9CLejvrkWbGBb7,El Barrio,La Voz de Mi Silencio,Pa' Madrid,60,260185,False,0.632,0.944,1,-3.065,1,0.0476,0.239,0.0,0.125,0.934,166.925,4,spanish,0.3023501311830824,0,0
0YUZNLz04DGNiV9BQGhybh,Synapson;Sirius Trema,Convergence,Control (feat. Sirius Trema),24,238720,False,0.54,0.834,0,-6.942,1,0.0531,0.0917,0.00282,0.158,0.377,117.086,4,synth-pop,0.23904265009409514,0,0
6WFhyQ6n43T6bWQgjtW3aX,Ian Munsick,Laidback Country,Long Haul,0,231265,False,0.505,0.627,6,-7.851,1,0.0273,0.423,7.4e-05,0.0755,0.296,141.881,4,country,0.35838379386130903,0,1
4IcB2mInTQ5jFCbcsREc8q,George Frideric Handel;London Early Opera;Bridget Cunningham,Celebrating Lord Nelson,"Saul, HWV 53: Dead March",0,186213,False,0.183,0.00699,11,-30.087,1,0.039,0.952,0.965,0.124,0.0728,134.455,3,classical,0.7563389490257029,1,2
45kO3hZk9ncs964gpUsARQ,British India,Thieves,God Is Dead (Meet The Kids),26,209360,False,0.445,0.834,8,-4.792,1,0.0306,0.000645,3.66e-06,0.0695,0.272,125.482,4,garage,0.3089996878560146,0,0
6ucDjMpL1RzH8bJ1mwoNpI,Foghorn Stringband,Rock Island Grange,Reuben's Train,25,214727,False,0.617,0.711,9,-4.941,1,0.0334,0.537,0.0004,0.146,0.721,142.79,4,bluegrass,0.4083937276271099,0,1
1l1ra0gsPlpnDOc4HdkKZU,Weezer,Emo Christmas 2022,O Come All Ye Faithful,0,124653,False,0.516,0.818,11,-6.076,1,0.0393,0.00701,0.0,0.337,0.769,121.907,4,power-pop,0.26406126176347805,0,0
3ROMQLV9N3HjrcqvV88dSP,Samuel Kim,Shang-Chi Main Theme,Shang-Chi Main Theme,43,221807,False,0.324,0.766,9,-8.478,0,0.0776,0.0261,0.844,0.102,0.0399,174.017,4,anime,0.3688020597285225,0,1
4EW5B2AfEQNV9muXbSmKse,The Kill,Make 'Em Suffer,Fuck the Olympics,13,64533,False,0.272,0.972,3,-4.334,0,0.131,2.66e-06,0.181,0.125,0.0348,114.013,4,grindcore,0.3883677627433215,0,1
2k220fBOc7e12Xz1FlApY3,Anal Cunt,Anal Cunt Old Stuff Part 3,The Guy Who Shot His Kid Up With Aids Is Awesom,13,59266,False,0.355,0.959,10,-6.204,0,0.205,0.00047,0.000543,0.119,0.189,126.648,4,grindcore,0.3374109738126941,0,0
457p7UH7hoHrbA2iI4PSCA,Krewella,Get Wet,Live for the Night,50,206480,True,0.499,0.843,6,-2.224,1,0.113,0.0138,0.0,0.124,0.533,127.932,4,dubstep,0.3136137936895398,0,0
7jRiYlv4KQU2vT6lG7I1to,The Blaze,Dancehall,Breath,57,229426,False,0.379,0.502,11,-10.84,0,0.0528,0.158,0.533,0.0934,0.0373,124.995,4,french,0.35531527776382654,0,1
6rv5QNHsRsLQtbbn6nlUsW,Wavey,Another Chance,Another Chance,56,178909,False,0.764,0.337,6,-14.35,0,0.0472,0.351,0.0172,0.0991,0.178,110.043,4,french,0.24474606270239935,0,0
0tA3r8h5RZp9xSPrZe8fcK,China Anne McClain;Disney,Descendants (Original TV Movie Soundtrack),"Night Is Young - From ""Descendants: Wicked World""",43,182106,False,0.781,0.608,5,-4.303,1,0.0763,0.0634,0.0,0.221,0.351,119.121,4,disney,0.15793781598017576,0,0
3kQhWtoluFHPbcBC6gyYrZ,Zoé,tardes tranqui,Arrullo De Estrellas,1,252986,False,0.462,0.765,5,-7.011,1,0.036,0.324,0.231,0.0757,0.399,81.513,4,rock,0.3979462866220519,0,1
6jiEHXIHZa65gPnkKHPGGE,Criolo,Espiral de Ilusão - Deluxe Edition,Espiral de Ilusão,24,220800,False,0.772,0.33,2,-9.51,1,0.0342,0.886,0.001,0.136,0.472,124.041,4,afrobeat,0.5136586193418852,1,1
3WO8ZBnOtad3xMz46Z54pY,Bobby Vinton,16 Most Requested Songs,Blue Velvet,50,168000,False,0.418,0.153,10,-14.484,1,0.0293,0.879,4.23e-06,0.156,0.267,80.748,4,rock-n-roll,0.5071963844401582,1,1
1fFURkneD1D7WgBrVG062x,The Bennies,Heavy Disco,Heavy Disco,32,138280,True,0.338,0.887,7,-4.772,1,0.227,0.0482,0.0,0.336,0.233,177.85,4,garage,0.29692094526803303,0,0
26Dme5GkC1yX4P2QU9V6Sk,Sergei Rachmaninoff;Talistrio,"Casella, Rachmaninoff & Yamada: Chamber Works","Trio élégiaque No. 2 in D Minor, Op. 9: I. Moderato - Allegro vivace",0,1371693,False,0.175,0.0869,2,-20.248,0,0.0427,0.955,0.251,0.0783,0.0345,78.113,4,classical,0.7255428096328018,1,2
1a8tAQAzHIPQ00OPBXGWPz,Claptone;JAW,No Eyes,No Eyes - Radio Edit,62,204992,False,0.93,0.483,3,-9.925,1,0.0411,0.0289,0.00244,0.103,0.57,120.022,4,disco,0.15321228809205936,0,0
0eei3Q3RLKtA9HkvYCQC7t,Prateek Kuhad,Shehron Ke Raaz,Khone Do,44,239360,False,0.514,0.123,10,-11.512,1,0.0379,0.851,0.0394,0.127,0.169,122.782,4,folk,0.5542115429681874,1,1
0JeuKT9WZT0oQINRP0BAE1,ABBA,70s Christmas Party,Dancing Queen,1,231093,False,0.512,0.93,9,-4.343,1,0.0508,0.17,0.00119,0.561,0.677,100.542,4,swedish,0.39152282437617847,0,1
6LuXPPEckUXRL0ut8SN6w8,Tucka,Long Live the King,Sweet Tooth,35,323240,False,0.865,0.603,8,-6.356,1,0.0366,0.161,8.54e-05,0.0735,0.976,105.004,4,blues,0.2654677983144071,0,0
4IaNKhJpfMwzPnMMH8UK0l,Tři Sestry,Ať seš punk,Ať seš punk,38,213600,False,0.513,0.95,4,-3.979,1,0.0944,0.00367,1.47e-06,0.317,0.493,75.004,4,punk,0.22394826151544214,0,0
0rmGAIH9LNJewFw7nKzZnc,Bon Jovi,Slippery When Wet,You Give Love A Bad Name,82,222706,False,0.541,0.96,0,-2.947,0,0.0505,0.0663,2.25e-06,0.344,0.812,122.803,4,metal,0.2652035697764944,0,0
3VoiRl0qG64KYMlIHz9XCv,Portrayal of Guilt,The End of Man Will Bring Peace to This Earth,The End of Man Will Bring Peace to This Earth,23,189709,False,0.154,0.879,4,-5.583,0,0.103,0.000453,0.622,0.3,0.189,143.858,4,black-metal,0.32663732965402775,0,0
4m8QRApdIvxMERrlgigXj4,Sleeping At Last,All Through the Night,All Through the Night,52,197804,False,0.309,0.204,3,-10.867,1,0.0397,0.949,0.0,0.127,0.289,185.309,4,ambient,0.5075762992371264,1,1
7oo2wT4ibeCm8NIFGBDLXM,Camo & Krooked;Ian Shaw,Red Bull Symphonic,Move Around - Red Bull Symphonic,24,219432,False,0.395,0.841,0,-4.819,0,0.0418,0.039,0.0948,0.672,0.0421,87.62,4,j-dance,0.3524274531065829,0,1
0MnPdlWm7MSSUnEamZp5lX,Macaroni Empitsu,星が泳ぐ,星が泳ぐ,56,239078,False,0.566,0.743,0,-5.377,1,0.0361,0.0265,0.0,0.329,0.649,94.973,4,j-pop,0.33669963913679196,0,0
5Ms7TnzfvUT4FVFc2vR3CL,Alvaro Diaz;Rauw Alejandro,Homecoming Latin Party,Problemón,0,193013,False,0.729,0.737,2,-3.727,0,0.064,0.275,7.58e-06,0.137,0.369,91.99,4,latino,0.3978801592112126,0,1
4HaMXBKZa59l6MnyhLK6Bw,Tweekacore;Darren Styles;Giin,Crash & Burn,Crash & Burn,51,228800,False,0.502,0.891,4,-4.732,0,0.0455,0.032,0.00568,0.118,0.225,160.014,4,happy,0.19091709702672655,0,0
1Mut1YA6ZxKZ7F6MKsMSQu,JJ Lin,Shang-Chi and The Legend of The Ten Rings: The Album,Lose Control,55,254800,False,0.56,0.75,0,-5.885,1,0.0816,0.223,0.427,0.204,0.279,100.077,4,mandopop,0.30909762039197325,0,0
3y4AS6cTOQBTnEsTbOUtIg,Andrés Calamaro;Juanes;Niño Josele,Música para casa,Enganchate Conmigo,0,225616,False,0.682,0.646,4,-9.274,0,0.0667,0.576,2.13e-05,0.0978,0.785,87.891,4,rock,0.41782322064345423,0,1
0pxcexhD8iTA7nR66qGdUy,告五人,我肯定在幾百年前就說過愛你,夜裡無星,45,328812,False,0.441,0.213,5,-16.42,1,0.0338,0.885,0.0274,0.0874,0.138,177.554,4,mandopop,0.4834763205366273,1,1
2Qz1rfYZtRq6hLUqs2Afgj,Carrie Underwood,Santa's Christmas List,Favorite Time Of Year - Amazon Original,0,197223,False,0.497,0.897,5,-4.21,1,0.0513,0.00635,0.0,0.305,0.539,142.007,4,country,0.22065552323057813,0,0
6xcJyGpfZbuuiequtnlKt4,Travis Scott,ASTROWORLD,BUTTERFLY EFFECT,56,190557,False,0.764,0.628,11,-5.851,1,0.0503,0.053,0.0,0.114,0.196,140.963,4,house,0.17253240339063355,0,0
7xlrdBdz8TGSo0COvLHymc,RANDALL,Wahran,Wahran,63,231114,False,0.517,0.753,0,-7.928,0,0.0515,0.0228,0.278,0.105,0.269,93.917,4,electro,0.33627554067821,0,0
6HpkYZYWphUPzcFT0bUmvO,Topsy Crettz,Just A Moment,Just A Moment,38,196731,False,0.897,0.458,2,-10.331,1,0.0621,0.245,0.212,0.0449,0.151,122.008,4,groove,0.2661423631408053,0,0
5bdXzykQmyiUB91lqrNvOC,Freestylers;Pendulum;SirReal,Against the Grain Classics,Painkiller,43,332200,False,0.532,0.934,7,-4.663,1,0.0758,0.000627,0.000836,0.185,0.448,174.953,4,breakbeat,0.2358078061223265,0,0
5FGtIsIxZ7eQxvwprE0ckY,Sonia Rivas,20 Éxitos,Flauta de Pan,29,203866,False,0.253,0.355,4,-10.13,1,0.034,0.749,4.82e-05,0.346,0.191,173.732,3,rock-n-roll,0.5225423414437198,1,1
6keFQcq0rbK9Lm5bLcSkUC,Jubiläumscast Wien 2012,Elisabeth - Gesamtaufnahme Live - Jubiläumsfassung,"Mama, wo bist du?",27,194773,False,0.345,0.245,2,-17.01,1,0.0702,0.891,2.75e-06,0.922,0.342,70.102,4,show-tunes,0.6106626643176942,1,2
1AM8QdDFZMq6SrrqUnuQ9P,Michael Bublé,It's Time,Feeling Good,73,237333,False,0.535,0.548,1,-6.51,1,0.037,0.533,1.48e-06,0.123,0.477,115.144,3,j-pop,0.4123524176581458,0,1
5uyHnjSjznvJPQNEgkB9lx,Jorge Ben Jor,Fiesta temática 70s,Os Alquimistas Estão Chegando Os Alquimistas,0,193120,False,0.546,0.85,9,-8.415,1,0.0498,0.449,0.000779,0.74,0.747,100.304,4,r-n-b,0.406239657820243,0,1
7caj6X6NMX3tlhWnu1du6V,Ritchie Valens,Ritchie Valens,We Belong Together,69,116626,False,0.684,0.247,5,-13.71,1,0.0281,0.872,0.000166,0.113,0.768,106.522,3,rockabilly,0.4242617320778333,0,1
1gVKw1G0tDBCLvZqTpeSg5,Zoé,Alternativo diferente latino,SKR,0,318000,False,0.521,0.679,11,-6.664,0,0.0291,0.482,0.921,0.0928,0.207,92.992,4,rock,0.36266781217114424,0,1
0T8xjOGIvfP1khCs0Qps20,Ara Ketu,Ao Vivo,Fanfarra (Ao Vivo),37,243560,False,0.443,0.84,1,-6.684,1,0.117,0.245,0.0,0.683,0.276,163.712,4,samba,0.32725907995992215,0,0
2GIXniwgfIlLuVTB4rWWWv,Live,Fiesta temática 90s,I Alone,0,230826,False,0.424,0.843,6,-6.197,1,0.0394,0.00101,0.00896,0.366,0.115,90.247,4,metal,0.3800895730316921,0,1
5d9RSSwDvlTyuwfmeafUah,Phil Wickham,Living Hope,Living Hope,55,327000,False,0.292,0.535,3,-6.892,1,0.0393,0.0355,0.0,0.0977,0.316,143.949,4,alt-rock,0.3126102697187574,0,0
26B4QsbHj3PADDopBxqRhs,Павел Михайлов;джаз-оркестр Александра Цфасмана,В парке Чаир. Выпуск 1,Утомлённое солнце,14,182773,False,0.544,0.303,5,-12.708,0,0.0365,0.953,0.00215,0.0486,0.726,121.578,4,romance,0.4873143291696503,1,1
34LcvhvuO7RIX0JzSw8FNe,TobyMac;Terrian,Santa's Christmas List,All I Need For Christmas,0,181764,False,0.638,0.762,10,-4.053,1,0.0976,0.0583,0.0,0.0523,0.736,170.108,4,alternative,0.22923598752432248,0,0
2xRdvPX2IrKELYj9WvshTp,Vadim Kozin,Velikie ispolniteli Rossii XX veka: Vadim Kozin (Deluxe Version),"No ja znaju, ty ljubish' drugogo",0,164000,False,0.488,0.156,0,-11.457,0,0.0922,0.981,0.00855,0.116,0.402,130.864,5,romance,0.5832255864526443,1,1
35U4PXL3W3XIkAjEUdhr36,Poolside,Pacific Standard Time,Harvest Moon,64,368783,False,0.782,0.622,2,-5.832,1,0.0411,0.288,0.53,0.58,0.921,106.022,4,disco,0.27947945550673536,0,0
6wb6eqZVfvmj2FVg9jCV1K,Alter Bridge,Blackbird,Before Tomorrow Comes,45,246786,False,0.35,0.975,3,-3.242,1,0.129,8.65e-05,1.36e-05,0.216,0.267,160.069,4,grunge,0.34159655811658696,0,0
4PRGxHpCpF2yoOHYKQIEwD,Led Zeppelin,Led Zeppelin IV (Deluxe Edition),Rock and Roll - Remaster,71,220560,False,0.317,0.887,9,-7.292,1,0.0375,0.000582,0.00258,0.0891,0.871,169.613,4,hard-rock,0.23428433066116935,0,0
1Jw2m5Qdqk0EG94UjSrmmG,Norah Jones,Weihnachtslieder 2022,Christmas Calling (Jolly Jones),0,200461,False,0.43,0.543,8,-6.296,1,0.0367,0.463,0.000523,0.0928,0.354,143.912,4,jazz,0.46716999633797224,1,1
2gOhhHSjm3iw4NFY43carm,Os Paralamas Do Sucesso,Acústico (Live),Caleidoscópio - Ao Vivo,50,256720,False,0.567,0.494,7,-11.309,1,0.046,0.245,0.00132,0.712,0.547,175.448,4,brazil,0.44934988890294864,0,1
3TTAkX86WXiPmIW5uXig0c,Sayama,InSPAration,Drifting Through Time and Space,27,266733,False,0.323,0.183,2,-16.404,1,0.0445,0.929,0.777,0.115,0.0367,139.342,4,new-age,0.6209901107752183,1,2
5OSWVxhBiidE6KVf3lvMno,Good Vibe,Tribo,Reggae Good Vibe,33,263906,False,0.768,0.621,9,-8.564,0,0.04,0.101,0.00594,0.105,0.698,128.028,4,dub,0.2594675810383079,0,0
2bIllkzKKCotWs0AuCsIoh,Burna Boy;Wizkid,2Step - Pop R'n'B,B. D’OR,2,189800,False,0.873,0.658,4,-8.031,0,0.108,0.00858,0.0061,0.0999,0.483,104.033,4,dancehall,0.2795083936563256,0,0
1Mee0L5gBAEby8KVsVxJpO,Fall Out Boy,Emo Christmas 2022,Yule Shoot Your Eye Out,0,221013,False,0.668,0.522,4,-7.42,1,0.0311,0.696,0.0,0.609,0.718,107.979,4,emo,0.45613233580077117,1,1
2zTXd81kS4LdLU97AnBnMo,Spineshank,Metal,New Disease,0,194733,True,0.566,0.909,7,-4.184,1,0.0637,5.81e-05,0.000254,0.0981,0.275,121.979,4,industrial,0.3023678296963639,0,0
3LQ4n0ekj9PmIsC9r5IloB,Bruna Karla;Aline Barros,Ressuscita-me,Ressuscita-me,42,306549,False,0.374,0.667,2,-3.978,1,0.0352,0.222,0.0,0.124,0.279,139.037,4,gospel,0.34677797104205754,0,0
2aPFj4Ixo8jacTpKRUZ6vu,Hank Williams;Drifting Cowboys,The Complete Hank Williams,Alone And Forsaken - Single Version,34,119266,False,0.471,0.184,9,-12.326,0,0.0651,0.971,0.00736,0.133,0.482,151.239,3,honky-tonk,0.5423032408745042,1,1
2yBMeNmdZ6r0ekKzs2pQNR,Bunkface,Dunia Baru,Dunia Baru,39,209524,False,0.595,0.748,11,-14.063,1,0.0492,0.126,0.0,0.0842,0.748,91.554,4,malay,0.2679345919881897,0,0
3AQozzNsKUnxw2GSn0IlRq,Madeline The Person,u don't deserve me,MEAN!,0,143957,False,0.56,0.436,7,-8.761,1,0.491,0.918,0.0,0.093,0.402,117.907,4,singer-songwriter,0.6106901189744557,1,2
06ZKQ9zWVEOR9C532mkj7K,Nívea Soares,Glória E Honra (Ao Vivo),Filho Do Deus Vivo - Ao Vivo,46,334400,False,0.517,0.873,1,-6.874,0,0.0349,0.00218,4.8e-05,0.95,0.246,133.982,4,gospel,0.35060789349752114,0,1
5wqqBpcLHL63lT87Jg1Nf8,Anton Ishutin,Vocal Deep House Hits,Illusion of Us,0,328005,False,0.819,0.473,1,-8.356,0,0.0567,0.016,0.433,0.0644,0.638,120.02,4,groove,0.32848068433155153,0,0
2cimYdaqIfLYbBXLb6v3kP,Yuji Mitsuya;Yukiko Yamashita;Riko Hanamura;Mitsuru Miyamoto;Atom Kobayashi,The Lion King (Original Motion Picture Soundtrack/Japan Release Version),Can You Feel the Love Tonight - Japanese Version,33,174466,False,0.262,0.117,5,-20.88,1,0.0456,0.864,0.0,0.551,0.313,80.615,4,disney,0.6921762284704653,1,2
48L6QXYIwpL3JkrkpYFRTP,Barathrum,Okkult,I Am Very Possessed,17,286320,True,0.393,0.975,11,-5.274,1,0.0423,3.13e-05,0.0174,0.614,0.392,152.543,4,black-metal,0.29597940873422546,0,0
2w1gsuyH8vJO2aH7JAaa4x,Leonardo;Eduardo Costa,Cabaré Night Club (Ao Vivo),Só Mais uma Vez - Ao Vivo,46,168600,False,0.633,0.634,2,-6.059,1,0.0306,0.226,0.0,0.781,0.371,95.074,3,sertanejo,0.3228353244931377,0,0
3eMXjRo2in703wNBZVEliG,Saeed Dehghan,Vintage Effort,Spiral Void,0,347280,False,0.634,0.664,10,-7.82,0,0.0623,0.00203,0.11,0.171,0.171,120.014,4,iranian,0.33803279437965966,0,0
6a4tzCwGfCJFPMOVN8s2o0,Mitch Fatel,Miniskirts and Muffins - EP,I Love My Penis,22,164840,True,0.538,0.797,8,-12.169,1,0.95,0.918,1.76e-05,0.586,0.448,75.923,1,comedy,0.5332799470136248,1,1
74kWrMnfu1RIkXzjHpIjKJ,Vadim Kozin,Velikie ispolniteli Rossii XX veka: Vadim Kozin (Deluxe Version),Dva druga,0,178161,False,0.554,0.195,4,-10.144,1,0.298,0.994,0.0174,0.0589,0.566,95.537,3,romance,0.5248728644679802,1,1
5momcZeBnYAHWzxTxVO0pq,Planet Hemp,Usuário,Fazendo a Cabeça,42,200106,False,0.698,0.73,4,-8.146,0,0.094,0.00786,8.57e-05,0.214,0.537,116.189,4,punk-rock,0.17046883113125588,0,0
5jXwDTzWWPK4AzJwHEHdkQ,Daddy Yankee;Myke Towers;Jhayco,Frescura y Perreo,SÚBELE EL VOLUMEN,2,223366,True,0.83,0.623,6,-4.056,1,0.0801,0.0219,0.0,0.0812,0.614,101.036,4,latin,0.24814680417845095,0,0
6yvANotr5Vy1D1vxLsjZzC,Horace Andy,Serious Times,Crazy,27,298840,False,0.693,0.547,7,-11.135,1,0.235,0.137,2.83e-06,0.088,0.603,170.694,4,dub,0.2710043229369946,0,0
6GM93QLita5nZknl6G2s4M,Noisia;Mefjus,The Resonance IV,Concussion - Mefjus Remix,44,226046,False,0.607,0.98,1,-0.488,1,0.25,0.000282,0.841,0.566,0.396,172.039,4,breakbeat,0.2972605532859205,0,0
0Fc9QSMX6fgEBgDjUax7t7,Zara Larsson;Steve James,Ruin My Life (Remixes),Ruin My Life - Steve James Remix,55,177096,True,0.723,0.837,11,-6.487,1,0.0389,0.0103,0.000477,0.0834,0.643,123.952,4,swedish,0.16498737893393914,0,0
0XlsXcBfpJq4cFXJM5BOXK,Random Noise Generation;Octave One,Endustry,Soul Xchange - Original Mix,5,412984,False,0.541,0.587,2,-9.766,1,0.0392,4.01e-06,0.691,0.0548,0.444,126.016,4,detroit-techno,0.2957862859459995,0,0
0lOk1COnPBSFGzg1Gt5IBa,Ella Fitzgerald,A Very 60s Christmas,Rudolph The Red-Nosed Reindeer,0,171773,False,0.596,0.315,8,-9.175,1,0.0428,0.961,0.0,0.258,0.64,119.935,4,blues,0.5350972855870513,1,1
6yd2M373yAtIg6g7wqLSlT,Dune,Happy Hardcore Top 100,Hardcore Vibes - South Bound Mix Cut,30,291213,False,0.588,0.69,4,-8.72,0,0.0396,0.014,0.2,0.0729,0.436,163.778,4,hardcore,0.30536520246651977,0,0
0ii5SK9VQVFB8CU3WI5Syr,TIMBALIVE,From Miami a La Habana,Enredado en Tu Pelo - Timbalive Version,28,319360,False,0.782,0.88,9,-6.34,1,0.0472,0.592,0.0,0.205,0.899,98.003,4,salsa,0.3043339999584941,0,0
6DkWvMJZjYQdeat4itVt97,White Noise for Babies,Sea of White Noise,Moons,0,187464,False,0.179,0.145,2,-16.26,1,0.0433,0.00239,0.85,0.1,0.0381,76.705,5,sleep,0.5399563698354849,1,1
144Yxmjq9xQZjJx1QegH1N,Lasse Stefanz,Greatest Hits,Felicita,37,210093,False,0.636,0.871,7,-6.47,1,0.0312,0.169,0.0,0.202,0.939,107.798,4,swedish,0.2325862216976525,0,0
3DWNcWoQ2LLqgPYEDaCwkG,Z.Z. Hill,The Rhythm and the Blues,Someone Else Is Steppin' In,34,219693,False,0.786,0.721,10,-6.94,1,0.0625,0.235,0.00087,0.12,0.891,130.802,3,blues,0.2841855551599878,0,0
0hlh787aY52rcNvJHnE0Ml,Mike NRG;Weapon X,Lost in Dreams (Q-Base OST 2008),Lost In Dreams - Weapon X Remix,23,296360,False,0.547,0.867,6,-5.04,1,0.0326,0.0546,0.489,0.0735,0.253,163.002,4,hardstyle,0.2323389854352906,0,0
1QsILO369FaBdl6V9YNFGl,Fetty Wap,Fetty Wap (Deluxe),D.A.M.,51,225866,True,0.697,0.676,7,-3.51,0,0.0395,0.00752,0.0,0.0898,0.372,136.01,4,j-dance,0.14402611683757238,0,0
1qZMPmpD1jDcOA7gZ6TCde,Swedish House Mafia;Pharrell Williams,One (Your Name),One (Your Name) - Radio Edit,65,163246,False,0.733,0.673,9,-6.572,0,0.0333,0.0132,0.0049,0.16,0.636,125.061,4,progressive-house,0.18616771404795526,0,0
5L7EcEdJAZ3TEpWEfsOMLD,Yellow Claw;Yade Lauren,Los Amsterdam,Love & War,49,180150,False,0.577,0.911,1,-4.449,1,0.0512,0.0186,0.0587,0.159,0.543,160.036,4,electronic,0.38528447554345047,0,1
1grvqYbhgqJxwdzeY1vgSb,Scorpions,Blackout,No One Like You (2015 - Remaster),31,238866,False,0.441,0.796,9,-2.851,0,0.0431,0.0167,2.52e-06,0.166,0.696,118.146,4,hard-rock,0.20313310400633128,0,0
2SVJX8h6SlkMwfCplSMWyk,Grim YG,Natural Hot,Natural Hot,21,181133,True,0.877,0.596,7,-4.882,0,0.323,0.348,0.0,0.0585,0.717,96.887,4,j-dance,0.314930415468362,0,0
1hH6gstgij0Noc7UnOynAf,OQuadro;Jorge Du Peixe,Preto Sem Açúcar,Asas,21,192000,False,0.723,0.636,10,-10.265,0,0.25,0.3,2.37e-05,0.144,0.813,79.958,4,afrobeat,0.32315269700382887,0,0
2nBrIzKacrNdIxs90FlsT1,Roses & Frey,Wake Me Up,Wake Me Up,58,196819,False,0.494,0.214,7,-11.041,1,0.0363,0.92,1.07e-05,0.107,0.35,125.981,3,acoustic,0.4560695674476024,1,1
3vq7aH5bBDHGg2szzHUdUw,Type O Negative,Post-Millennial Noise,I Don't Wanna Be Me,0,308826,False,0.473,0.977,8,-8.651,0,0.15,0.0243,0.604,0.0931,0.0449,100.552,4,alt-rock,0.32131942650590534,0,0
4iW4MrGO9UEqshklHLwZRh,Kamisa 10,"Pagode do K10 (Ao Vivo em Goiânia), Vol. 1",Sou o Cara pra Você / 4G / Escondidinho / Nudes Não - Ao Vivo,44,424287,False,0.522,0.782,1,-6.383,1,0.0647,0.716,0.0,0.867,0.702,159.877,4,pagode,0.36261355764193914,0,1
1bKQ48M9onID2kbSpRy8kK,Scorpions,Crazy World,Send Me An Angel,70,273333,False,0.153,0.417,1,-11.587,1,0.0318,0.434,0.000622,0.211,0.166,80.87,3,german,0.5082892714024047,1,1
58eukN93h5b7rBlbcR6owz,Ewert,Trading Bikes,Trading Bikes,31,177622,False,0.822,0.459,5,-5.009,1,0.073,0.287,0.822,0.287,0.521,90.028,4,study,0.33680260530800765,0,0
5Zq9n3NJ6QOsvcFwvS5SuC,Zé Vaqueiro,O Original,Forró No Interior,49,169049,False,0.712,0.918,2,-1.957,1,0.0722,0.35,0.0,0.109,0.83,149.897,4,forro,0.2454437134547061,0,0
4jyjh3jL2utCwaKTqKwI9l,Clean Bandit;Jess Glynne;The Magician,10's Dance Classics,Rather Be - The Magician Remix,0,274800,False,0.809,0.757,1,-6.246,0,0.0424,0.0157,0.0943,0.0997,0.587,121.013,4,funk,0.23576904119313408,0,0
522Kz7dt6L6UVoHZzXpgkn,Rohit Shakya;Sajjan Raj Vaidya,Mellow,Mellow,48,216000,False,0.695,0.78,10,-4.912,1,0.0514,0.11,0.000143,0.0744,0.604,74.978,4,indie,0.2104898281110479,0,0
6Mq4q5OIMO25vBsKpFdlnH,Aimer,朝が来る,朝が来る,57,294933,False,0.335,0.92,1,-4.086,1,0.0986,0.00118,0.0,0.354,0.246,83.117,4,j-rock,0.37430887583857964,0,1
2Bo5v0ItxAdMwx1nyLOjJX,Orbital;Lady Leshurr,Wonky,Wonky,17,373733,False,0.62,0.929,7,-6.813,1,0.045,0.0037,0.0566,0.0942,0.417,128.019,4,breakbeat,0.22628127574237827,0,0
3nxRHGSdTr6lwc2QCrRAEv,Sampa Crew,Sampa Crew,Eterno Amor,43,260533,False,0.696,0.581,5,-10.402,1,0.0628,0.435,6.59e-06,0.667,0.268,142.0,4,funk,0.2781653603792169,0,0
17IidG1HMhzJ7hee4uOikv,S.H.E,Forever 新歌 + 精选,触电,43,261506,False,0.611,0.583,7,-5.471,1,0.0306,0.182,0.0,0.143,0.663,179.34,4,mandopop,0.3122234157890184,0,0
5Pl7IrRjL0O3mmclPQlpWh,Imagine Dragons,Kick It,Thunder,4,187146,False,0.601,0.824,0,-4.757,1,0.0474,0.00866,0.173,0.155,0.246,167.965,4,rock,0.35879596210098086,0,1
4ZtYo7EHWYsTvqsLL153r4,Pendulum,Come Alive,Come Alive,53,233092,False,0.524,0.962,2,-2.796,1,0.0292,2.39e-05,0.496,0.332,0.234,103.022,4,drum-and-bass,0.23256590223814977,0,0
7oS2EnBWSHxzR2m6CxNJYA,David Guetta;Becky Hill;Ella Henderson,All Bops,Crazy What Love Can Do,0,169756,False,0.601,0.713,4,-3.758,0,0.0449,0.0282,0.0,0.158,0.464,122.872,4,edm,0.27668034784438084,0,0
143yDZNsliy9RcosuXZIYQ,Wolfgang Amadeus Mozart;Academy of St. Martin in the Fields;Sir Neville Marriner,Mozart - All Day Classics,"Les petits riens, K.app.10 (ballet): 6. Gavotte gracieuse",11,74000,False,0.296,0.0242,9,-27.154,1,0.0546,0.99,0.907,0.199,0.248,175.619,3,classical,0.7037590244342017,1,2
3LOqsmtYm5N717CDCUMtN7,María Isabel,Solo Quiero Pachanga,Antes Muerta Que Sencilla,28,154493,False,0.76,0.917,0,-5.197,1,0.186,0.0269,0.0,0.107,0.966,160.014,4,spanish,0.12647173835890152,0,0
1PnYlRz7y97T26egDekfgx,Mats Rådberg;Rankarna,Det är inte lätt att va' ödmjuk,Det verkar kärlek (Sounds Like Love),35,168306,False,0.757,0.453,7,-10.801,1,0.041,0.411,6.38e-05,0.125,0.868,131.093,4,swedish,0.28174961251647745,0,0
5PSaVasleQvJZ2mDN83Ixr,James Heather,Stories From Far Away On Piano,Biomes,59,162946,False,0.246,0.111,3,-24.418,1,0.0443,0.913,0.871,0.11,0.137,126.738,4,ambient,0.6187667515701823,1,2
43wl08dxGA8h51kuahHLYJ,Erick Roza,Moça,Moça,42,144372,False,0.657,0.522,0,-11.893,1,0.0301,0.601,0.000865,0.108,0.229,140.028,4,mpb,0.36000678953681303,0,1
0yQJdXUI1sAGgMapnpqrGi,Praveen;Rohan Prakash;Khadhijah Shareef;Nishitha Menon;Arya Prakash,Golisoda 2 (Original Motion Picture Soundtrack),Kannamma,9,269760,False,0.704,0.622,2,-10.363,1,0.0314,0.574,0.0454,0.0529,0.379,132.995,4,idm,0.30044175133036355,0,0
7fgA5gjOjGlsIPLbUFvHDb,大原ゆい子,TVアニメ『無職転生 ~異世界行ったら本気だす~』Theme Song Collection,旅人の唄,43,264087,False,0.404,0.668,10,-5.746,0,0.0303,0.0137,0.000326,0.123,0.495,136.98,3,anime,0.3371645735378694,0,0
3bTjVR73jjv8ifAYbpohUe,Lucas & Steve,Rage,Rage,50,175714,False,0.56,0.978,1,-4.538,0,0.0824,0.0173,0.674,0.286,0.553,126.029,4,progressive-house,0.2670346987859994,0,0
4T6HLdP6OcAtqC6tGnQelG,Michael Bublé,Call Me Irresponsible,Everything,71,212373,False,0.686,0.688,6,-4.981,0,0.0254,0.39,1.03e-06,0.0924,0.493,123.125,4,j-pop,0.24487267968949833,0,0
21bFBk0oi19JQzHJoifZSn,Amrit Maan;Tehjeeb Hafi,Allah Maaf Kre,Allah Maaf Kre,57,210000,False,0.544,0.501,8,-7.152,0,0.0625,0.455,0.0,0.108,0.517,97.922,4,hip-hop,0.35152121360858435,0,1
4WLeyA2WjHmrKLLdr6YZ4M,Salim–Sulaiman;Sunidhi Chauhan;Vijay Prakash;Kausar Munir,Mardaani Anthem,Mardaani Anthem,42,228702,False,0.51,0.844,9,-2.321,0,0.335,0.43,0.0,0.0454,0.575,91.2,4,indian,0.2899815247912832,0,0
4X2nqt4Pu1lcmYYeuGBjkG,Almafuerte,Del Entorno,Por Nacer,33,178373,False,0.252,0.961,4,-3.42,0,0.0706,0.000452,0.000474,0.0674,0.421,85.313,4,heavy-metal,0.3571527648986778,0,1
6w8ZPYdnGajyfPddTWdthN,Adele,30,Can I Get It,74,210384,False,0.703,0.68,9,-6.118,0,0.0431,0.0171,0.0,0.178,0.536,97.985,4,soul,0.2300640109384002,0,0
4TFYvTpA7QLnCcMlugJj6W,Wyatt Cenac,Furry Dumb Fighter,Ladies and Germs,20,488605,True,0.524,0.532,10,-13.171,0,0.948,0.884,0.0,0.765,0.51,55.704,3,comedy,0.7307475842740463,1,2
3QI2FbgxMG42vJjqNEHOP3,O Rappa,7 Vezes,Em busca do porrão - Versão 2,47,312280,True,0.652,0.57,5,-9.013,0,0.0259,0.638,0.00815,0.154,0.78,92.978,4,alt-rock,0.38824641091266926,0,1
4krYRz1TcFweFvmREcygeU,Mayday,五月天 | 步步 | 自選作品輯 the Best of 1999-2013,擁抱,47,286826,False,0.415,0.448,0,-7.659,1,0.0303,0.417,0.0,0.106,0.249,119.889,4,mandopop,0.42299721481623126,0,1
2oNbJh6ohXY88ispYK9AWK,Da Poet;Kayra,Manifest,Manifest,43,215083,False,0.759,0.862,7,-4.604,1,0.293,0.209,0.0,0.0557,0.623,89.976,4,turkish,0.24928080492734336,0,0
7adZFwp4PnLDL2QrQhv8fD,Swedish House Mafia;The Weeknd,Moth To A Flame,Moth To A Flame (with The Weeknd) - Extended Mix,52,298750,False,0.705,0.643,0,-8.766,0,0.0548,0.000831,0.000605,0.136,0.223,119.987,4,progressive-house,0.14000642646528288,0,0
5z0QLEpkbUh00SevSuYxOh,Shpongle,Are You Shpongled?,Divine Moments of Truth,42,620333,False,0.449,0.704,6,-8.83,1,0.0712,0.0194,0.614,0.319,0.273,90.822,3,trance,0.38328076255344434,0,1
7GFAkrFWWDd2T0PyP0KPiW,Recue,All the Wrong Places (Remastered),Bivouac,9,244000,False,0.539,0.773,5,-8.504,1,0.0374,0.00309,0.725,0.149,0.0779,94.986,4,idm,0.24621727034921165,0,0
2iqA5Na5vlo0bnZUf8KT1N,LCD Soundsystem,new body rhumba (from the film White Noise),new body rhumba (from the film White Noise),61,443853,False,0.707,0.931,2,-5.463,1,0.0545,0.0933,0.00267,0.153,0.702,136.822,4,electronic,0.14788631699533683,0,0
08cBDGzPfgexMmwV1fvi7K,Faithless;David Guetta,God Is a DJ,God is A DJ - Extended,35,256368,False,0.683,0.838,6,-5.741,1,0.0416,0.0272,0.747,0.114,0.0399,125.986,4,trip-hop,0.2054485361170902,0,0
7dfftDUxQcnjjmjFjbm6T4,Jorge & Mateus,Jorge & Mateus Ao Vivo Em Goiânia (Ao Vivo Em Goiânia / 2007),Goiânia Me Espera - Ao Vivo Em Goiânia / 2007,45,166613,False,0.706,0.951,7,-4.189,1,0.0658,0.447,0.0,0.899,0.95,118.008,4,sertanejo,0.3873686088017667,0,1
46N0cSUeoKfdGOGG852Jk1,Space 92;The YellowHeads,Planet X,Planet X,52,227871,False,0.792,0.836,7,-6.252,1,0.0648,0.006,0.878,0.108,0.183,130.003,4,techno,0.1634503536880117,0,0
2tOesqy3dQL8N4tqSaO79z,Felix Da Housecat;Röyksopp,The Glitz Part Deux Remix Edition,What Does it Feel Like - Royksopp Return To The Sun Remix,32,432177,False,0.798,0.506,9,-9.331,0,0.0824,0.00225,0.578,0.101,0.356,123.001,4,chicago-house,0.2602172392438175,0,0
0xN2e2Odk9nPLOLpacow2e,12 Stones,We Are One (WWE Mix),We Are One - WWE Mix,41,223160,False,0.394,0.934,10,-5.494,1,0.103,0.000205,0.000258,0.204,0.262,127.041,4,grunge,0.21699193030123687,0,0
7wId87yNWH9OLB9sBBlnkN,Fred V;Paul Dowling,Climbing The Walls,Climbing The Walls,45,211992,False,0.484,0.803,4,-4.539,0,0.0462,0.00909,1.42e-06,0.161,0.19,173.974,4,drum-and-bass,0.2568143728030887,0,0
5dkXVqSVgoThf6YwgiORMz,Videoclub,Euphories,What Are You so Afraid Of,45,147573,False,0.559,0.561,0,-8.924,1,0.0244,0.213,0.0304,0.135,0.103,105.048,4,synth-pop,0.26888091259789876,0,0
0hVoGcQfWl7KnAhi7cpXC3,dreissk,State of Decay 2 (Original Game Soundtrack),New Hope,11,206869,False,0.0717,0.459,6,-16.526,1,0.0622,0.738,0.931,0.0925,0.0356,185.643,4,idm,0.5695083528267576,1,1
4Eh0EzmssbxXKjPBKXd0EB,Crooked Still,Shaken By A Low Sound (Deluxe),Ecstasy (Instrumental Edit),43,221016,False,0.624,0.402,9,-14.837,0,0.0327,0.571,0.873,0.105,0.326,132.084,4,bluegrass,0.38401113106556234,0,1
10ZVSS0MiaKl9hQXAmBjYS,The Hush Sound,Goodbye Blues,Not Your Concern,30,174893,False,0.575,0.758,9,-5.512,0,0.031,0.157,0.0,0.0853,0.703,135.992,4,piano,0.3035827721043604,0,0
32il27dOrLpIru8Evp4Pu7,Marshmello;Mae Muller;Trippie Redd,American Psycho (with Mae Muller feat. Trippie Redd),American Psycho (with Mae Muller feat. Trippie Redd),67,153195,False,0.617,0.514,9,-7.099,1,0.0722,0.0154,0.0,0.118,0.365,81.067,4,edm,0.27773811331328174,0,0
2S8xyNRJX1XQdo3qnTuovI,The Beatles,Abbey Road (Remastered),Maxwell's Silver Hammer - Remastered 2009,58,207920,False,0.764,0.426,2,-11.045,1,0.0405,0.629,0.000119,0.132,0.726,131.12,4,british,0.3967588842027046,0,1
6DoL1yYIwEW7VZMRaJhoJI,Chris Jedi;Anuel AA;Chencho Corleone;Ñengo Flow,La Llevo Al Cielo (Ft. Ñengo Flow),La Llevo Al Cielo (Ft. Ñengo Flow),88,254920,True,0.795,0.845,9,-3.809,0,0.135,0.105,1.14e-05,0.172,0.769,170.023,4,latino,0.2188718455182822,0,0
3At9iZJpHFkIsVFO4IKe4u,Abelation;Saka,Elite,Elite,40,233141,False,0.631,0.675,1,-5.778,1,0.329,0.172,0.46,0.29,0.453,139.962,4,dubstep,0.2924447327938667,0,0
3a3xhycCEf2HN4fm4nIe1O,Electroforez;superkomfort,505 (Deluxe),Фотограф,53,143661,False,0.805,0.879,4,-4.799,0,0.0415,0.0503,0.000758,0.338,0.912,142.0,4,synth-pop,0.11437481792787212,0,0
55z0yEsG9giLqLI31XmGSW,Los Prisioneros,La Cultura De La Basura,Cuando Te Vayas,39,291160,False,0.508,0.747,9,-10.249,0,0.0469,0.0112,0.000339,0.0954,0.439,144.575,4,ska,0.3468845033381308,0,0
6Y0EIzZmLz9zWQineeK6Kz,Ariel Ardit;Andrés Linetzky,"Intimos, Vol. 1 en vivo en Bebop",Quedemonos Aqui - En Vivo,18,236708,False,0.417,0.313,2,-9.524,0,0.0533,0.882,5.9e-05,0.648,0.335,63.269,4,tango,0.562757382286326,1,1
1MDEvpaFk2Ins7N8hGfFlA,Martin Jensen;FAST BOY,One Day,One Day,68,152990,False,0.605,0.834,8,-5.879,0,0.286,0.204,0.0,0.214,0.503,126.277,4,electronic,0.30567970530865796,0,0
3zSE9jTN4IclVG3MOllnhT,Laurent Garnier,Shot in the Dark,Astral Dreams - Speakers Mix,18,372560,False,0.823,0.938,9,-10.606,1,0.097,0.0271,0.0848,0.112,0.404,133.838,4,minimal-techno,0.11727847686779874,0,0
0tbrsff15gnYATaHF9Y1V4,Sven & Olav;Sven Kuhlmann,Sommer in Berlin 2021,Sommer in Berlin 2021 - Radio Mix,17,196000,False,0.854,0.639,7,-6.915,1,0.11,0.00533,0.41,0.63,0.652,124.001,4,minimal-techno,0.29336470143500293,0,0
0J1SNj1evDHEYHZzHT7Zps,Aversions Crown,Hell Will Come for Us All,Caught in the System,21,240381,False,0.41,0.946,5,-3.776,1,0.066,0.00692,0.0,0.35,0.0781,135.036,4,black-metal,0.3070100286263741,0,0
5mjfIZabc3GGbIYtBa6VEw,Brambles,Charcoal,To Speak Of Solitude,55,261480,False,0.163,0.047,3,-24.975,0,0.0344,0.938,0.955,0.14,0.0389,85.607,4,ambient,0.672263127621239,1,2
53UKOu8knQIiceqiPiudV3,Tove Lo,Fifty Shades Darker (Original Motion Picture Soundtrack),Lies In The Dark,52,221440,False,0.299,0.448,1,-7.819,1,0.0452,0.0275,0.0,0.0892,0.172,177.59,4,synth-pop,0.42531362518336624,0,1
4FiyvQ1oi89AOzemfZpp2q,Extreme Noise Terror,Retrobution,Invisible War,13,156693,False,0.371,0.969,6,-7.777,1,0.0889,1.03e-05,0.0305,0.228,0.294,100.963,4,grindcore,0.3721746257497663,0,1
0llzwIl1LZHvOW2GIKJ3jQ,Lorne Balfe,Mission: Impossible - Fallout (Music from the Motion Picture),Fallout,44,90080,False,0.434,0.404,0,-13.207,1,0.0458,0.341,0.899,0.0734,0.136,168.919,5,british,0.43286273355925736,0,1
2Pe2uda2pqu1CyK3RqtOAW,Lianne La Havas,20's R'n'B,Bittersweet,0,236640,False,0.57,0.409,5,-7.555,0,0.0331,0.345,0.000188,0.219,0.304,137.8,4,british,0.4839474029343096,1,1
6Ozx2ngGtXrqznTKhKBlrT,Ajay-Atul;Ajay Gogavale,Agneepath (Original Motion Picture Soundtrack),Deva Shree Ganesha,63,356826,False,0.34,0.96,1,-5.427,1,0.0802,0.238,4.32e-06,0.0378,0.475,150.04,4,hip-hop,0.3866254794826375,0,1
6MCy7TQ6qOvEdayIkbC8kc,Blind Melon,Fiesta temática 90s,No Rain,0,217200,False,0.359,0.573,9,-6.054,1,0.0326,0.665,0.000178,0.136,0.562,73.368,4,alt-rock,0.4313268652447191,0,1
59I4zeY0veIyBye6V8Qhsw,Gian & Giovani,Uma História De Sucesso (Ao Vivo),Roupa De Lua-De-Mel - Ao Vivo,43,214813,False,0.557,0.585,7,-6.753,1,0.0396,0.572,0.0,0.972,0.599,82.617,1,sertanejo,0.5033824676814355,1,1
2gFrejz48wRgBnBQVixUNO,Rashid Beibutov,Qalalıyam Qalalı (Azərbaycan Xalq Mahnıları),Girdim Yarın Bağçasına,5,201200,False,0.361,0.169,11,-13.005,0,0.0344,0.989,0.000171,0.0933,0.198,109.309,3,romance,0.6506152473596339,1,2
4vAXV6Byr8E6CmuZuO6OSH,Cameron's Bedtime Classics,Lullabies and Nursery Rhymes,If You're Happy and You Know it Clap Your Hands - Original Mix,18,44786,False,0.649,0.338,0,-13.893,1,0.0766,0.713,0.862,0.101,0.58,101.446,4,disney,0.4505574349318994,1,1
5cjZzR5YxP3ZhPjft1u9YY,Jah Vinci;Nae.Nae,Imac Riddim,Sexual Commentary - Radio Edit,22,174310,False,0.608,0.788,8,-4.413,1,0.375,0.0995,0.0,0.207,0.676,130.878,5,j-dance,0.34033299612677326,0,0
6iqQX4KlFL28KMqiEFMWCQ,Hypocrisy,The Final Chapter,A Coming Race,19,308533,False,0.173,0.89,4,-7.81,0,0.0672,1.52e-06,0.822,0.237,0.091,120.008,4,black-metal,0.33090358539169806,0,0
5J5VBW8G9ViJfzX5FEYvni,Tom Petty and the Heartbreakers,Christmas Eve At Home,Christmas All Over Again,0,253626,False,0.44,0.838,9,-6.196,1,0.0423,0.0956,0.0,0.473,0.619,138.908,4,singer-songwriter,0.3779739925292095,0,1
6f1oG9hTx3NETgV6q4rkw5,ILLENIUM,ASCEND,Take You Down,54,221398,False,0.275,0.657,11,-3.9,1,0.0431,0.396,0.000148,0.305,0.219,169.638,4,dub,0.4256246301642271,0,1
7M8T9iv6w49bOxpchiSVCR,Peppa Pig Stories,Grandpa Pig's Train to the Rescue,Grandpa Pig's Train to the Rescue,43,290736,False,0.709,0.479,6,-13.243,1,0.943,0.776,0.0,0.436,0.682,126.792,3,children,0.49831786509389714,1,1
0gaQZpcyDE0AK1m0tYNUt7,Håkan Hellström,Rampljus,Rampljus,26,58727,False,0.453,0.171,11,-13.325,0,0.0426,0.815,0.0,0.687,0.526,103.149,3,goth,0.6610210909605144,1,2
4g3o3KScQl3MVW8THLDBVQ,Ace Aura;Voicians,UMBRA,UMBRA,43,217600,False,0.438,0.953,6,-2.085,0,0.152,0.0126,0.00394,0.104,0.124,149.871,4,dubstep,0.2510106651346181,0,0
1yt4wO7dKCwsfjch8SN9aU,Sayuri,花の塔,花の塔,67,275614,False,0.486,0.948,9,-1.59,1,0.122,0.0242,0.0286,0.137,0.507,170.015,4,j-pop,0.27710953861341525,0,0
2lALqW28yjkmb6LCBBUc7j,Arijit Singh;Palak Muchhal,R...Rajkumar (Original Motion Picture Soundtrack),Dhokha Dhadi,58,249730,False,0.595,0.688,2,-6.391,1,0.0386,0.516,0.0,0.0842,0.866,91.979,4,pop-film,0.2667549756900102,0,0
7Huhnnm74bfVtOXsvvmxzu,Chitãozinho & Xororó,A Arte De Chitãozinho & Xororó,Saco De Ouro,50,175573,False,0.731,0.418,5,-8.51,1,0.0382,0.381,0.0,0.111,0.843,120.161,4,sertanejo,0.40973586174003945,0,1
32SckiFOYb8bwYewY51WA7,Cheap Trick,Top Gun - Motion Picture Soundtrack (Special Expanded Edition),"Mighty Wings - From ""Top Gun"" Original Soundtrack",56,231040,False,0.467,0.937,5,-8.285,1,0.0483,0.0269,0.0,0.235,0.848,158.071,4,power-pop,0.19265408215702992,0,0
2kFAFkE3sTgTM7DwSrSEj3,Miguel Calo;Alberto Podestá,Pedacito De Cielo,Dos Fracasos,18,156813,False,0.646,0.194,11,-8.878,0,0.0515,0.984,0.165,0.171,0.627,129.179,4,tango,0.5100983100861654,1,1
18rI489dTiiDiBSWMW0TSu,Eikichi Yazawa,永吉 (50th Anniversary Remastered),PURE GOLD - Remastered 2022,37,239960,False,0.677,0.717,7,-8.342,1,0.0633,0.188,0.000585,0.0935,0.6,122.938,4,rockabilly,0.22431081468751257,0,0
50sWFRRbPHNz7n7Nt1N93E,Steve Petrunak,Instrumental Versions of Current Country Songs: Meant To Be,Make It Sweet (Instrumental Version),25,184111,False,0.447,0.332,7,-11.319,1,0.0334,0.864,0.798,0.0815,0.67,89.9,4,guitar,0.4979065696665415,1,1
4S9oFNsKx4ZzW4eFws0iYO,Bhuvan Bam,Safar,Safar,48,211379,False,0.642,0.728,7,-6.692,1,0.0315,0.245,0.00238,0.101,0.411,124.983,4,indie,0.2679104364472786,0,0
5QHRON3xuXFOWlXeZU4oVF,Zedd;Alessia Cara,Weekend Baby,Stay,0,210400,False,0.689,0.623,5,-5.025,0,0.0621,0.254,0.0,0.113,0.546,101.998,4,german,0.33378343693866375,0,0
1ILwI5d4fRL2XvVVuTL9Wq,Jay Chou,跨時代,愛的飛行日記,47,252586,False,0.639,0.791,8,-5.968,1,0.0335,0.231,0.0,0.111,0.305,113.021,4,mandopop,0.3663567985852353,0,1
16AFbRYIdpesOleGTKClHs,Linkin Park,The Hunting Party,Mark the Graves,43,305013,False,0.442,0.925,9,-3.781,1,0.0648,0.00195,0.496,0.0851,0.196,134.94,4,grunge,0.31546876710006044,0,0
1tY8PhIOqDTx1GHDEhSuxh,Connie Francis,The Collection,Lipstick On Your Collar,45,136573,False,0.526,0.931,7,-6.723,1,0.0526,0.342,9.91e-05,0.271,0.929,165.365,4,rockabilly,0.32356013594895805,0,0
6hiPJSPAKqGTjPx1gUlKZS,Lucy Rose,Like I Used To,Be Alright,37,235560,False,0.578,0.162,5,-10.48,1,0.0374,0.74,0.0,0.178,0.195,135.495,4,ambient,0.45141257926362593,1,1
4ID45W7QoisqbyFPst3wih,Lokel,World Burns,World Burns,60,141049,False,0.781,0.373,11,-10.866,1,0.0791,0.202,0.0346,0.142,0.301,125.978,4,sad,0.30274714794816493,0,0
1c03f9YZmO792D7hRjZMYi,Austin George,Hands On You,Hands On You,62,155567,False,0.616,0.557,11,-5.871,0,0.0413,0.354,1.53e-06,0.345,0.626,159.91,4,sad,0.26667791247949013,0,0
36foZ6OSZvUPgR3uNbuHiI,Los Bunkers,Rock un sentimiento vol. I,Quién Fuera,0,218120,False,0.446,0.814,9,-3.421,1,0.0306,0.000682,0.000814,0.101,0.554,138.112,4,alt-rock,0.2790040167206802,0,0
3DF1ix5ynSLWQesZNZvUEV,Isak Danielson,JULPYNTA,Snowman,0,168000,False,0.51,0.306,4,-11.214,0,0.0305,0.687,0.0,0.0811,0.23,99.896,3,singer-songwriter,0.5418716986033925,1,1
3Xl7gON72joBquu8YJG8z9,Crate Diggers,Mixtape,Sentimental Mood,38,109500,False,0.738,0.558,10,-12.088,0,0.0423,0.000663,0.163,0.17,0.601,80.03,4,study,0.23601149549987033,0,0
5el5IEyb9ki6rxmGckY0Hk,Celestial Alignment,Northern Lights,One More Coffee,3,118492,False,0.627,0.117,8,-21.584,1,0.0376,0.979,0.926,0.264,0.382,68.845,4,chill,0.5267540379048465,1,1
1Iz07jlK4Eg8VQD0eBZTTO,Lauana Prado,Raiz (Ao Vivo),Por Toda Vida / Recaídas - Ao Vivo,48,251498,False,0.653,0.848,9,-3.978,1,0.0325,0.2,0.0,0.608,0.434,105.988,4,sertanejo,0.3012810421202565,0,0
2wp7OUgPvFipU9fHGjNEcr,Jerry Di,Reggaeton Mix Perreito,El Diablo,0,184853,False,0.863,0.768,7,-2.227,0,0.184,0.0851,0.000119,0.105,0.673,107.971,4,latino,0.24071558192749254,0,0
7pe5uLgTTJwaCkbMyJT6Qq,INXS,Hits Pop Rock 90's,Elegantly Wasted,1,272506,False,0.736,0.781,5,-3.98,1,0.0443,0.00124,0.0138,0.0796,0.787,110.014,4,funk,0.20811112881767624,0,0
6eWeTcpAu5F68IQf2xWTU3,Shania Twain,Los Clásicos del Pop 90s,You're Still The One,3,212560,False,0.558,0.54,3,-7.2,1,0.0305,0.501,0.0,0.252,0.654,133.774,4,country,0.3691418686026125,0,1
51VXh14DlqZuloQGCocvKA,Asdrubar,Abrázame,Abrázame,38,233615,False,0.65,0.889,0,-5.194,1,0.0503,0.287,0.000583,0.0441,0.869,195.907,4,salsa,0.13521279103889472,0,0
2QKALbvieihPo40okeVa1v,Tiësto,House Anthems,The Business,4,164000,False,0.798,0.62,8,-7.079,0,0.232,0.414,0.0192,0.112,0.235,120.031,4,edm,0.39239879086483104,0,1
6PbhI4RX7jsbe8a8tHOwgi,Deekline;Ed Solo;General Levy;Benny Page,General Levy presents Welcome To The Jungle + Mix by Deekline & Ed Solo,VIP Sound - Benny Page Remix,11,250971,False,0.627,0.854,7,-4.58,1,0.0716,0.000943,0.000756,0.21,0.387,174.979,4,breakbeat,0.3105779671720317,0,0
2hyP9WkqwrydvQZ7IrCe0N,Blake Shelton,Finest Country,Austin,0,230333,False,0.603,0.609,7,-7.063,1,0.0278,0.188,0.0,0.0982,0.275,119.911,4,country,0.41337464365160764,0,1
1XsN9Flu0VvZpXmrkBtZGt,Stuck in the Sound,Pursuit,Let’s Go,60,211453,False,0.486,0.623,11,-5.07,0,0.0309,0.0097,3.4e-05,0.178,0.275,89.454,4,french,0.2886457035730843,0,0
3IUpuyEMIgt4GvEZ2TqERF,Chuck Berry,Jingle Bell Rock 2022,Run Rudolph Run,0,162897,False,0.647,0.876,10,-5.662,1,0.185,0.881,3.59e-05,0.26,0.949,151.925,4,blues,0.4560145828318002,1,1
1l1ra0gsPlpnDOc4HdkKZU,Weezer,Emo Christmas 2022,O Come All Ye Faithful,0,124653,False,0.516,0.818,11,-6.076,1,0.0393,0.00701,0.0,0.337,0.769,121.907,4,alt-rock,0.3266793795480719,0,0
5Y3zAn140bNDc1IZZBDc4l,Edwin Luna y La Trakalosa de Monterrey;Pancho Uresti,La Banda Grande de la Sultana del Norte,Adicto a la Tristeza (feat. Pancho Uresti),45,198133,False,0.635,0.565,7,-5.223,1,0.0569,0.667,0.0,0.0569,0.923,146.095,3,r-n-b,0.3826539865267605,0,1
1RFTlrpmEUyBpkaW6mfrxQ,BOØWY,"""GIGS"" CASE OF BOφWY COMPLETE (Live From ""Gigs"" Case Of Boowy / 1987)","RATS - FROM ""GIGS"" CASE OF BOOWY",34,159600,False,0.258,0.985,0,-3.376,1,0.157,0.0202,0.000308,0.432,0.382,176.952,4,rockabilly,0.3195811171299155,0,0
7oS2EnBWSHxzR2m6CxNJYA,David Guetta;Becky Hill;Ella Henderson,All Bops,Crazy What Love Can Do,0,169756,False,0.601,0.713,4,-3.758,0,0.0449,0.0282,0.0,0.158,0.464,122.872,4,dance,0.3402769053652933,0,0
3nKEiJUeaWn8q2O9I1xwlB,Salim–Sulaiman;Sonu Nigam;Shreya Ghoshal;Salim Merchant,Kurbaan (Original Motion Picture Soundtrack),Shukran Allah,64,290053,False,0.432,0.695,1,-8.022,1,0.111,0.732,0.0014,0.274,0.513,116.153,3,indian,0.36441487935450667,0,1
46bFZCQ2U2DMSNUKGzQUyP,Lizzo,Rap Party,Truth Hurts,0,173325,True,0.715,0.622,4,-3.046,0,0.111,0.11,0.0,0.123,0.407,158.088,4,hip-hop,0.3085986885863453,0,0
15w7sDPrdDhWI0L0jSQqMW,Virgoun,Dua Warna Cinta,Move On,40,249162,False,0.651,0.36,9,-9.286,1,0.03,0.756,0.0,0.255,0.468,97.919,4,malay,0.385075350513449,0,1
2NDDTipKDL1L09WV2GSN52,Chuck Berry,Christmas Classics,Run Rudolph Run,0,162897,False,0.647,0.876,10,-5.662,1,0.185,0.881,3.59e-05,0.26,0.949,151.925,4,rock-n-roll,0.36266149986644586,0,1
1QFh8OH1e78dGd3VyJZCAC,The Cure,Three Imaginary Boys,Boys Don't Cry,77,155973,False,0.462,0.836,11,-5.766,0,0.0621,0.00517,0.0,0.18,0.671,168.766,4,punk-rock,0.26401945154392437,0,0
6ealTEwEubl3VIyykylTCo,Within The Ruins,Black Heart,Open Wounds,27,238625,False,0.451,0.996,6,-3.203,1,0.167,4.67e-05,0.0411,0.58,0.176,117.504,4,death-metal,0.29732817782474685,0,0
4zpOLmgrWhOPuXfTi5K6Kc,Hillsong Young & Free,All Of My Best Friends,Never Have I Ever - Studio,43,185217,False,0.655,0.8,0,-6.416,1,0.0332,0.0101,0.0,0.232,0.561,144.019,4,world-music,0.1838728158056438,0,0
1kB6Dtnlt0NOLoi8C4kyVq,Napalm Death,Enemy of the Music Business + Leaders Not Followers,Volume of Neglect,14,200493,False,0.212,0.998,2,-4.392,1,0.13,9.46e-06,0.00993,0.262,0.0392,112.537,4,grindcore,0.3518030856620761,0,1
3bFCmv5uojftAq9ZeZFDUZ,Anupam Roy,"Shohage Adore (From ""Belashuru"")","Shohage Adore (From ""Belashuru"")",40,333157,False,0.659,0.321,7,-11.66,1,0.0287,0.629,0.00108,0.153,0.242,113.952,4,singer-songwriter,0.45755909076415757,1,1
2WyKvnMEF9H8CKHvmAXSm3,Omnia;Ira;Blastoyz,The Fusion (Blastoyz Remix),The Fusion - Blastoyz Remix,51,173142,False,0.488,0.99,8,-2.718,1,0.0574,0.000144,0.0453,0.389,0.221,139.994,4,progressive-house,0.2878694808094399,0,0
1r48f7NjRH3svaVNDWfHu7,DYEN,Just a Feeling.,Just a Feeling.,22,473261,False,0.551,0.991,7,-4.164,1,0.164,5.54e-05,0.811,0.388,0.103,142.019,4,industrial,0.31039880408448633,0,0
3PRxmJf4F3CDA0vyathTYz,Emily Roberts,Dinosaurs,Dinosaurs,40,176000,True,0.559,0.334,0,-8.837,1,0.0585,0.8,0.0,0.147,0.546,100.068,3,german,0.43311295866840244,0,1
44BsTP3MwFY22X1YijTcHM,Suellen Brum,O Processo,O Processo,47,290816,False,0.642,0.642,2,-6.174,1,0.0339,0.362,0.0,0.379,0.502,125.999,4,gospel,0.3354018432278643,0,0
047rc63FPRYjXWq7iLhrzg,Helmet,Strap It On,Make Room,21,206773,False,0.277,0.938,0,-7.986,1,0.0704,0.0855,0.00565,0.129,0.193,97.975,4,industrial,0.2948082800677205,0,0
3NIsZEsnGH8fquyngVuomV,El BAI;Marcianeke;King Savagge;Drakomafia;Victor La Voz,Sonando Flaite (Remix),Sonando Flaite - Remix,43,410500,False,0.824,0.828,11,-5.04,0,0.267,0.193,0.0,0.119,0.707,90.031,4,latino,0.212715137527904,0,0
0fea68AdmYNygeTGI4RC18,J Balvin;Bad Bunny,OASIS,LA CANCIÓN,88,242573,False,0.754,0.646,7,-5.795,1,0.317,0.152,1.85e-05,0.108,0.429,176.089,4,reggae,0.25238819176461263,0,0
7iP5BtFcofsOFnkJVelKtH,Joe Zimmerman,Jeff Bezos,Jeff Bezos,22,81200,False,0.608,0.338,6,-17.962,0,0.926,0.916,2.24e-06,0.698,0.873,151.985,4,comedy,0.7078582200494146,1,2
38pLq8WPZAOYBHnvAgPp9u,Dimmu Borgir,Death Cult Armageddon,Progenies of the Great Apocalypse,47,317800,False,0.11,0.939,3,-3.975,0,0.104,0.000391,0.35,0.145,0.097,88.58,5,black-metal,0.32370716451986487,0,0
2uethdj3Nf5yVNvmbMnZcy,Amandeep Singh,Udd Ja Kale Kanwan,Udd Ja Kale Kanwan,45,219347,False,0.51,0.162,0,-13.51,1,0.0424,0.907,0.0,0.111,0.242,71.736,4,indian,0.4914946597902935,1,1
3UHsjDehR19ONOLZF0eScQ,Ghost,Halloween Spooky Party 2022,Dance Macabre,0,219720,False,0.619,0.696,7,-6.263,0,0.0315,1.93e-05,0.00555,0.38,0.727,125.984,4,rock,0.3318448259862149,0,0
7d9E4qERgZgYVtyY4789HJ,Blake Rules;Netherfriends,Kids Poop,Flush the Toilet,8,145822,False,0.599,0.619,4,-8.495,0,0.257,0.291,0.0,0.631,0.603,79.0,4,kids,0.4415571737326529,0,1
6L7edR8ePoAiOEthSAfeBD,Gerson Rufino,Reconstrução,Reconstrução,46,262143,False,0.769,0.718,0,-5.809,1,0.0241,0.234,0.0,0.168,0.725,105.015,4,sertanejo,0.1705788870492998,0,0
4sPaCOzwT4qFhfvgl0Uaax,Carmen Campagne,Un voix pour les enfants,La chanson du petit voilier,29,279893,False,0.519,0.212,11,-13.321,1,0.0277,0.85,0.0,0.133,0.31,99.014,4,children,0.5957389635911121,1,1
5EDLYLzDy7O7WQdBYM5udQ,Fabrizio Paterlini,Winter Stories,Snow,57,158036,False,0.276,0.259,2,-17.332,0,0.034,0.987,0.866,0.102,0.416,180.901,3,ambient,0.5412071180097466,1,1
4fRXTcxDbKX3CqvTT49Qb7,Kadri Gopalnath;Nithyasree,Sangamam,Sowkkiyama,43,354190,False,0.662,0.681,11,-10.138,1,0.0477,0.284,0.00148,0.0769,0.414,99.986,4,jazz,0.3213952670321387,0,0
3yrSvpt2l1xhsV9Em88Pul,Van Morrison,Blowin' Your Mind!,Brown Eyed Girl,80,183306,False,0.491,0.583,7,-10.964,1,0.0376,0.185,0.0,0.406,0.908,150.566,4,folk,0.3455869863312801,0,0
2mYzwAhfjxNkUu6pJvZyCJ,Nívea Soares,Grande é o Senhor (Ao Vivo),Grande é o Senhor - Ao Vivo,38,413311,False,0.348,0.511,2,-9.779,1,0.0363,0.0304,0.0,0.919,0.16,148.034,3,gospel,0.41488954748847856,0,1
6nLgmEbLM3XD0HMrpmrNnr,Allyawan,Skitsamma,Skitsamma,29,211385,False,0.653,0.574,6,-7.322,0,0.312,0.037,0.0,0.153,0.611,87.025,4,goth,0.26724415823547554,0,0
0zEVUnFsZBYnKk2goNUWQH,Machuca,Viva MacHuca,El Bulla,35,146386,False,0.34,0.913,0,-4.682,1,0.0367,1.73e-06,1.04e-05,0.247,0.382,110.113,4,hardcore,0.31184318950685935,0,0
1tlrTC3x7viJ1U30oOFGdF,Lil Peep,"Come Over When You're Sober, Pt. 1",Better Off (Dying),68,154814,False,0.521,0.763,3,-4.693,1,0.0408,0.00835,0.0,0.155,0.197,75.036,4,emo,0.3610483838535209,0,1
3wkzTnvK7AZX0oEB7LrvUJ,Celso Blues Boy,Por um Monte de Cerveja,Por um Monte de Cerveja,41,232698,False,0.613,0.878,4,-5.731,1,0.0313,0.00777,9.2e-05,0.168,0.902,129.991,4,blues,0.23877911666119928,0,0
4JvzS5bLyxDizlP1OTS8EV,Wolfgang Amadeus Mozart;Hilary Hahn;Natalie Zhu,Mozart - A Classical Dawn,"Sonata for Piano and Violin in E Minor, K. 304: II. Tempo di minuetto",3,337586,False,0.347,0.118,4,-21.192,0,0.0416,0.967,0.0612,0.118,0.257,125.78,4,classical,0.6849460873879,1,2
6liKLBAIOXGFuKONLG3PIs,Thiaguinho,Energia Surreal (Acústica),Energia Surreal - Acústica,45,177481,False,0.57,0.368,6,-7.521,1,0.0802,0.356,0.0,0.0976,0.598,64.097,4,pagode,0.37506907794799427,0,1
470RssVGyr23eLtDGXhSIy,Soilent Green,Sewn Mouth Secrets & A String of Lies,Cold-Steel Kiss,12,217600,False,0.23,0.947,1,-6.995,1,0.127,0.00136,0.924,0.282,0.332,93.948,4,grindcore,0.38530986483129603,0,1
5da9b5VNMVtlcODdACt6Tc,Bruno Mars;Anderson .Paak;Silk Sonic,Autumn Hits,Love's Train,1,307014,False,0.71,0.625,6,-9.008,0,0.0295,0.029,1.1e-05,0.108,0.784,140.994,4,dance,0.2874116327935755,0,0
2l04PBenOBbAfMLeIqNZDg,Iliza Shlesinger,War Paint,The Grabbing Hand,22,399550,True,0.683,0.909,1,-6.075,1,0.924,0.772,0.0,0.764,0.385,102.977,4,comedy,0.48675732992428283,1,1
1qbPD0H4k3JqTL6Q3OLBKL,Aril Brikha,Ex Machina,Last One,7,484386,False,0.79,0.804,11,-13.473,1,0.0749,0.766,0.939,0.102,0.402,130.046,4,detroit-techno,0.3782178300714449,0,1
01gwr3jWt9RlN6hL8Y6Xij,Alireza Mashayekhi;National Symphony Orchestra of Ukraine;Farimah Ghavamsadri,"Symphony, No. 8 (For Piano and Orchestra)","Movement, No. 2",0,367124,False,0.208,0.0956,0,-21.139,1,0.0411,0.931,0.858,0.107,0.0342,95.581,3,iranian,0.7036349814614107,1,2
58eskjXndK4EbVBnCKcfHi,DJ Snake;Sean Paul;Anitta;Tainy,Esto me suena a Farra,Fuego,1,195428,False,0.78,0.856,8,-6.264,0,0.267,0.0233,0.0,0.0916,0.605,104.904,4,electronic,0.19483998790891,0,0
6ktfvSd9cnC9ZQv7bnif1B,Hermetica,Victimas del Vaciamiento,Buscando Razón,39,221200,False,0.465,0.708,2,-10.568,1,0.0286,0.000239,7.57e-06,0.0872,0.685,97.28,4,metal,0.2817595915159697,0,0
50TVKYY0LRQAqKI8EfBqzC,Larry Heard;Mr White,E.P.,The Sun Can't Compare - Long Version,38,467333,False,0.803,0.654,0,-10.071,1,0.0468,0.00349,0.733,0.0859,0.435,128.007,4,chicago-house,0.1618986957368861,0,0
3srgB1L9XfePDOIY4DrN2K,Sunflower Bean,Moment In The Sun,Moment In The Sun,53,189634,False,0.687,0.63,2,-5.13,1,0.031,0.0576,0.0,0.257,0.548,115.986,4,power-pop,0.2287337224180463,0,0
7GXGxQfT7SSYu2eSduDlIt,Diante do Trono,Preciso de Ti - Diante do Trono 4 (Ao Vivo),Deus de Milagres - Ao Vivo,40,394040,False,0.31,0.386,9,-8.984,1,0.0283,0.714,0.0,0.962,0.137,128.91,4,gospel,0.6003519996154861,1,2
2TVi8GP6IO1aabPL0Nv9zo,Nat King Cole,Rock Christmas 2022 - The Very Best Of,Joy To The World - Remastered 1999,0,84986,False,0.553,0.337,10,-10.334,1,0.0303,0.818,0.0,0.113,0.664,102.213,4,jazz,0.5522879361949253,1,1
0JgXbgXenQ043VMYRjy4yn,Mental Theo;Charly Lownoise,The Viper - Nothing To Lose,Your Smile - The Viper Remix - Cd Version,20,242616,False,0.493,0.687,1,-8.011,1,0.0989,0.0302,3.97e-05,0.639,0.152,177.98,4,happy,0.3449677604924509,0,0
1RXoCep9hxApPfx8UFsGZk,Thousand Foot Krutch,Welcome To The Masquerade (Fan Edition),Take It Out On Me,66,197373,False,0.465,0.813,7,-4.321,1,0.0841,0.00281,0.0,0.0464,0.614,148.029,4,metal,0.28792716476767694,0,0
5RsO3coOzmT52rCnOASidp,Ocoeur,Inner,Embers,8,305000,False,0.352,0.144,9,-28.327,1,0.037,0.824,0.889,0.0789,0.0367,96.165,4,idm,0.5515987317311739,1,1
4Ovn5T4LAEE8mfYtsmjLoA,Ella Fitzgerald,Christmas Dinner 2022,Frosty The Snowman,0,131733,False,0.579,0.502,8,-7.57,1,0.0513,0.733,0.0,0.281,0.836,76.783,4,jazz,0.4902031973444253,1,1
5qHW3YD2L8vvtWtD7j5pmk,Dale Howard,Gunny,Gunny,57,200648,False,0.74,0.922,10,-7.719,0,0.0436,0.00616,0.691,0.149,0.54,125.021,4,groove,0.18694218033650484,0,0
10VHztYhhjtQfvzNjlLFbx,Stevie Wonder,Home At Christmas,What Christmas Means To Me,0,147800,False,0.524,0.614,0,-8.05,1,0.0363,0.202,0.0,0.0802,0.751,82.229,4,soul,0.362653710967473,0,1
4HzqWEdAbzcVFDv0pvxV4w,Maluma,Sobrio,Sobrio,81,201180,False,0.762,0.77,5,-2.758,1,0.223,0.138,0.0,0.15,0.631,177.998,4,reggae,0.1848989598533024,0,0
6MtMtPt2Lwuc3KluFIkYhC,The Doc Watson Family,The Doc Watson Family,Down the Road,21,101933,False,0.574,0.654,7,-10.598,1,0.0292,0.914,0.244,0.306,0.76,125.24,4,bluegrass,0.41594118085500265,0,1
06vNG6CiV4k8oNA0wUUAO7,Stephen Sanchez,Until I Found You (Piano Version),Until I Found You - Piano Version,74,184895,False,0.603,0.148,7,-10.449,1,0.0279,0.927,0.0,0.101,0.228,95.451,3,singer-songwriter,0.5021658996414283,1,1
3I4WD00WeGlGCjWoMWEsGy,Belle,Belle (Original Motion Picture Soundtrack) [German Language Version],Zeige Mir Den Weg,21,239263,False,0.328,0.246,7,-12.041,1,0.0434,0.369,0.00776,0.23,0.105,127.308,4,anime,0.5616581156813525,1,1
78iVPIyFgGjQ0g0TmDWYtQ,Maribou State;Holly Walker,Tongue EP,Tongue,63,304825,False,0.569,0.521,10,-10.183,0,0.0839,0.514,0.00469,0.0962,0.143,115.055,4,soul,0.3666838879698684,0,1
6iT8cVghfrFncA3G94mmyU,Abandoned;GalaxyTones;DNAKM,Luna,Luna,39,200624,False,0.528,0.706,11,-7.784,0,0.0521,0.519,0.0967,0.139,0.245,127.934,4,dubstep,0.3263092286585192,0,0
7K6RK6aNVvcRZPBDoegoWO,Limoblaze;Ada Betsabe;Principal,Blow My Mind,Blow My Mind - Spanish Remix,20,187547,False,0.709,0.594,8,-5.642,0,0.271,0.367,0.0227,0.0796,0.879,189.916,4,afrobeat,0.4604101172450542,1,1
3mvP667bhJfOlex53b2oFT,Tommy Flanagan,The Smart Attitude of Tommy Flanagan,Delarna,40,283040,False,0.452,0.242,2,-16.941,1,0.0344,0.698,0.46,0.0942,0.347,101.194,4,piano,0.4121100471612148,0,1
7LYABkpCmMBE3pEOZlQDY8,LaLa Hsu,行走的鱼,行走的鱼,43,245172,False,0.563,0.563,9,-6.451,1,0.0328,0.753,0.0,0.0598,0.454,116.016,4,mandopop,0.47220104041427,1,1
6jZp2rNTYVlKwt20aMIcot,ONE OK ROCK,Save Yourself,Save Yourself,59,197995,False,0.503,0.849,5,-2.709,1,0.0615,0.00428,0.0,0.0667,0.762,165.096,4,emo,0.31921475151969103,0,0
73tPvnW877UKxjgGl8geAk,MAX,MAXIMUM II,Give me a Shake,35,326633,False,0.671,0.883,5,-3.269,0,0.0279,0.0882,0.0,0.299,0.644,105.023,4,j-idol,0.24269340412836263,0,0
0lc1ey4GfBMzmSVCyQUUHX,Luis Fonsi;Daddy Yankee;Justin Bieber,Halloween Party Canzoni per Bambini 2022,Despacito - Remix,0,230693,False,0.688,0.812,2,-4.355,1,0.135,0.243,0.0,0.0742,0.834,89.01,4,latin,0.2800014767223466,0,0
4u1QxVrs38oVTHzPRutm0g,Smartface,Smooth Lookin',On The Moon,10,143004,False,0.774,0.657,6,-6.587,0,0.0817,0.469,0.586,0.584,0.815,96.978,4,study,0.3394219656691508,0,0
4Ahphc0UzRSoMpJRHgnGQK,Skillet,Unleashed,I Want to Live,56,208826,False,0.452,0.962,11,-3.063,0,0.0831,0.00901,0.0,0.065,0.566,164.032,4,metal,0.04546433069116343,0,0
5Ls0NdYY4ejjBRvUD5X6yr,Dan Gibson's Solitudes,Piano Cascades,Heart of the Forest,29,413383,False,0.469,0.149,1,-23.247,1,0.0422,0.964,0.189,0.353,0.195,105.337,4,new-age,0.6219164139787904,1,2
6vBMMa2erexusV4XrgXea9,2Pac,Until The End Of Time,Lil' Homies,64,223973,True,0.897,0.815,10,-4.227,0,0.212,0.159,0.0,0.0637,0.804,97.6,4,funk,0.14061294541141411,0,0
3xop1eJ9d6MtXftk5WIZdy,Lowell Lo,盧冠廷,但願人長久,21,201346,False,0.562,0.405,2,-11.091,0,0.0278,0.0545,1.29e-06,0.194,0.328,92.303,4,cantopop,0.356767322677328,0,1
3hMbfwiO5z1PFhTv9C7L1I,White Noise for Babies,The Journey Ahead,Moments of Static,0,194000,False,0.0816,0.76,2,-10.222,1,0.0698,0.427,0.655,0.399,0.0069,85.343,4,sleep,0.6071641833272349,1,2
1G5TH4XNjghT6K9qiBiMyA,Wolves In The Throne Room,Celestial Lineage,Permanent Changes in Consciousness,19,114773,False,0.103,0.364,5,-21.217,1,0.0479,0.844,0.923,0.13,0.117,79.371,4,black-metal,0.6120134717637503,1,2
5SzRRpwmPAoumbYIgX2awb,Nizi19,Maka Knacker,Maka Knacker,40,147500,True,0.876,0.323,11,-10.539,1,0.521,0.222,0.00111,0.108,0.15,132.003,4,german,0.42274687306628306,0,1
6FUENB3J4rmYyfifFD0njq,Astor Piazzolla;Astor Piazzolla Y Su Conjunto 9,Edición Crítica: Antología,Tristeza de un Doble A,21,429640,False,0.371,0.377,6,-9.774,0,0.0417,0.707,0.021,0.115,0.16,94.774,4,tango,0.6169403055681861,1,2
3LE7DE70XpEDQI4lQluFth,Mirage,Снова вместе,Музыка нас связала,45,258195,False,0.557,0.736,4,-4.75,0,0.031,0.19,1.06e-05,0.105,0.477,132.801,4,synth-pop,0.17005025965020165,0,0
4faxL6KhHe3puLaKGaJjql,Stevie Wonder,Rockin' Around The Christmas Tree 2022,One Little Christmas Tree,0,161693,False,0.406,0.377,10,-11.717,1,0.0597,0.764,0.0,0.272,0.717,92.23,4,soul,0.561931376400589,1,1
15f16lrsDzFeNpHYBTzHLI,Rammstein,Rammstein,Sex,59,236529,False,0.608,0.93,8,-3.97,1,0.0604,0.000561,0.00175,0.156,0.432,123.018,4,industrial,0.13880487627548105,0,0
67awxiNHNyjMXhVgsHuIrs,DJ Snake;Lil Jon,Turn Down for What,Turn Down for What,71,213733,False,0.818,0.799,1,-4.1,0,0.156,0.00107,0.128,0.057,0.0815,100.014,4,electro,0.15101788302202962,0,0
0EgF9Aer0o9Vyp7t9uIFhX,Mugen Rao,Yenggedi,Yenggedi,41,219373,False,0.67,0.466,4,-6.868,0,0.0363,0.53,0.0,0.0799,0.392,128.023,4,malay,0.34389566782606734,0,0
5W1PZDN6zxmFYD638GN0HS,The Motels,1980s Rock For Kids,Remember The Nights,29,184906,False,0.668,0.592,9,-13.028,1,0.0302,0.0542,8.03e-05,0.082,0.869,130.487,4,synth-pop,0.2840764245075924,0,0
4ZFePCAt23ynDSPalJjUNo,Karen Wolfe,Unplugged,That Bitch Ain't Me,35,254040,True,0.724,0.234,9,-13.595,1,0.0586,0.62,0.0,0.0992,0.686,147.994,3,blues,0.37418876004310603,0,1
0ZiO07cHvb675UDaKB1iix,Aimer,Sun Dance,コイワズライ,61,235160,False,0.675,0.5,10,-5.825,1,0.0258,0.3,0.0,0.312,0.773,93.917,4,j-rock,0.34416077421604646,0,0
22qFgb9wCyUHNKHt4d3Z6l,K. S. Harisankar,Ellam Sheriyakum (Original Motion Picture Soundtrack),Pinnenthe Enthe Mulle,33,280832,False,0.577,0.513,0,-8.775,0,0.0414,0.664,2.27e-06,0.328,0.341,144.904,3,malay,0.42684156346777724,0,1
3OwZ8e7lb5Assv14ZRW1rU,Rain Sounds,Soft Rain Sleep,Forrest Rain,32,102649,False,0.468,0.993,10,-24.274,0,0.0386,0.25,0.945,0.932,0.00964,49.296,4,sleep,0.43561755414670983,0,1
0ok5QQWUBwRjVJFI7CyDA4,Vou pro Sereno,A Força do Nosso Som (Ao Vivo),Chegamos ao Fim / Fim da Tristeza / Além do Meu Querer - Ao Vivo,49,265570,False,0.316,0.802,9,-7.545,1,0.0485,0.604,1.04e-05,0.893,0.684,87.638,4,samba,0.49748862462905247,1,1
4v16scAVhylOWvkkcmd4DX,Izabella Yurieva,Счастье мое,"Саша, ты помнишь наши встречи?",1,188637,False,0.597,0.38,11,-9.514,0,0.0747,0.988,0.000231,0.194,0.732,103.193,4,romance,0.5048378484104169,1,1
7iW8xGGEHZFMcyBdWlAsIX,Nosferatu,Demonic Playgrounds,A Sinner’s Descent,31,199782,False,0.245,0.974,1,-1.413,1,0.436,0.171,4.97e-05,0.35,0.162,184.986,4,techno,0.47089335004894883,1,1
4RzpaDRpNI2JZQ8LtAC05x,Vismay Patel,Baarish Mein,Baarish Mein,42,152000,False,0.693,0.296,0,-13.52,1,0.0704,0.741,0.0,0.0955,0.58,120.376,5,songwriter,0.49584286042555675,1,1
2XFrRuy9Gpu4GuYHTNeHiC,JC 陳詠桐,Album 1,說散就散,59,230571,False,0.507,0.627,2,-6.804,1,0.125,0.556,0.0,0.229,0.371,139.68,4,mandopop,0.31949035033224676,0,0
2haLS23gcVIqweqBtW8AUj,Rashid Beibutov,Azerbyjan,Azerbyjan,9,195239,False,0.591,0.545,11,-8.416,1,0.0623,0.872,0.764,0.147,0.712,99.279,4,romance,0.4372052329094411,0,1
1PGMfTSkrMfJBdiFyAztv0,Wolves In The Throne Room,Celestial Lineage,Subterranean Initiation,19,429733,False,0.159,0.931,3,-6.663,0,0.0836,4.16e-06,0.92,0.85,0.0458,150.077,4,black-metal,0.5082763606985632,1,1
7eLvCsLfaeSHeezjOwJ96E,Justin Bieber,pov: it's 2020,Yummy,0,208520,False,0.677,0.506,9,-6.652,0,0.0964,0.345,0.0,0.118,0.497,145.843,4,pop,0.3312167362573522,0,0
50CMxnG6F6U4ffjn243Ubi,Titãs,Titãs (Ao Vivo),Vossa Excelência,37,189266,False,0.247,0.94,0,-4.768,1,0.113,0.129,0.0,0.916,0.405,173.992,4,hard-rock,0.5061619002347492,1,1
1a0tVsbP2faLOXt2XHvL8p,Preto no Branco;Eli Soares,Preto no Branco (Ao Vivo),Tudo Que Eu Sou (feat. Eli Soares) - Ao Vivo,34,310360,False,0.646,0.677,11,-7.288,1,0.0574,0.109,0.0,0.703,0.522,75.998,4,groove,0.36107611033553483,0,1
1FxwMVKEEZYMsOPUiHdC4X,Deep Chills;Tilsen,Are You Lonely,Are You Lonely,53,137208,False,0.795,0.588,0,-6.413,1,0.0808,0.663,1.34e-06,0.194,0.26,101.828,4,deep-house,0.2864182944235649,0,0
7xJEyMvEa3eeP1fN3E18PI,George Winston,Linus & Lucy - The Music of Vince Guaraldi,Young Man's Fancy,28,231585,False,0.432,0.0498,7,-17.124,0,0.0513,0.994,0.949,0.0932,0.0589,76.215,4,new-age,0.6661287424972003,1,2
22sTK2yvAQOwc5jzDmacHc,Kool & The Gang,Disco Boogie Mood,Celebration - Single Version,0,296276,False,0.885,0.856,1,-5.396,1,0.0554,0.181,0.0367,0.092,0.9,121.65,4,funk,0.2137199672349816,0,0
0uBdQzKghx88d2Lp8SLFKJ,The 1975,I'm In Love With You,I'm In Love With You,78,262623,True,0.668,0.902,2,-3.924,1,0.0386,0.169,8.74e-05,0.198,0.913,119.008,4,alt-rock,0.13266940535663357,0,0
1GZj9r3vJ91roOZ0oYJrW5,Peggy Lee,Weihnachtssongs,The Christmas Waltz,0,173106,False,0.25,0.168,1,-16.789,0,0.0329,0.822,0.000135,0.136,0.141,107.269,3,jazz,0.7152840923079434,1,2
4EwSqnjnXCG7NqY08RRSKq,Zeds Dead;ILLENIUM,Where The Wild Things Are,Where The Wild Things Are,50,299240,False,0.344,0.672,6,-5.888,0,0.0586,0.00877,1.04e-06,0.196,0.133,164.197,4,dub,0.3776664636341433,0,1
26Sw3iKfNsX2i0OnKqKXNi,GASHI;DJ Snake,GASHI,Safety (feat. DJ Snake),51,177780,False,0.754,0.828,1,-4.443,1,0.0355,0.0276,0.0266,0.0799,0.728,108.992,4,soul,0.1825936038342929,0,0
2YliwwbmiacOPrtZhTOr2O,Sonny Lim,Slack Key Guitar: The Artistry Of Sonny Lim,How D'ya Do,21,211880,False,0.622,0.121,3,-22.338,1,0.0536,0.97,0.917,0.143,0.5,125.661,4,guitar,0.5075372869234428,1,1
1H7gMYGykdtwZOV6s1N0by,The Beatles,Rubber Soul (Remastered),Norwegian Wood (This Bird Has Flown) - Remastered 2009,70,124693,False,0.425,0.369,4,-11.876,1,0.0379,0.183,0.00126,0.112,0.65,176.625,3,psych-rock,0.3586245618516106,0,1
6470Z4MVlwxWlxFOv27iio,Maxida Märak,Utopi,Lova ingenting,40,157090,False,0.685,0.534,1,-6.644,1,0.28,0.308,0.0,0.206,0.236,92.241,4,swedish,0.327838151734641,0,0
6GolB7bUcSGzpHUDLDsdoh,GusGus,Attention,Unnecessary,17,273826,False,0.906,0.464,0,-6.764,1,0.0841,0.0063,0.0138,0.0872,0.754,117.977,4,trip-hop,0.29874394428884454,0,0
6rcvPsOgiwRTM4dTLSV8Jd,Mike Laure,15 Éxitos,La Secretaría,39,165198,False,0.817,0.579,0,-8.123,0,0.0527,0.628,0.0,0.068,0.911,117.267,4,rock-n-roll,0.3086725636845834,0,0
00cOxhAsTPnrbwuc6pBh0h,Beat The System,California Dreaming,California Dreaming,24,191647,False,0.707,0.848,0,-5.092,1,0.0374,0.0128,0.0,0.168,0.497,100.009,4,malay,0.23763124350919884,0,0
0LdrgIn0po8wRxpv2USlys,David Guetta;Bebe Rexha;J Balvin,Dance Dance Dance,Say My Name,0,198946,False,0.703,0.66,10,-5.119,0,0.123,0.137,0.0,0.192,0.79,95.033,4,edm,0.31052335464622316,0,0
1tKE8I7fnY9IOcnVxj9LmT,Gregorian,The Masterpieces,Moment of Peace,42,319720,False,0.238,0.766,9,-6.927,0,0.0341,0.0469,0.00409,0.184,0.135,87.87,4,new-age,0.38641022975507355,0,1
6f280Iw58re3P3ac9xrSNJ,Maurice Ravel;Duo Synopsis,"Ravel, Schuloff, Honegger, Schnittke: 20th Century Masterwork Duos, for Violin and Cello","Sonata for Violin and Cello in C Major, M. 73: II. Très vif",0,207040,False,0.389,0.206,5,-16.943,1,0.0354,0.948,0.344,0.0967,0.275,81.968,4,classical,0.5998384004753164,1,1
70BWIfaEgeZB0MJkUQmDqU,Nusrat Fateh Ali Khan,Sanu Ek Pal Chain,Yeh Jo Halka Halka Suroor Hai,46,438517,False,0.333,0.681,1,-7.894,1,0.0694,0.376,7.91e-06,0.157,0.43,76.551,4,indian,0.416168348679782,0,1
7kXYHAKJrOT6yaBlughcUa,Ina Colada,Ballermann Party Hits Megamix 2022.2,Wer nicht springt der muss bezahlen,0,213902,False,0.577,0.995,1,-1.934,1,0.0856,0.225,0.0,0.388,0.795,74.996,4,party,0.3363209845055404,0,0
6GyFP1nfCDB8lbD2bG0Hq9,M83,"Hurry up, We're Dreaming",Midnight City,76,243960,False,0.507,0.729,11,-5.399,0,0.0393,0.0182,1.4e-06,0.0658,0.272,105.013,4,french,0.26963478672449986,0,0
6WEBIVqiEsevfgJefTyuQQ,Kajagoogoo,White Feathers,Too Shy,61,221520,False,0.702,0.871,10,-6.728,0,0.0926,0.127,4.18e-05,0.0819,0.664,107.982,4,synth-pop,0.20144816134420812,0,0
4dPimg8olUWKxHZXPD3KOO,Little Dragon,"New Me, Same Us",Hold On,53,210922,False,0.744,0.615,0,-8.756,1,0.0394,0.0103,0.00113,0.134,0.444,118.965,4,trip-hop,0.19009618780479928,0,0
6aPMWbbdhDhiJHlknZb9Yx,Arijit Singh;Sachet-Parampara,"Bekhayali (Arijit Singh Version) [From ""Kabir Singh""]","Bekhayali (Arijit Singh Version) [From ""Kabir Singh""]",59,370444,False,0.265,0.58,9,-4.767,0,0.0491,0.491,0.0,0.243,0.345,172.121,3,pop-film,0.3748696058929918,0,1
317tS1vDEuDhaGqDEb1Jug,Omah Lay,The Look - R&B Feels,i'm a mess,0,153946,True,0.682,0.633,4,-6.213,1,0.239,0.307,0.0328,0.112,0.601,123.259,5,dancehall,0.31459232094351597,0,0
6uzIVNJW0eHKkiDEee0uO0,DJ Zinc;Amber Jolene,Friday Night,Friday Night,23,190954,False,0.689,0.854,8,-4.788,0,0.0334,0.0168,0.00146,0.104,0.632,127.03,4,j-dance,0.18747900317636895,0,0
37aia1wG2Ncz8AWjM4tPlY,Maya Åström,Om än bara för en stund,Om än bara för en stund,62,158591,False,0.504,0.056,9,-24.25,1,0.0478,0.992,0.963,0.11,0.337,75.761,4,piano,0.48877702853827326,1,1
4Qa6z3YWYWZvtoI8aAmo7k,Galaxy 2 Galaxy,Galaxy 2 Galaxy: A High Tech Jazz Compilation,Inspiration,8,392586,False,0.661,0.517,5,-16.147,0,0.0415,0.105,0.755,0.235,0.296,138.543,4,chicago-house,0.2948223678440597,0,0
2TJs37x1zLNpRpFSHiMeVr,omarr;Mia Smith,Lonely,Was I Not Good Enough?,50,145669,False,0.642,0.251,1,-13.259,1,0.0633,0.943,0.0013,0.265,0.111,127.024,4,chill,0.4524138934460763,1,1
2JYGConFYcOl3Ryw7PI8XH,Can Durmus,Renascence,Renascence,33,241951,False,0.786,0.723,7,-8.337,1,0.0437,0.000919,0.862,0.23,0.0342,123.012,4,techno,0.26371265066034566,0,0
4MhkQd0Y0qSCAMncsoQnua,Carajo,Frente a Frente,Drama,26,224040,False,0.221,0.954,1,-4.46,1,0.125,0.000329,8.97e-06,0.215,0.331,170.934,4,heavy-metal,0.24617486636676011,0,0
61gLyY13fBlwh9Kp2gvmlL,George Strait,World's Best Christmas Playlist,O Christmas Tree,0,147720,False,0.499,0.295,5,-11.782,1,0.0287,0.794,0.0,0.0829,0.323,154.938,3,rock,0.5045112621725665,1,1
5s9jhOJe92zrdZVXoNz7hX,George Lam,真情精選,分分鐘需要你,41,182493,False,0.532,0.413,4,-13.833,1,0.0418,0.744,0.0166,0.229,0.798,111.946,4,cantopop,0.5163872028085728,1,1
2XEtdVgbgltXfzVQppAkbi,Khalil Fong,未來,Love Song,48,269293,False,0.627,0.408,5,-9.87,1,0.052,0.626,0.0,0.315,0.337,114.744,4,mandopop,0.4640897644046345,1,1
3AayefDdUFxivRs79bX7kV,Feint;Laura Brehm,We Won't Be Alone,We Won't Be Alone,58,234475,False,0.377,0.858,11,-4.9,0,0.148,0.134,0.00185,0.0985,0.117,174.751,4,dubstep,0.3467528969442764,0,0
7ipxrjXmSmnTl9LXGEYIuZ,La Mississippi,Inoxidables,Ritmo y Blues Con Armónica,38,236000,False,0.626,0.801,0,-5.124,0,0.036,0.123,1.15e-05,0.526,0.754,112.095,4,blues,0.3027953031708306,0,0
0L3XCv9i9IHs8cJEVhsJ3J,Bee Gees;SG Lewis,More Than A Woman (SG's Paradise Edit),More Than A Woman - SG's Paradise Edit,69,357936,False,0.679,0.762,10,-4.253,0,0.0316,0.00469,0.23,0.0446,0.511,105.407,4,disco,0.25530287558080694,0,0
3zRrpaY13nDHD97EHsRJD6,Sex Prisoner,Tannhauser Gate,Underbite,16,57659,False,0.315,0.955,1,-5.02,0,0.194,1.42e-05,0.0648,0.512,0.316,59.212,4,grindcore,0.27796693473907075,0,0
6Vn8lTVMjILXQCjZUXS8n4,Jason Mraz,Love Is a Four Letter Word,The Woman I Love,48,190751,False,0.591,0.647,4,-8.34,1,0.0277,0.067,6.57e-05,0.231,0.678,79.68,4,acoustic,0.21222941526410893,0,0
2JaH53lfEHvrHRE8JWSjN3,White Reaper,You Deserve Love,Ring,26,137746,False,0.464,0.791,6,-4.34,1,0.0497,1.21e-05,0.244,0.102,0.7,131.056,4,power-pop,0.2544918952915199,0,0
5yrU9jSt6hGxodbRgXaaqa,The Wiggles,Here Comes the Big Red Car,Big Red Car,31,107920,False,0.767,0.904,9,-3.443,1,0.0655,0.306,0.0096,0.0636,0.962,124.714,4,children,0.22786745646483092,0,0
5voGwQrvBz8ZlhU05NZvw4,Ammy Virk;Shahid Mallya,Manmarziyaan (Original Motion Picture Soundtrack),Daryaa,63,261918,False,0.567,0.526,8,-5.029,1,0.0251,0.153,2.34e-06,0.103,0.231,91.999,4,pop,0.339352594001925,0,0
2nSr45ZWZlyjjxWlljUgfr,Svet,Somebody,Somebody - Original Mix,44,180000,False,0.798,0.657,4,-6.435,0,0.0537,0.0162,8.89e-05,0.196,0.209,122.058,4,groove,0.24159912334872152,0,0
2BIzYGq1Pyv5SLWEQbgNM4,Neophyte;Drokz,Harder Tunes Forever - 100% the Best in Hardstyle and Hardcore,Dit Is Mijn Leven,0,169200,False,0.543,0.999,7,-0.918,1,0.18,0.0865,0.00042,0.368,0.0466,99.99,4,hardcore,0.37182285316702857,0,1
1Tye6LTBg8tGv67jygbg6n,MitiS;Amidy,Together EP,It's All You,48,196000,False,0.442,0.6,2,-5.845,1,0.0306,0.535,0.0,0.127,0.157,150.184,4,dub,0.42400926852951365,0,1
3gkQ9XLIprKy7RwAllJLfd,Stevie Wonder,Rock Christmas 2022 - The Very Best Of,What Christmas Means To Me,0,147800,False,0.524,0.614,0,-8.05,1,0.0363,0.202,0.0,0.0802,0.751,82.229,4,funk,0.4294765919918129,0,1
16zbo4n31PEtvx6eDCWJqe,Ledetraad,Røgslør,Røgslør,58,132000,False,0.454,0.143,6,-26.672,0,0.0558,0.959,0.958,0.111,0.235,114.928,3,piano,0.538699476498954,1,1
0izI75lnCS9WS8sDzBMC5Z,Carlo Pallavicino;Lea Desandre;Jupiter;Thomas Dunford,"Amazone - Pallavicino: L'Antiope: ""Sdegni, furori barbari""","Pallavicino: L'Antiope: ""Sdegni, furori barbari"" (Celinda)",21,73666,False,0.398,0.33,1,-14.102,1,0.0665,0.806,0.000768,0.0834,0.435,133.106,4,opera,0.5350880589346858,1,1
4admt90cSChznePxyzUVCP,Jan Blomqvist;The Bianca Story,Dancing People Are Never Wrong,Dancing People Are Never Wrong,55,199526,False,0.739,0.548,2,-11.073,0,0.0367,0.129,0.867,0.109,0.175,122.006,4,minimal-techno,0.25928371848145176,0,0
2DMFELtbHiWEwF0V906bKo,Dmitri Shostakovich;Byron Nelson High School Symphony Orchestra;Gary Keller,2021 Midwest Clinic: Byron Nelson High School Symphony Orchestra (Live),"24 Preludes, Op. 34: No. 14 in E-Flat Minor (Arr. L. Stokowski for Orchestra) [Live]",2,186400,False,0.168,0.0442,11,-18.784,1,0.0371,0.908,0.914,0.694,0.0384,74.591,4,classical,0.6853346273166442,1,2
53ALpqfDW4u0VgVNh6qcIP,Ada Falcón,Tus Besos Fueron Míos,Yo No Se Que Me Han Hecho Tus Ojos,19,208430,False,0.631,0.261,2,-8.626,0,0.173,0.992,9.29e-05,0.0976,0.623,86.945,3,tango,0.545708603020997,1,1
7w9YfF8mfQftxhm3JKcLlv,Johann Sebastian Bach;Berliner Philharmoniker;Herbert von Karajan,Classical Christmas,"Brandenburg Concerto No. 3 in G, BWV 1048: 1. (Allegro)",0,391560,False,0.513,0.296,7,-15.81,1,0.0496,0.99,0.803,0.158,0.804,84.367,4,german,0.5963287355678215,1,1
5BJSZocnCeSNeYMj3iVqM7,OneRepublic,Native,Love Runs Out,65,224226,False,0.719,0.935,7,-3.752,1,0.0589,0.167,0.0,0.0973,0.738,120.022,4,piano,0.11279230232852532,0,0
70BWIfaEgeZB0MJkUQmDqU,Nusrat Fateh Ali Khan,Sanu Ek Pal Chain,Yeh Jo Halka Halka Suroor Hai,46,438517,False,0.333,0.681,1,-7.894,1,0.0694,0.376,7.91e-06,0.157,0.43,76.551,4,folk,0.29934274244084136,0,0
4Svpc4QRvDW0J34AE30S9c,Ben Platt,Sing To Me Instead,In Case You Don't Live Forever,58,228960,False,0.529,0.307,9,-8.24,1,0.0335,0.851,0.0,0.104,0.439,139.785,4,show-tunes,0.45887989155035963,1,1
0AVu4pgsaLgHLrfARrtitT,Disgorge,Consume the Forsaken,Perverse Manifestation,13,267560,False,0.345,0.995,2,-6.741,1,0.127,0.000491,0.928,0.288,0.0696,126.84,4,grindcore,0.3113452460480123,0,0
2ujA6F1cpk3m8lsPE5aKua,EXO,THE WAR - The 4th Album,The Eve,66,176026,False,0.636,0.702,0,-5.352,0,0.0334,0.0223,0.0,0.293,0.516,135.104,4,k-pop,0.24605150073890938,0,0
7pdODLWQQcPNKeNdD94bC4,fenekot,Slowed + Reverb,Habits (Stay High) (Slowed + Reverb),56,144000,False,0.703,0.284,8,-12.47,1,0.0787,0.885,0.000997,0.111,0.0979,91.824,4,chill,0.41238984480297697,0,1
7y0KCFFSd4s84LcqKWO5Q7,Batuflex,Okkey EP,Yavrum,42,191538,True,0.843,0.435,4,-14.406,0,0.137,0.0599,3.94e-06,0.0645,0.147,113.233,5,turkish,0.23053308058055738,0,0
3CrLoLfSwNqZGbSDupVUdu,CHiCO with HoneyWorks,世界はiに満ちている,プライド革命,55,235586,False,0.328,0.937,1,-2.249,0,0.36,0.00528,5.73e-05,0.365,0.514,184.696,4,j-rock,0.34792808032108075,0,0
3tTstc3Hxf38kS7UNHKRZk,Reekado Banks;KiDi,Piano Boards w Y2J (DJ Mix),Ozumba Mbadiwe (Remix) (Mixed),0,113011,False,0.787,0.749,8,-10.028,1,0.0579,0.448,0.00147,0.146,0.737,112.949,4,dancehall,0.29141002635369806,0,0
0ufcuftmmSD0iWt75nn9Oy,Siouxsie and the Banshees,Anthems for Witches 2022,Halloween,0,221466,False,0.223,0.91,7,-7.097,1,0.08,0.0116,0.000518,0.212,0.364,171.75,4,punk,0.4893066558877584,1,1
0M955bMOoilikPXwKLYpoi,Three Days Grace,Three Days Grace,I Hate Everything About You,74,231480,False,0.498,0.83,6,-5.157,0,0.0421,0.00461,0.0,0.139,0.453,89.342,4,metal,0.2557792940339187,0,0
7HE4tA6dhVgZoNGJuiaVjc,Shiritsu Ebisu Chugaku,でかどんでん,響,20,280466,False,0.53,0.94,4,-3.873,1,0.0445,0.0168,2.31e-05,0.128,0.582,135.001,4,j-idol,0.2673398197441944,0,0
0qJyBqYvqtVbPWtsDY3RYe,Morgan Evans;Kelsea Ballerini,Easy Country,Dance with Me,0,199501,False,0.611,0.519,1,-9.854,1,0.035,0.481,4.82e-06,0.107,0.462,147.979,4,country,0.3808453855122995,0,1
6XCPQygbj33s7OUxlbo6bX,Tristan Prettyman,Back to Home,Who We Are,48,259877,False,0.521,0.507,7,-7.007,1,0.0319,0.0162,4.43e-05,0.148,0.153,108.168,4,acoustic,0.4258051466608836,0,1
1RyqyDFFz4pInsbaNvyIXr,sagun;Shiloh Dynasty,I'm Drunk And Confused,I'm Drunk And Confused,54,156000,False,0.706,0.21,1,-21.867,0,0.0604,0.737,0.817,0.0938,0.246,139.888,4,sad,0.3894805903986134,0,1
52ZWNeOEBXdrVb2Im3Anht,Kina;Galvanic;Silent Child,6 ft deep (feat. Galvanic & Silent Child),6 ft deep (feat. Galvanic & Silent Child),48,196000,False,0.515,0.53,10,-8.767,1,0.0444,0.197,0.00012,0.108,0.0764,120.474,4,sad,0.35418316076944933,0,1
7CHuc0KVjrKeKbEHWErN5F,Franz Schubert;Harriet Krijgh;Magda Amara,The Best Classical Playlist,"Am Tage aller Seelen, D. 343, ‘Litanei auf das Fest aller Seelen’",0,228920,False,0.169,0.0413,3,-27.419,1,0.0474,0.994,0.958,0.12,0.0431,90.832,3,classical,0.648840377082098,1,2
0x9etknOh8k5RA1NXAxjx4,Beenie Man;Wyclef Jean,Art And Life,Love Me Now,24,318531,False,0.678,0.884,1,-5.032,1,0.101,5.21e-05,1.14e-05,0.143,0.458,99.761,4,j-dance,0.24983619807595814,0,0
1964zxkJByManoIYrUkSHU,Tihuana,Nova Bis - Tihuana,Tropa De Elite,39,194773,False,0.716,0.881,2,-5.879,1,0.0935,0.0434,0.0,0.0383,0.962,144.324,4,punk-rock,0.2657229694622455,0,0
01K42inuuCqOB731ugiQAd,Bent,Magic Love (Remixes),Magic Love - Radio Edit,50,202333,False,0.689,0.874,9,-5.275,0,0.0464,0.0816,0.129,0.272,0.961,121.019,4,trip-hop,0.19974255453385534,0,0
7HjTSwnmkm6Q93H6MlTLB5,Anuradha Paudwal;Udit Narayan,Beta,Koyal Si Teri Boli,45,338840,False,0.687,0.45,0,-10.871,0,0.128,0.799,1.37e-05,0.411,0.934,76.17,4,k-pop,0.44635616009489476,0,1
3IPpVTudk50Hj4VThfdzBP,Sia,Merry Christmas,Snowman,3,165906,False,0.716,0.511,1,-6.257,1,0.0332,0.483,0.0,0.0928,0.324,104.964,3,dance,0.4003829437863611,0,1
60zrtIrmto8FwhRQycVPpj,The Laurie Berkner Band,Halloween y diversión para peques,Monster Boogie,0,81035,False,0.751,0.379,2,-3.406,1,0.123,0.698,0.0,0.0464,0.801,109.521,4,children,0.4361206170987506,0,1
7k11Ii2cGblg42H4iUZFEv,Louie Vega;Monique Bingham,Louie Vega Starring...XXVIII,Elevator (Going Up) - Album Mix,27,305813,False,0.797,0.673,0,-7.691,1,0.0745,0.175,0.00617,0.132,0.429,122.991,4,deep-house,0.15290348872458193,0,0
22Kc7PGXrqmTZLVJoAJGeK,U.D.O.,Game Over,Metal Damnation,20,241893,False,0.437,0.885,7,-6.89,1,0.0377,3.71e-05,0.00795,0.137,0.443,163.0,4,heavy-metal,0.2961930117256793,0,0
5hZBHcHpsxd4FOdL3mZQg4,Imperialist,Zenith,Parallax Descends,21,377000,False,0.121,0.955,9,-6.765,1,0.0633,0.0,0.87,0.109,0.0518,129.974,4,black-metal,0.4406000926805186,0,1
2yELyv2CC3C3p7Vs13pxfl,Mame Khan,Rajasthan Express (Desert Rose),Rajasthan Express - Desert Rose,14,458666,False,0.538,0.79,11,-7.243,1,0.0718,0.178,0.0,0.29,0.803,89.94,4,folk,0.3208495856869056,0,0
0UA2BRk8pQaHUUnl45aFN0,GAYLE,a study of the human experience volume two,god has a sense of humor,36,170771,False,0.494,0.45,2,-8.072,1,0.0687,0.622,0.0,0.242,0.368,65.252,4,alternative,0.5598435701508482,1,1
1r3PWB1ZzxrPsIj2DNoa10,Five Finger Death Punch,Welcome To The Circus,Welcome To The Circus,63,256741,True,0.489,0.987,11,-4.57,0,0.0806,7.62e-05,0.0,0.788,0.297,139.982,4,groove,0.27351952288444786,0,0
3qcf5Us0CCKW4XPjIUx1Pr,benny blanco;6 Dogs,Best Road Trip Pop Tunes,Lost,0,207331,True,0.497,0.353,7,-9.641,1,0.108,0.125,0.0,0.0785,0.169,143.916,4,electro,0.40051761818220294,0,1
6hmhG1b4LEyNuashVvuIAo,Zara Larsson;MNEK,So Good,Never Forget You,74,213427,False,0.583,0.732,11,-5.728,0,0.0457,0.00312,9.86e-06,0.269,0.276,145.992,4,swedish,0.23202337486239646,0,0
4hTR9VCNCQ8rUnpd3yqXam,Cameron's Bedtime Classics,Lullabies and Nursery Rhymes,Three Caws - Original Mix,21,65866,False,0.377,0.0562,7,-16.777,1,0.0341,0.967,0.934,0.141,0.445,79.524,4,disney,0.6163852982386053,1,2
5TLRLxk9xCOnSeDQnhHKl2,David Lanz,Cristofori's Dream,Free Fall - Remastered,23,264573,False,0.721,0.363,5,-11.557,0,0.0341,0.699,0.905,0.107,0.647,130.565,4,new-age,0.25326491792221084,0,0
27Ka4Xkh1qDS7NwHn9wT5s,Oingo Boingo,Pop & Halloween,Dead Man's Party,1,378733,False,0.567,0.92,1,-5.669,1,0.0483,0.468,4.04e-05,0.28,0.9,161.004,4,synth-pop,0.4505093324925756,1,1
2xeXLuW9d7i0QSdr7GDuQn,Kenny Larkin;Ben Klock,Glob - Remixes,Glob - Ben Klock Remix 1,8,404720,False,0.854,0.667,10,-12.485,0,0.118,0.00798,0.937,0.0584,0.552,125.008,4,detroit-techno,0.15280107650473845,0,0
5ekNKqNTF8reaoGIzT2J5j,Dominik Eulberg;Essáy,Dream Machine,Dream Machine,47,507417,False,0.747,0.668,7,-8.844,0,0.0505,0.314,0.934,0.0522,0.679,123.006,4,minimal-techno,0.2747497181976628,0,0
61p3ncr6aD14pvJjdmRBaG,Mimi Maura,Raices de Pasión,Yo no lloro más,40,188320,False,0.769,0.743,0,-4.808,1,0.0445,0.128,0.0,0.17,0.961,133.931,4,ska,0.21723817312049534,0,0
6o0hAjoZw1t2tWYlNa6SFd,Nil Sagar;Archana Padhi,Gelehi,Gelehi,35,280295,False,0.401,0.989,11,-2.953,1,0.448,0.136,0.0,0.088,0.533,79.133,4,samba,0.3748592766591672,0,1
5UPS0CrcHpwgmKXQDANC8b,音樂磁場,音樂磁場17-台語經典名曲,茫茫到深更,23,256466,False,0.54,0.387,0,-10.584,1,0.0278,0.588,7.45e-05,0.105,0.189,135.966,4,mandopop,0.42762487656216525,0,1
5Op3wFn328uL17aJUIGJx3,Fiji Blue,Space Makes Me Sad,Space Makes Me Sad,57,136419,False,0.557,0.429,6,-10.266,1,0.189,0.387,0.000478,0.192,0.596,90.574,4,chill,0.3858853191127116,0,1
7wMq5n8mYSKlQIGECKUgTX,The Script;will.i.am,#3 Deluxe Version,Hall of Fame (feat. will.i.am),80,202533,False,0.421,0.873,10,-4.343,1,0.0564,0.0654,0.0,0.123,0.629,84.786,4,rock,0.22815492213984237,0,0
7oqZVbE2W4MCoMS34PPDr3,DJ Icey,LDN Selection,Stingray,12,251520,False,0.778,0.932,6,-3.823,1,0.0431,0.000543,0.665,0.093,0.468,124.976,4,breakbeat,0.2306912177596904,0,0
4jw37be7lRkmbZ9p6ENGD9,Håkan Hellström,Känn ingen sorg för mig Göteborg,Jag var bara inte gjord för dessa dar,33,263933,False,0.356,0.935,2,-5.864,0,0.101,0.00023,2.1e-05,0.214,0.512,88.711,4,goth,0.27351307591901625,0,0
4oxn7x9fGHMosnD8LLr7dg,Flower,THIS IS Flower THIS IS BEST,Blue Sky Blue(version2016),25,248640,False,0.531,0.911,0,-3.093,1,0.0472,0.156,0.0,0.415,0.559,159.969,4,j-idol,0.29282183222839503,0,0
39uLYYZytVUwcjgeYLI409,Joe Hisaishi,FREEDOM PIANO STORIES 4,Merry-Go-Round of Life - from 'Howl's Moving Castle',68,311106,False,0.239,0.287,7,-12.565,0,0.0388,0.876,0.644,0.122,0.185,71.608,3,classical,0.5432227280828791,1,1
5DH1vidFEjKOWjpwEoI8CS,Juhani Ahonen,Crevice,Crevice,59,159913,False,0.165,0.0386,4,-30.602,0,0.04,0.904,0.869,0.107,0.0451,81.498,4,sleep,0.637327501899012,1,2
1QnL8wCk7xyZH3x6KCG2pG,Alice Russell,To Dust (Bonus Track Edition),Citizens,21,167400,False,0.883,0.277,7,-9.518,0,0.0606,0.811,0.00015,0.0808,0.628,94.998,4,trip-hop,0.41299334852292824,0,1
5Z6zD6DZbzb9XcQMO99hwg,Yasume,Where We're From The Birds Sing A Pretty Song,Rengoku (Condensed),8,379746,False,0.623,0.696,4,-8.837,0,0.0561,0.00157,0.628,0.341,0.138,101.98,4,idm,0.3629212877901939,0,1
0crd93NUzNm59mYTXPZSGU,Wormrot,Abuse,Scum Infestation and Last Song,11,136466,False,0.165,0.997,9,-1.8,0,0.236,0.00222,0.857,0.222,0.0383,95.92,4,grindcore,0.3420696348442284,0,0
78v8ad1iLTlfLbam4qvzNu,Vicetone;Daisy Guttridge,Waiting,Waiting,63,205714,False,0.651,0.7,1,-4.264,0,0.0318,0.352,0.0,0.061,0.214,104.964,4,edm,0.37079951916785875,0,1
5S5L53t8PhVaGDy6ds9D9K,Virginia Lopez,Lo Mejor De Lo Mejor De Virginia Lopez,Cariñito Azucarado,34,154960,False,0.571,0.831,0,-7.647,1,0.0605,0.759,0.0,0.415,0.884,133.016,4,rock-n-roll,0.3784483540604926,0,1
5KAPpvtyJGNSmCffDHDrWV,Napalm Death,Death By Manipulation,Siege Of Power,14,213066,False,0.326,0.879,3,-14.048,1,0.0671,6.19e-06,0.732,0.223,0.304,136.633,4,grindcore,0.30698704117503495,0,0
3MrfPG6AI0KagNOvRSFvfQ,ONYVAA,Lost Angeles EP,Lucid,30,364272,False,0.664,0.906,9,-8.509,0,0.0737,0.000366,0.902,0.126,0.0765,138.017,4,detroit-techno,0.23747442482145115,0,0
6FRwDxXsvSasw0y2eDArsz,Cream,Disraeli Gears,Sunshine Of Your Love,60,250000,False,0.684,0.481,2,-12.59,1,0.0384,0.475,6.57e-05,0.118,0.784,115.078,4,psych-rock,0.3160824454537564,0,0
1kc3sMH4EMcVSmVKWpAVfk,George Jones,The Essential George Jones,We Can Make It,12,124693,False,0.659,0.305,2,-14.039,1,0.0269,0.584,0.000824,0.106,0.586,88.479,4,honky-tonk,0.43704078510276473,0,1
4l9rJRwlaMnPYD5DJtIIFo,Elvis Presley,Elvis 30 #1 Hits (Expanded Edition),Hound Dog,63,133293,False,0.343,0.884,5,-4.123,0,0.128,0.623,0.000623,0.497,0.94,177.751,4,rockabilly,0.3865705485426499,0,1
55nMnifaQWKe3f9cbwOXwx,Martin Garrix;Macklemore;Fall Out Boy;Tiësto,Summer Days (feat. Macklemore & Patrick Stump of Fall Out Boy) [Remixes],Summer Days (feat. Macklemore & Patrick Stump of Fall Out Boy) - Tiësto Remix,53,255238,False,0.69,0.78,5,-4.446,0,0.0594,0.00733,0.00183,0.0729,0.238,126.07,4,progressive-house,0.15961619527202356,0,0
3HHNr1SGtwGG6XKHkvHVJb,Clean Bandit;A7S,Hit After Hit,Everything but You,0,198014,False,0.679,0.764,6,-5.301,1,0.0391,0.031,9.05e-06,0.0951,0.471,124.977,4,edm,0.2506467032697353,0,0
2oEXzg6PzHXQ3Mt6Ar4fYt,Sister Sadie,Sister Sadie,Unholy Water,27,204826,False,0.461,0.575,0,-7.044,1,0.0302,0.754,0.0434,0.315,0.614,175.763,4,bluegrass,0.5465899267073671,1,1
21UOaXTxPAFsJoASQiKmLL,Versos Que Compomos Na Estrada;Eu Me Chamo Antônio;Gero Camilo,Eu Me Chamo Antônio,Eu Me Chamo Antônio,39,176120,False,0.42,0.174,2,-15.309,0,0.137,0.9,0.0,0.376,0.135,172.358,3,mpb,0.6363031340628775,1,2
7f3j7yWJzWlgrIHX6H4RPB,Adam Johnson,Chigliak,Kriegspiel,8,235293,False,0.624,0.759,2,-8.262,1,0.0398,0.000746,0.477,0.109,0.293,112.047,4,idm,0.2507783966602579,0,0
6IbWvyiCCC9uEHiW1vnpfR,Plácido Domingo,From My Latin Diary,"Nosotros, Contigo, Sin Tí - Medley",20,345813,False,0.307,0.401,1,-10.693,1,0.0317,0.822,2.08e-05,0.16,0.197,91.131,3,opera,0.5307315563518028,1,1
1ZitTmSr7Qj4M6LPHnxI5c,Four Tops,Classic Christmas Music 2022,Little Drummer Boy,0,465573,False,0.715,0.782,1,-7.787,1,0.0391,0.0418,0.0228,0.233,0.623,120.068,4,soul,0.2779521861409099,0,0
5C1Afe1ABbNGuaIR7ImmF6,Nikolay Kopylov,Golden Hits Of The Ancient Russian Romance Vol. 1,Only Once,0,186693,False,0.509,0.261,4,-8.962,0,0.0513,0.977,0.00285,0.109,0.173,133.327,4,romance,0.5075142125595149,1,1
5yGnN8BXOtV5t5lTiq9EAK,Julio Sosa,Grandes Éxitos De,Tiempos Viejos,22,139920,False,0.627,0.374,0,-13.446,0,0.0738,0.99,0.906,0.135,0.688,129.503,4,tango,0.4829543303463379,1,1
5fTJGZ6k0zokfh5KLfe0sm,JJ Heller,Missing Peace,Missing Peace,52,238733,False,0.572,0.317,0,-9.108,1,0.0241,0.705,0.00385,0.528,0.38,78.009,4,acoustic,0.49151136868820816,1,1
4JLcAU2xY90qTkTSNM1lUa,Nancy Sinatra,How Does That Grab You?,Bang Bang (My Baby Shot Me Down),66,162446,False,0.433,0.174,5,-18.791,0,0.0537,0.982,0.101,0.111,0.366,95.802,4,folk,0.5294273078320333,1,1
1ntxpzIUbSsizvuAy6lTYY,Jimi Hendrix,Electric Ladyland,Crosstown Traffic,63,146573,False,0.486,0.963,0,-5.586,0,0.129,0.248,2.39e-06,0.158,0.533,113.133,4,blues,0.2720675277483183,0,0
4XYeqPS3f221BsY4rdrS9R,Sam Smith,Autumn Vibes 2022,I'm Not The Only One,0,239426,False,0.684,0.487,5,-5.887,1,0.0367,0.495,4.57e-06,0.0821,0.456,81.997,4,dance,0.4572423375466323,1,1
68liqwYAr7W5EtDaHgCi9N,La Adictiva,Eso Es La Riqueza,Solo Vete Por Favor,44,229240,False,0.687,0.327,10,-7.459,1,0.039,0.516,0.0,0.0908,0.793,80.019,4,r-n-b,0.3667100437746694,0,1
7cs7MLtAWvsdf3w5kBvfK2,Cigarettes After Sex,EP I.,Nothing's Gonna Hurt You Baby,72,286293,False,0.508,0.33,4,-14.071,1,0.0265,0.259,0.154,0.114,0.101,96.818,4,ambient,0.39549134130356195,0,1
25ugoarRZ6IaZegrjNxGOx,The Wailers,Burnin' (Deluxe Edition),"Get Up, Stand Up",61,197666,False,0.765,0.555,10,-7.579,0,0.374,0.409,2.04e-06,0.073,0.828,77.848,4,dub,0.2664364905265621,0,0
2SoGd5sYeLswARIBv3eb9t,Jaska Mäkynen,Elämän tie,Yötuulen viesti,25,231466,False,0.509,0.511,0,-10.719,0,0.0293,0.626,8.46e-06,0.365,0.799,109.959,4,tango,0.46651062941790045,1,1
00yByCY0mau0KEuRcMg3UQ,Patrizio Buanne,The Italian,A Man Without Love,50,204640,False,0.554,0.648,1,-5.35,1,0.0297,0.666,0.0,0.105,0.413,110.172,4,opera,0.3267183127870196,0,0
5fUPkBZLc8toCgcrKp5b4Q,Alexander Alar;Beat Inside,Warsaw,Warsaw - Original Mix,29,299992,False,0.699,0.964,5,-4.223,1,0.035,0.001,0.771,0.187,0.404,122.007,4,techno,0.22769488009917208,0,0
1r27kdNMQjfbTuoS61BSYX,Jägermeister DJ Alex;Matty Valentino,Ballermann Einhorn - Mallorca Schlager Hits 2017 für deine Party,Auffe aufn Berg,26,231424,False,0.637,0.974,8,-3.238,1,0.244,0.135,0.0,0.0929,0.588,140.113,4,party,0.23608268999084067,0,0
4aYMKMpoKrFBgo3TTIYT2Z,Payung Teduh;Orkes Panawijen,Diam,Diam,44,247000,False,0.73,0.396,0,-7.382,1,0.0277,0.657,0.000447,0.297,0.681,89.98,4,folk,0.3747087889289885,0,1
44AyOl4qVkzS48vBsbNXaC,Elvis Presley,Blue Hawaii,Can't Help Falling in Love,80,182360,False,0.396,0.293,2,-14.062,1,0.0275,0.941,0.000196,0.105,0.343,100.307,3,rock-n-roll,0.5464197282748806,1,1
3ZUSaB3FsuMjL2tKd2FAY0,Adolescent's Orquesta,Persona Ideal,Mi Error,35,244506,False,0.542,0.632,0,-6.544,1,0.056,0.485,0.0,0.0705,0.804,142.795,4,salsa,0.42090638672732045,0,1
5lEF7iaGgwJ6Fpcq0XDq7B,Crazibiza;House of Prayers,"Amsterdam After Disco, Vol. 5",Let's Dance ( Pump It up ) - Original Mix,0,345365,False,0.826,0.932,7,-4.057,1,0.0692,0.00328,0.66,0.0306,0.443,122.989,4,disco,0.19863979678034818,0,0
7iraBslVEX9wlVVwmsg4m7,Phil Wickham,Hymn of Heaven,God of Revival,36,320146,False,0.432,0.701,1,-6.181,1,0.0474,0.0202,0.0,0.151,0.169,144.074,4,world-music,0.3025043221178701,0,0
52dSmFbsNc0viVgfXaoRLk,Boehm,Otherside,Otherside,38,149759,False,0.771,0.674,9,-5.821,0,0.0468,0.0995,1.47e-06,0.113,0.138,124.902,4,deep-house,0.2573775360751779,0,0
53GLKp1wq2wu2nZe8BSeVq,Amado Batista,Sementes de Amor,Serenata,49,164000,False,0.755,0.784,7,-5.899,1,0.0319,0.26,0.0,0.284,0.491,121.393,4,sertanejo,0.2489677318987922,0,0
2tofXDrli8EbbsM7bZflXq,BOØWY,PSYCHOPATH,PSYCHOPATH,26,285093,False,0.792,0.818,5,-5.783,1,0.0406,0.00787,0.014,0.0716,0.742,128.543,4,rockabilly,0.16505703527925086,0,0
5JEyr135t1qMJioNg7fy5s,Edvard Grieg;Dietrich Fischer-Dieskau;Hartmut Höll,October Classical Playlist,"Fem digte, Op. 26: No. 5, Herbststimmung",0,93000,False,0.357,0.0147,5,-22.524,0,0.0479,0.985,0.000447,0.0584,0.11,107.869,1,classical,0.6814118064592593,1,2
5eq83Qv4nFwht3tL3UCKdK,Andy Hendrickson,Dry Bar Comedy Presents: Left Field,New York to LA,22,166416,False,0.443,0.521,10,-16.134,1,0.935,0.664,0.0,0.903,0.344,80.363,1,comedy,0.5870895954973108,1,1
3wtXp02KWZCqsZGWRZxNM6,Kevin Roldan,Perreo en Halloween,PPP,1,129332,False,0.798,0.625,4,-6.83,1,0.13,0.383,3.33e-05,0.125,0.774,92.994,4,reggae,0.40919174175578055,0,1
6eE0f2XF699L6EtRnRMBJD,Dabin;Mokita,Drown,Drown,40,258678,False,0.368,0.754,1,-5.185,1,0.0502,0.00928,0.0,0.256,0.281,169.881,4,dubstep,0.33184845216411113,0,0
7ahLXEQsn8588vLthwT4ud,CA7RIEL,LIVRE,Vibra Alta,42,194666,False,0.739,0.726,11,-6.384,0,0.192,0.285,0.0,0.108,0.58,89.997,4,electronic,0.3274935389034017,0,0
1phGE4kjvUS3lOnIqGP2C4,Belchior,Belchior ou era uma vez um homem e seu tempo,Comentário a respeito de John,41,306021,False,0.462,0.638,7,-5.653,1,0.0271,0.248,1.26e-06,0.0697,0.482,145.271,4,samba,0.31303539589596885,0,0
1NhLJcFWLjrBax77kFft28,Las Pelotas,Máscaras de Sal,Capitán América,46,188000,False,0.617,0.789,11,-7.891,0,0.029,0.000185,0.000174,0.0909,0.934,125.006,4,alt-rock,0.19801920510940174,0,0
3ohxPqZyB74W6ZWFHJdTWk,JJ Lin;Stefanie Sun,Stay With You (英文版),Stay With You - 英文版,49,207760,False,0.308,0.302,7,-7.874,1,0.0343,0.86,0.0,0.121,0.425,170.841,5,mandopop,0.5165533314494412,1,1
0ttfJZcKq7E7NcIldlogbn,Marilyn Manson,Twisted Halloween Hits,The Beautiful People,0,222773,True,0.609,0.948,9,-4.938,1,0.113,0.00404,0.0978,0.042,0.786,144.037,4,metal,0.18160995147586118,0,0
2tld2PLZXQvA7Toq38txGT,Darren Styles;Dougal;Gammer,Party Don't Stop,Party Don't Stop,53,197647,False,0.555,0.954,5,-1.064,1,0.0849,0.000597,0.276,0.0292,0.4,169.956,4,techno,0.21936476731245047,0,0
5XyXczD7YpXm88M94lthms,Walkyria Santos;Taty Girl,Walkyria Santos Única 2 - Minha História,Primeiro Beijo,40,178588,False,0.485,0.939,0,-3.964,0,0.0887,0.483,0.0,0.867,0.666,97.531,4,forro,0.40180471540928137,0,1
3zxUdf7XmWpH6oddULwbwJ,DJ Snake;Selena Gomez,Revelación - EP,Selfish Love (with Selena Gomez),55,168648,False,0.723,0.647,5,-7.975,0,0.103,0.02,0.331,0.1,0.456,110.963,4,edm,0.27612991207884047,0,0
3m2FNr5FlOyf94Slpae7vy,Lulu Santos,O Último Romântico,O último romântico,45,252306,False,0.716,0.494,4,-14.118,1,0.0288,0.62,1.28e-05,0.303,0.805,129.864,4,brazil,0.41047745175297706,0,1
75TwXjTXXVOYVh0IeHYLVV,Soolamangalam Sisters,Arul Isai Thendral - Sulamangalam Sisters,Azhagellam Murugane,39,189120,False,0.524,0.636,0,-7.238,0,0.034,0.782,0.0535,0.0662,0.827,153.114,4,classical,0.4805706034116774,1,1
4Hvf9xIeJWp5p9FkJerQhN,Vijay Yesudas,Premam,Malare,58,316551,False,0.468,0.501,11,-10.841,1,0.03,0.752,1.21e-05,0.108,0.544,82.525,3,pop-film,0.3896823484054428,0,1
0PtcAocxleRXX4HCK9dblL,Gost,Behemoth,Behemoth,43,267090,False,0.551,0.982,8,-1.265,1,0.139,9.38e-06,0.877,0.19,0.175,128.966,4,club,0.1924359244792819,0,0
1FU5fnmyjmf2zEPmnMqWaI,Timothy Infinite,Pajamas,Unbuttoned,9,143750,False,0.751,0.606,4,-5.188,1,0.0537,0.534,0.0319,0.347,0.131,140.078,4,study,0.343034849966943,0,0
2dowoN9yWHcP9yuOSbVSBm,Whitefield Brothers,In The Raw,Sol Walk,18,211226,False,0.7,0.933,5,-4.084,1,0.0605,0.166,0.195,0.0501,0.863,115.711,4,afrobeat,0.2265651223186227,0,0
02JV4HqCdytDkfFwADgLeS,Vector Lovers,Electrospective,Stranger Smiled at Me,16,193761,False,0.702,0.744,4,-8.701,1,0.0335,0.258,0.898,0.117,0.115,109.012,4,idm,0.27123140875603136,0,0
6sCGgj59qkhjaH8FXeT0R9,Banda Magníficos,Ao Vivo,Verdadeiro Amor - Ao Vivo,51,181306,False,0.507,0.832,5,-7.707,1,0.0467,0.0149,7e-06,0.429,0.553,105.923,4,forro,0.2251752197478529,0,0
0HnbfIzOu6eLF8Kb1mT9Wl,WORMONO;Tejas R.H,Laaree Chootee,Laaree Chootee,66,130718,False,0.303,0.349,11,-15.52,1,0.208,0.758,0.000169,0.363,0.337,180.246,4,indian,0.5409334529332377,1,1
2kTz9GshE7oyjYsDaCWVEb,Ivete Sangalo,Dura Na Queda,Dura Na Queda,39,181993,False,0.619,0.802,11,-5.319,1,0.0974,0.438,0.0,0.32,0.93,196.104,4,samba,0.3389570484603662,0,0
6y5XDm2NuZCRhy4Bg0VBly,Mercyful Fate,In the Shadows,The Old Oak,25,534933,False,0.275,0.949,9,-7.404,1,0.0953,0.00139,0.013,0.304,0.421,75.841,4,death-metal,0.3116275243556986,0,0
5jWI1xNxABzDRFTnD2yp8L,Tina Charles,I Love To Love - The Best Of,I Love to Love,61,183693,False,0.677,0.703,9,-9.344,1,0.0344,0.143,6.96e-05,0.514,0.962,99.419,4,disco,0.24511650487473333,0,0
3Nku6gLNqnwUuq8GLkqyhW,Armin van Buuren;Vini Vici;Hilight Tribe,Great Spirit,Great Spirit,66,215773,False,0.592,0.911,9,-7.975,1,0.0659,0.00608,0.0123,0.223,0.211,103.517,3,progressive-house,0.22753272634125807,0,0
0zcEFOW4UllwSKslaU1Xq5,Andreas Vollenweider;Walter Keiser;Pedro Haldemann;Jon Otis,"Behind the Gardens, Behind the Wall, Under the Tree...",Lion and Sheep,26,174556,False,0.731,0.726,1,-6.629,1,0.033,0.824,0.69,0.23,0.63,138.619,1,new-age,0.2763926891589913,0,0
7zWMiyhsWULaasOszA2Ha7,Manim Vaqueiro;NATTAN,Não Acaba Não,Não Acaba Não,42,152256,False,0.711,0.873,0,-2.896,0,0.0458,0.419,0.0,0.347,0.886,156.073,4,forro,0.2811271878595664,0,0
6WcZ0Osxiz3ep4Zsdrrv0j,Nat King Cole,pov: you rock around the christmas tree,Deck The Halls,0,69000,False,0.635,0.393,9,-10.889,1,0.0394,0.652,0.0,0.0845,0.97,107.172,4,jazz,0.5021516877229537,1,1
6kYGUoIczys9WNpuQGBdoG,Urgehal,Goatcraft Torment,Selvmordssalme,16,360000,False,0.0679,0.917,9,-6.398,1,0.0686,1.51e-06,0.000689,0.211,0.194,184.386,4,black-metal,0.4949830685874767,1,1
5imShWWzwqfAJ9gXFpGAQh,John Mayer,Continuum,Waiting On the World to Change,73,201173,False,0.578,0.756,2,-5.82,1,0.115,0.157,0.000232,0.249,0.663,176.739,4,songwriter,0.12017127661813146,0,0
5JRcDiHOMtl30Bhm8glskp,SirensCeol,Stay,Stay,34,172965,False,0.607,0.799,9,-3.511,1,0.0418,0.0328,0.044,0.355,0.247,145.062,4,dubstep,0.25502027932624727,0,0
7bKWcP3ExUaYeRivBx5KR5,Vendredi;Son&Dad,Chill Out Covers - Chillout Covers - Chill Acoustic - Relaxing Songs - Calming Acoustic Songs,Crazy - (Acoustic Mix),28,169404,False,0.651,0.425,3,-6.002,1,0.0309,0.879,4.54e-06,0.156,0.302,104.819,4,acoustic,0.3089406678529214,0,0
0nlxkDzyZPBFxaFQqoNdYy,Håkan Hellström,2 steg från paradise (Deluxe Version),2 steg från paradise,39,347720,False,0.672,0.757,10,-6.471,1,0.162,0.147,0.0,0.339,0.712,141.96,4,goth,0.1721019060842114,0,0
1XDlBd1YCUkQOsoNhA3C5z,Serpentor,Legiones,Reinará el Caos,25,374026,False,0.224,0.995,0,-2.532,0,0.22,4.23e-05,0.00231,0.34,0.115,179.966,4,heavy-metal,0.327406846909408,0,0
2Rw0QiMu5Hx6UQn9tKRTiM,Cyclo;GARABATTO,Amor y Muerte,Se Que Has Cambiado,28,199500,False,0.764,0.651,10,-8.043,0,0.0813,0.407,0.0,0.199,0.475,139.987,4,spanish,0.30718889628891216,0,0
0aDTaI6pxKLiy0vcmHebZR,Todos Tus Muertos,Greatest Hits,Tu Alma Mía / Adelita,36,233266,False,0.546,0.464,9,-18.492,0,0.0638,0.00383,8.78e-06,0.224,0.731,116.327,4,hardcore,0.26159942957954174,0,0
1X4JzOvZWa5IwK8C0y6mJU,DJ Quest;Odissi,Wormhole EP,Wormhole - Original Mix,14,434912,False,0.638,0.892,4,-4.631,0,0.0616,0.00115,0.807,0.328,0.118,138.002,4,breakbeat,0.2076293384560087,0,0
2yI8GVtducONY2HERTqRFL,Planet Hemp,A Invasão do Sagaz Homem Fumaça,12 Com Dezoito,35,183800,False,0.424,0.875,11,-6.162,0,0.261,0.0028,0.0,0.603,0.641,112.727,4,hard-rock,0.40782921067691635,0,1
7cflqPPi3zWfLFRRBTWeh6,Jeremy Zucker;blackbear,idle,talk is overrated,65,189800,True,0.776,0.353,4,-8.317,0,0.0687,0.435,0.0,0.302,0.658,138.035,4,electro,0.3051092691511862,0,0
5lbHseygO9s4EqzBbH9Ytq,Tianastacia,Ta Na Boa,Seu Caminho,37,268933,False,0.448,0.736,9,-5.016,1,0.0523,0.0881,0.0,0.0621,0.75,85.073,4,punk-rock,0.19096048972787094,0,0
5m3GmwLuZSP00IzHdxsDIV,Andrés Calamaro,Música para casa,Cuarteles De Invierno,0,212440,False,0.488,0.627,9,-7.266,0,0.0295,0.429,0.000133,0.114,0.482,78.979,4,alt-rock,0.4205726598954251,0,1
3BdMyHoBSt1jzGGK6Rofph,Vybz Kartel,Kingston Story (Deluxe Edition),Beautiful Girl,21,218329,False,0.792,0.854,7,-6.17,1,0.105,0.116,4.02e-06,0.108,0.829,110.01,4,j-dance,0.17083369463560394,0,0
35FdyUxBYDgm1cXCNf23kc,The Baseballs,The Sun Sessions,Thinking Out Loud,23,253945,False,0.737,0.836,5,-8.039,0,0.0442,0.379,4.57e-06,0.305,0.853,105.994,4,rockabilly,0.29991505432178983,0,0
7CpbhqKUedOIrcvc94p60Y,Drowning Pool,Sinner,Bodies,75,201960,False,0.656,0.932,4,-3.405,0,0.0708,0.00347,0.00147,0.144,0.544,130.936,4,industrial,0.16230218093804366,0,0
1eWWdO6oIBdJT8SCXaYCYV,Marmi;Aitana,Tu Foto Del DNI,Tu Foto Del DNI,61,179653,False,0.488,0.922,10,-2.542,0,0.0978,0.0306,0.0,0.374,0.52,172.804,4,spanish,0.2225630155180902,0,0
3DS0g1tED3VSCayCFOwLE5,Fox Lake,Lady Luck,Bite. Chew. Swallow.,26,213846,True,0.417,0.929,6,-3.675,1,0.225,0.00711,0.0,0.658,0.402,86.059,4,metalcore,0.4052516076715382,0,1
6BDLcvvtyJD2vnXRDi1IjQ,Seven Lions;ILLENIUM;Said The Sky;HALIENE,Rush Over Me,Rush Over Me,55,259555,False,0.441,0.753,0,-4.074,1,0.044,0.0701,0.0,0.027,0.254,135.015,4,dubstep,0.2859968518859773,0,0
0qHnnTrylCi1qnzdd4gM1S,Nat King Cole,pov: you ride on santa's sleigh,Joy To The World - Remastered 1999,0,84986,False,0.553,0.337,10,-10.334,1,0.0303,0.818,0.0,0.113,0.664,102.213,4,jazz,0.5299626999039833,1,1
4maYtkkk0yegIvU6LrQM6e,Chris Tomlin,Always,History,39,199066,False,0.415,0.693,9,-4.664,1,0.0318,0.027,0.0,0.183,0.572,167.826,4,world-music,0.28317558067934684,0,0
6zKF4293k44ItKWJJgrhXv,Killswitch Engage,As Daylight Dies (Special Edition),My Curse,68,244773,False,0.197,0.956,10,-2.908,0,0.0663,7.61e-05,0.00992,0.261,0.209,177.018,3,metalcore,0.2801835218990212,0,0
1pdFdv8R6ezIAUUNkn785b,SEVENTEEN,SEVENTEEN 4th Album Repackage 'SECTOR 17',CHEERS,76,181466,False,0.74,0.848,2,-4.697,1,0.097,0.306,0.0,0.193,0.881,159.991,4,k-pop,0.18892369717647375,0,0
2ibTzucqBTofzEOp2sALeG,Raimundos,Acústico - Ao Vivo,Bonita - Ao Vivo | Acústico,36,167658,False,0.493,0.945,8,-2.837,1,0.0501,0.311,0.0,0.528,0.947,185.979,4,hard-rock,0.35415248122923143,0,1
7x56g3SKfKeE4XRg9MsTyi,Giuseppe Verdi;Carlo Rizzi;Edita Gruberova;London Symphony Orchestra;Neil Shicoff,40 Most Beautiful Arias,"Verdi: La traviata, Act 1: ""Un dì felice"" (Alfredo, Violetta, Gastone)",25,189239,False,0.324,0.149,5,-18.318,1,0.051,0.976,1.33e-05,0.136,0.154,95.073,3,opera,0.6591223863920966,1,2
5xMotDt8HMBgudGOP2QLj6,DEAD END,shambara,Embryo Burning,20,272718,False,0.409,0.984,0,-3.749,1,0.0914,0.00266,0.000375,0.188,0.355,148.905,4,heavy-metal,0.30904151634740673,0,0
71BJVUm9wse1WBFEGHIFsI,Tove Lo,Dirt Femme,2 Die 4,64,185875,False,0.816,0.8,10,-5.705,0,0.0738,0.028,7.38e-05,0.129,0.533,118.01,4,synth-pop,0.16363607716512324,0,0
5pNH860FWVxhNfzciJKN7w,Leila Bela,Angra Manyu,Incubus in the Night,0,79173,False,0.365,0.134,7,-38.409,1,0.59,0.871,0.126,0.118,0.175,142.34,5,iranian,0.6686070982295103,1,2
0TkquWzzuxcrwbCWlTrKYF,Neha Kakkar;Tanishk Bagchi;Lalit Sen,Yaad Piya Ki Aane Lagi,Yaad Piya Ki Aane Lagi,65,256678,False,0.858,0.833,5,-3.747,0,0.0471,0.375,0.0,0.112,0.693,107.977,4,pop-film,0.1904039322671733,0,0
3VwgtTh9D0CubY32jdhI5U,Crumb,Jinx,Cracking,59,111986,False,0.635,0.385,6,-11.621,1,0.0341,0.39,0.783,0.0993,0.117,121.951,4,psych-rock,0.28106229440573016,0,0
2AllsVsmrJkEwXPXwDBCQu,Eason Chan,Shall We Dance? Shall We Talk!,單車,57,211251,False,0.635,0.35,7,-10.591,1,0.0284,0.754,0.0,0.0743,0.307,130.067,4,cantopop,0.4940281396561788,1,1
01YvuEGemQFHwwyonFxIma,Coral Voice Soul;Raphael Dias,Não Demora,Não Demora,26,339440,False,0.392,0.78,7,-4.328,1,0.0526,0.15,0.0,0.262,0.466,81.952,3,groove,0.44239566849500406,0,1
2havWZsaPb3X4FkZkBNzVc,Sujatha,Mambazhakkalam (Original Motion Picture Soundtrack),Kandu Kandu,32,270333,False,0.656,0.642,9,-10.186,0,0.0722,0.483,1.36e-05,0.317,0.62,100.085,4,malay,0.4051955090313328,0,1
2BBzDicR8hMzSNwUqtdPV5,Dora The Explorer,Dora The Explorer,Bate Bate Chocolate,14,72666,False,0.816,0.429,7,-6.386,1,0.206,0.128,0.0,0.0479,0.971,80.285,4,kids,0.38397570450990615,0,1
2ggLxejiY4aIzf7FmZDTTj,Los Poetas De La Guitarra,Music Without Words - Guitarra Vol. 2,Cielo Rojo / Cruz De Olvido,22,170225,False,0.511,0.33,2,-7.122,1,0.0585,0.609,0.846,0.0982,0.259,196.045,4,guitar,0.49484010032727,1,1
6qrb4ganbSTzcDDOo1pzMT,Dev Negi,Kedarnath,Sweetheart,66,212195,False,0.768,0.806,8,-6.277,1,0.0517,0.376,1.65e-06,0.0787,0.925,123.039,4,pop,0.15272403367926607,0,0
5ynCNwoLOOHoJU4N40m97V,Padra,Nahs,Nahs,2,260000,False,0.486,0.978,8,-2.591,1,0.0934,0.0005,0.0,0.203,0.397,100.012,4,iranian,0.32690133943205296,0,0
0n30h31bEKiIHXXzPbkdqy,ILLENIUM,Take You Down,Take You Down,46,221294,False,0.285,0.694,11,-3.358,1,0.0482,0.511,0.000128,0.374,0.163,170.124,4,dubstep,0.5317114917193286,1,1
5qxxGClUqyGC7hRwqYUjKP,Blake Shelton,Holly Jolly Christmas,Jingle Bell Rock,0,123400,False,0.65,0.736,0,-5.222,1,0.0378,0.122,0.0,0.0998,0.595,129.941,4,country,0.3602847994452488,0,1
3drvdWPoajpH7BmXdMj5nl,Almklausi,Après Ski Megahits 2023,Wir machen mit bei der Rettung der Erde,0,190106,False,0.711,0.958,1,-1.95,1,0.0609,0.0799,0.0,0.361,0.816,139.984,4,party,0.28087778722397677,0,0
69K4Q0IBI85kwCbJYUQ7Qi,James Taylor,Christmas Country Songs 2022,Santa Claus Is Coming To Town,0,183253,False,0.696,0.343,7,-11.596,0,0.0376,0.707,0.000119,0.107,0.38,131.043,4,folk,0.3748156069439974,0,1
6ST2sndt6ieETDBzOSR063,Manolo Muñoz,Los Éxitos de Manolo Muñoz,El Rápido Speedy Gonzalez,40,156177,False,0.512,0.598,0,-5.868,1,0.0628,0.569,0.0,0.297,0.747,146.995,4,rock-n-roll,0.402462608795502,0,1
04pQck9yFXwkAQu2U5Sc9X,Crypton;Unproven,No Sleep,No Sleep,31,197853,False,0.604,0.966,1,-3.054,1,0.0557,0.0669,0.00137,0.437,0.145,102.471,4,hardcore,0.2132600784026636,0,0
1W5mifA8dmXAkeich4GPFK,one sonic society;Mike Weaver,Great Is Thy Faithfulness (Beginning to End) [feat. Mike Weaver] (feat. Mike Weaver),Great Is Thy Faithfulness (Beginning to End) [feat. Mike Weaver] (feat. Mike Weaver),45,250426,False,0.478,0.347,0,-7.43,1,0.0261,0.0672,0.0,0.0838,0.28,99.947,3,world-music,0.37912489292700124,0,1
072Hl1zCG3UMxc7JBeQk7r,Marshmello;Bastille,Happier (Slowed + Reverb),Happier - Slowed + Reverb,54,240531,False,0.57,0.778,0,-4.723,0,0.0384,0.179,1.36e-06,0.227,0.493,89.116,4,progressive-house,0.26259753908541045,0,0
1eqGYJJr2z2GXK1i0hD3BC,Pat Boone,Pat Boone's Greatest Hits (Reissue),Love Letters In The Sand - Single Version,55,134560,False,0.571,0.196,3,-13.216,1,0.0278,0.811,0.0,0.142,0.555,88.728,4,rock-n-roll,0.4641026808642851,1,1
4xhWOVLsr9VsMiaUH4aCrx,Benny,Cielo,Sutil dolor,29,203066,False,0.596,0.529,7,-8.958,1,0.0327,0.0276,0.00187,0.0811,0.535,144.954,4,spanish,0.2843035827873251,0,0
5xwYLXOvJZsLqkKa8d2job,Natalie Holt,Loki: Vol. 1 (Episodes 1-3) [Original Soundtrack],Catch Up,37,97911,False,0.308,0.478,7,-10.344,0,0.0323,0.445,0.307,0.257,0.0637,100.452,4,british,0.356023992293016,0,1
4WBuYFw26LcnSuScYQiVNH,Caju Pra Baixo,"Open Bar do Caju, Vol. 2 (Ao Vivo)",Amor de Fim de Noite / Morena da Cor do Pecado - Ao Vivo,45,281598,False,0.623,0.798,1,-5.027,1,0.126,0.673,0.0,0.0461,0.9,156.009,4,samba,0.2862147595511899,0,0
6stk4hvLIFGUP1YANwjb7O,José González;Solomun,Swing (Salomun Remix),Swing - Solomun Remix,18,246129,False,0.72,0.7,11,-9.867,0,0.0361,0.724,0.81,0.0979,0.861,120.998,4,goth,0.31935509024239433,0,0
21ZsVWzQ4egTyrGMcoOOGZ,Timothy Infinite,Fog,Lazy,24,138102,False,0.712,0.301,2,-9.028,0,0.0307,0.931,0.444,0.0802,0.167,84.937,4,study,0.45712879950868246,1,1
3rVBHSHxRTYTvSplO6CmZ0,Teflon Sega,RAIN,RAIN,55,228125,False,0.487,0.718,7,-4.066,0,0.0341,0.175,1.14e-06,0.097,0.187,96.024,3,soul,0.33008786640391324,0,0
3f9dNrQR4stx9CCfpqZVSf,Pritam;Arijit Singh;Amitabh Bhattacharya,Brahmastra (Original Motion Picture Soundtrack),Rasiya Reprise,60,285000,False,0.34,0.606,4,-8.517,1,0.0379,0.798,0.00205,0.0963,0.268,151.383,4,indian,0.5608689301563926,1,1
3yqoJ4rc45ep4M0iLa32rC,Dub Pistols;Deekline;Kleu,Ganja,Ganja - Deekline & Kleu Remix,19,270171,False,0.79,0.973,1,0.082,1,0.147,0.03,1.92e-05,0.262,0.759,87.474,4,breakbeat,0.11049147741506361,0,0
0usNFsDDoVMYVE732zM3QI,Emiway Bantai,KR L$DA SIGN,KR L$DA SIGN,59,492160,True,0.709,0.716,2,-4.644,1,0.246,0.129,0.0,0.243,0.608,139.961,4,hip-hop,0.2522992564915057,0,0
5thguwgodQ1vEgOxESaksd,Gabriel Guedes de Almeida,Pra Sempre (Ao Vivo na Avenida Paulista),Pra Sempre - Ao Vivo na Avenida Paulista,41,536571,False,0.323,0.294,0,-13.657,1,0.035,0.786,0.0,0.118,0.193,122.005,4,gospel,0.5216158639420388,1,1
015ENhxZgNXSvzml1FJueG,O Surto,Todo Mundo Doido,Zaroia,37,237733,False,0.639,0.868,4,-2.974,0,0.0714,0.0648,0.0,0.169,0.708,137.037,4,punk,0.2836664563988996,0,0
64GsnetcIc9alVvgdBZss8,Lil' Ron Ron,Season 6 Theme Song,Season 6 Theme Song,11,90409,False,0.919,0.512,5,-9.73,0,0.237,0.388,0.00289,0.0472,0.903,127.46,4,kids,0.2978023481925951,0,0
7HoWiIdwg7A2vomrmGmW6N,Weston Estate,Saturday Nights,Saturday Nights,54,150805,False,0.573,0.747,0,-7.095,0,0.0761,0.695,1.05e-05,0.103,0.632,172.159,4,chill,0.4578005517232093,1,1
5CI4uc5U66KH9g4nklN2JO,Oxia,Domino Remixes,Domino - Rework Edit,50,222416,False,0.725,0.855,1,-9.101,0,0.0435,0.0017,0.921,0.076,0.123,126.034,4,techno,0.20409943949282955,0,0
78mxCo830QRTFaLDRSYcea,Oliver Wallace,Peter Pan (Original Motion Picture Soundtrack),The Boatswain's Song - Demo Recording,23,186773,False,0.688,0.325,0,-14.68,1,0.0462,0.981,0.65,0.725,0.812,102.145,4,disney,0.47347731098508683,1,1
49mrUgNUqZvCyDpcjO3XWb,The Marcels,Anthology: The Deluxe Collection (Remastered),Blue Moon - Remastered,35,133178,False,0.575,0.465,7,-8.745,1,0.0361,0.275,0.0,0.12,0.872,127.672,4,rockabilly,0.29668359926375254,0,0
0zxgHGktc814fwz84UpFLJ,Donny Hathaway,Slow Down Soul,I Love You More than You’ll Ever Know,0,320280,False,0.358,0.243,0,-14.29,0,0.0369,0.755,0.000157,0.113,0.22,138.983,5,soul,0.5853703104916914,1,1
65yTIStAjXN1YmUAleXv57,Joel Fletcher;Ivan Ooze,Flutech (feat. Ivan Ooze),Flutech (feat. Ivan Ooze),40,164769,False,0.856,0.854,5,-5.351,1,0.0815,0.13,0.0178,0.105,0.842,129.995,4,minimal-techno,0.1541753015272391,0,0
0sY09XYUgItQQbHAb6hLKV,Kayee Tam,"Lonely (劇集 ""特技人"" 插曲)","Lonely - 劇集 ""特技人"" 插曲",19,192678,False,0.521,0.363,8,-6.655,1,0.032,0.26,0.0,0.132,0.172,132.214,4,cantopop,0.35058082009478303,0,1
3yDaoyXrL0R5J7PCSHlxdR,A-Lusion;Scope DJ;Second Identity,A-lusion & Scope DJ present Second Identity,Live Without Existing - CD Version,19,275920,False,0.607,0.947,1,-6.687,1,0.0629,0.00093,0.31,0.267,0.196,151.358,4,hardstyle,0.2702139542160168,0,0
0tL0JB08d5De5zBko245Y8,Christian Peterson-Bergling,Midsommarnatt,Sommarvals,66,176557,False,0.352,0.0464,1,-27.631,1,0.0307,0.973,0.879,0.107,0.339,98.943,4,piano,0.5410145459257338,1,1
5pztwVl6brVgqYjYQ93us6,Seal,Soul,Stand by Me,60,242813,False,0.736,0.439,9,-6.436,1,0.0272,0.256,0.0,0.143,0.812,107.455,4,british,0.2562307472966661,0,0
33xvLHLR4T6FdGZ2Nvonww,Flema,25 Años,Más Feliz Que la Mierda,44,116106,False,0.4,0.742,0,-5.335,1,0.0453,0.000545,5.39e-05,0.101,0.366,99.299,4,metal,0.3136014846794174,0,0
4y1aOK2HGfM4e746hGd6Y5,Blake Rules;Netherfriends,Kids Trap 4,The Best Pizza I Ever Had,14,101818,False,0.933,0.361,9,-14.342,1,0.174,0.0163,2.23e-05,0.108,0.208,132.024,4,kids,0.20245749872962504,0,0
2IphqivUctqKvw8Ss59sA0,Gilberto Santa Rosa,Salsa Caliente,Conteo Regresivo,38,267684,False,0.787,0.684,8,-9.148,1,0.07,0.761,0.0,0.0709,0.962,163.948,4,salsa,0.3164134293185283,0,0
1nt1K4P3BWy3TJBGxU36eH,Tango Bardo,Del sur,Este es el Rey,16,159194,False,0.528,0.493,6,-7.262,0,0.0501,0.708,0.121,0.148,0.669,146.301,4,tango,0.48710645507844413,1,1
1vXNHt7Vj7U75R0qV2YrOu,Tiësto;Charli XCX,Pop Brandneu,Hot in It,1,129817,False,0.748,0.841,7,-5.08,1,0.177,0.00445,1.33e-06,0.0413,0.717,123.045,4,dance,0.22729430091637456,0,0
785YakNCrw6pE9KgZyPwWy,S3RL,Little Kandi Raver / Dealer / Le Rock,Little Kandi Raver - Original Mix,23,384000,False,0.515,0.956,0,-5.878,0,0.0802,0.0141,0.116,0.0558,0.468,174.962,4,happy,0.27280420438304737,0,0
0ZvfZo2cocQih6tamxniQF,Frankie Knuckles;Director's Cut;Kenny Summit;Eric Kupper;Yasmeen,The Director's Cut Collection,Loving You,16,408518,False,0.639,0.843,9,-5.857,0,0.0522,3.92e-05,0.0258,0.0519,0.584,124.001,4,chicago-house,0.25973576406150206,0,0
50umxdDbJnWo2ESmUk9w12,Joris Delacroix,Going Back,She,18,487559,False,0.804,0.621,0,-8.287,1,0.0444,0.00923,0.862,0.129,0.677,127.004,4,minimal-techno,0.21487576456574098,0,0
2Qcn7dFDzdRtmZ4KsF8e38,MC CH da Z.O;Bala da Tropa;Milly Explosão;DN do Recife,Na Onda do Skank (Ela É Mais Avançada),Na Onda do Skank (Ela É Mais Avançada),0,169064,True,0.879,0.757,9,-1.184,1,0.314,0.0926,0.0,0.0819,0.876,140.056,4,funk,0.18846680837234359,0,0
2LCvypYL9a21Hln4A4EdWU,Abdul Hannan,Haaray,Haaray,57,184000,False,0.716,0.29,9,-12.098,1,0.0332,0.634,7.3e-05,0.0987,0.281,90.019,4,indie,0.3494635229146497,0,0
2SdCOY17R8ba5lbpyBhRN4,Circulando De Fulo,Circulado,Meu Cenario,39,231133,False,0.645,0.698,10,-6.177,1,0.0433,0.238,0.0,0.0545,0.967,168.05,4,forro,0.3267016211556526,0,0
61k7xAKMsuvTf2j2YnieSi,Elektronomia,Sky High,Sky High,61,236254,False,0.592,0.956,0,-2.068,0,0.044,0.105,0.00289,0.344,0.193,128.084,4,edm,0.20648490558830193,0,0
05tQHifEgbVLavnO3GcuxN,Chino & Nacho,Halloween 2022 Pop Vol. 2,Niña Bonita - Remastered 2020,0,215960,False,0.666,0.921,9,-5.462,1,0.138,0.226,0.0,0.15,0.723,120.03,4,latino,0.2882118362490939,0,0
77l75UICfUZK5k0G7WRGqg,Tiago PZK;Myke Towers,Traductor,Traductor,80,222857,False,0.845,0.776,11,-3.098,0,0.0488,0.111,0.0321,0.0684,0.528,105.018,4,latino,0.06397393657257383,0,0
089n75HUWVpAYar5t2GwPn,Roshan Sebastian;Robin Sebastian,Siblings Unplugged,Raja Raja Cholan - Rettai Vaal Kuruvi - Tamil,68,106501,False,0.625,0.165,4,-14.581,1,0.0354,0.835,1.11e-06,0.105,0.419,94.744,4,indie,0.5826840297546828,1,1
7fZCViZ831HCOpI0DrtaEi,Vreid,Sólverv,Sólverv,20,361680,True,0.138,0.969,11,-3.603,0,0.134,3.48e-05,0.691,0.318,0.0465,175.725,4,black-metal,0.4900783202080675,1,1
6PprnktjmpGa84jSvxxr2o,Blue Highway,Marbletown,Nothing But A Whippoorwill,23,171906,False,0.617,0.605,5,-7.916,1,0.0299,0.494,0.02,0.0597,0.463,125.868,4,bluegrass,0.2636665621911455,0,0
2FGnMGgQ34MFVY23Ck2atR,Overseer,Superconductor EP,Hammerhead,38,444739,False,0.513,0.935,10,-8.141,0,0.0611,4.49e-05,0.834,0.0562,0.6,141.999,4,breakbeat,0.2881445422615603,0,0
5y2cZBC8Mq4TQp2I6Vo0ne,=LOVE,=LOVE,=LOVE,32,247826,False,0.429,0.959,10,-3.214,1,0.0905,0.037,0.000193,0.0474,0.651,158.031,4,j-idol,0.30012011699847935,0,0
6flEDs8jmQ47ZSFZru59Fz,NICO Touches the Walls,ニコ タッチズ ザ ウォールズ ノ ベスト,ニワカ雨ニモ負ケズ,58,261653,False,0.38,0.951,1,-2.92,1,0.147,0.00282,0.0,0.0536,0.664,186.127,4,j-pop,0.37436728727616386,0,1
3kSBSSsXtebECjCggW87yq,Vishal-Shekhar;Sukhwinder Singh;Shadab Faridi;Irshad Kamil,Sultan,Sultan,57,280137,False,0.669,0.866,2,-6.628,1,0.0499,0.0589,0.0,0.0463,0.288,119.992,4,pop-film,0.13621400538635403,0,0
27FOde2nUw0pFuj7hlPbaS,告五人,我肯定在幾百年前就說過愛你,愛人錯過,62,292074,False,0.549,0.923,1,-3.857,1,0.0393,0.0295,8.76e-05,0.14,0.498,140.045,4,mandopop,0.24716787784406652,0,0
0VgkVdmE4gld66l8iyGjgx,Future,FUTURE,Mask Off,83,204600,True,0.833,0.434,2,-8.795,1,0.431,0.0102,0.0219,0.165,0.281,150.062,4,hip-hop,0.3909729871268577,0,1
3UFZkGoRoqZD2gp0ayZlM7,Canção & Louvor,Profetizando Vida,Dependente,43,270791,False,0.647,0.459,2,-6.737,0,0.0331,0.586,0.0,0.19,0.201,135.824,4,gospel,0.33619769833864965,0,0
6LcDgsJUPj70eb0NONh5q6,BaianaSystem,Duas Cidades,Bala na Agulha,36,247000,False,0.688,0.864,10,-4.957,0,0.151,0.269,0.000172,0.0357,0.667,180.052,4,dub,0.20379042021733912,0,0
4bXoVtbp6fN8FaSQvGQB41,Chord Overstreet,Tree House Tapes,Tortured Soul,53,246613,False,0.55,0.499,4,-9.502,1,0.0338,0.472,2.26e-06,0.0798,0.144,86.966,1,acoustic,0.3897118812286772,0,1
3ZGT5qugV3L6AgB9DswiQp,Tyler Rich,Sad Country Songs,Trucks Don't Lie,2,209046,False,0.424,0.774,1,-4.35,1,0.0359,0.0573,8.54e-06,0.0854,0.346,76.888,4,country,0.45076492070743635,1,1
6sVs2XaexRTV07ZQaRIuud,Miranda!,Quiero Vivir a Tu Lado,Quiero Vivir a Tu Lado,40,195120,False,0.651,0.848,2,-4.843,1,0.0289,0.00963,2.15e-05,0.224,0.662,133.036,4,electronic,0.07692650787457153,0,0
54CNbsriybd0OWKBT0cnmN,Teenage Bottlerocket,Freak Out!,Maverick,23,138346,False,0.403,0.962,9,-3.726,1,0.0868,0.00158,0.0,0.301,0.664,186.911,4,power-pop,0.27450489856256544,0,0
1SOVqO9yC3UkHwFUpaPUyA,Allo Darlin',Capricornia,When You Were Mine,7,185866,False,0.516,0.833,9,-7.09,1,0.0331,0.0707,8.77e-06,0.258,0.802,92.863,4,club,0.2949711913209549,0,0
7aILdJdOoAHJtvlQftL6S1,Rick & Renner,Instante Mágico,Paixão de peão,45,230720,False,0.767,0.78,2,-5.347,1,0.0314,0.426,0.0,0.3,0.917,109.814,4,sertanejo,0.23466965054095806,0,0
453EQz0bEuyxisK9CYJp0O,Evil Activities;Korsakoff,Insurrection,Shadows,16,218666,False,0.333,0.985,6,-1.844,0,0.471,0.00447,0.0,0.241,0.0583,180.092,4,happy,0.37183750569682933,0,1
0UQMCQBLGn3pE3k7Ibo1J4,Hans Zimmer;Adam Lukas;James Everingham;AURORA,Frozen Planet II (Original Television Soundtrack),Frozen Peaks,26,104923,False,0.156,0.22,9,-15.341,0,0.0353,0.739,0.951,0.253,0.039,107.111,4,german,0.5265002396730034,1,1
1nwoHSKbhOF9hPX9JbGo1X,Eikichi Yazawa,KAVACH (50th Anniversary Remastered),レイニー・ウェイ - Remastered 2022,23,204653,False,0.571,0.456,9,-10.286,0,0.0363,0.139,2.66e-06,0.0566,0.421,119.229,4,rockabilly,0.27078812940309555,0,0
7ss73yV5efYHgm9bAQ98JM,Mudvayne,Mudvayne,Scream With Me,61,172586,False,0.262,0.867,8,-4.472,1,0.0481,0.00216,0.00173,0.0858,0.485,179.985,4,industrial,0.2725936722397317,0,0
1283dXnSZw4kGYGG7ozGij,Jim Florentine;Don Jamieson,Terrorizing Telemarketers 7,Fiance,23,1081982,False,0.698,0.814,5,-12.645,1,0.9,0.988,3.25e-06,0.736,0.157,131.549,4,comedy,0.613695630208874,1,2
0bVekIoRM4Z133jFzeykR2,Sebastian Yatra;Luis Figueroa;Lary Over,Queda poco para la PAES 2.0,Por Perro,0,245360,False,0.684,0.762,0,-5.147,1,0.0564,0.419,0.0,0.0759,0.905,172.015,4,reggae,0.4138955496874564,0,1
1ZEOIhSn6BKErV59bIgn76,The Mamas & The Papas,All The Leaves Are Brown The Golden Era Collection,California Dreamin',69,160373,False,0.548,0.728,1,-6.631,0,0.0367,0.424,0.0,0.0525,0.649,112.332,4,psych-rock,0.2402556711102639,0,0
2uHMTG5xr9Xk7MrXIWrVUH,Jolin Tsai,Ugly Beauty,玫瑰少年,54,191718,False,0.648,0.716,10,-6.657,0,0.0401,0.0577,2.16e-05,0.09,0.287,98.014,4,mandopop,0.1750222432337753,0,0
0abxz0H1AfOWtxD3OSstcX,Twinkle Twinkle Little Rock Star,Lullaby Versions of Ramones,Blitzkrieg Bop,29,212000,False,0.615,0.0679,9,-19.098,1,0.0608,0.987,0.887,0.0951,0.313,75.004,4,children,0.513111087398464,1,1
1fhkYbKPdQSd3Tb0MLTQ5Y,Kidsongs,Christmas Songs for Kids,Jingle Bells,45,100840,False,0.805,0.721,4,-4.766,1,0.0295,0.555,0.0,0.28,0.954,116.346,4,children,0.28652240441339155,0,0
41aKdU4Eqr2aYFbSPT6GeS,Donna Summer,70s Christmas Party,Hot Stuff - Single Version,0,314760,False,0.823,0.744,0,-13.98,1,0.0316,0.0055,0.033,0.0707,0.966,120.471,4,disco,0.3064292157775428,0,0
7vyNpyHgzn7GzeGQfGx6sa,Turma do Pagode;Thiago Brava,Atrasadinha / Notificação Preferida (Ao Vivo),Atrasadinha / Notificação Preferida - Ao Vivo,45,346758,False,0.56,0.67,7,-8.81,1,0.0746,0.597,0.0,0.36,0.589,87.139,4,sertanejo,0.44819798644857645,0,1
2kDuAIr3uJKloU1cnNO6KT,Paramore;Smash Mode,10's Dance Classics,Ain't It Fun - Smash Mode Remix,0,325312,False,0.68,0.884,1,-5.146,0,0.0501,0.000408,0.00304,0.0738,0.827,124.04,4,emo,0.2155725907445518,0,0
1ljlahg779GzFNN1yLUG6D,Alain Chamfort,Le désordre des choses,Les microsillons,22,235226,False,0.442,0.0909,9,-17.368,1,0.0327,0.888,0.00264,0.0983,0.23,136.74,4,synth-pop,0.5605953756108212,1,1
0CawrCDxkBgaR2ImcpQYMm,OAFF;Kayan,So Good,So Good,46,179085,False,0.767,0.431,8,-12.553,0,0.0754,0.436,0.0247,0.0812,0.473,149.936,4,indian,0.22307073671859912,0,0
1ey4hhMVl1Tv9MK1y44tS0,Tony Anderson,Ariana,Ariana,47,557634,False,0.513,0.185,6,-24.03,1,0.0348,0.967,0.897,0.101,0.0341,92.992,4,ambient,0.4909687510233053,1,1
6KIEfLIfSHGZBwlco6YCAK,Anthony Rapp,"You're a Good Man, Charlie Brown (New Broadway Cast Recording (1999))",The Kite,29,127400,False,0.562,0.366,8,-12.8,1,0.118,0.712,0.0,0.0899,0.366,74.573,4,show-tunes,0.4122847422656762,0,1
53c9YHuifgAWJoqgPOgPUn,Unleashed,Gods of Death Metal,Long Before Winter's Call,0,227616,False,0.37,0.993,7,-4.465,1,0.131,7.84e-05,0.00622,0.127,0.0398,103.052,4,black-metal,0.36676505814786714,0,1
4ve3FEyrdB3oNyT4Zwl7c7,Wolfgang Amadeus Mozart;Danielle Laval,Mozart: A Night of Classics,"6 Variations in F, K.54: 2. Variation I",24,51223,False,0.234,0.112,5,-28.132,1,0.0449,0.994,0.903,0.14,0.769,157.187,4,classical,0.6378934127805703,1,2
5b7vx5lmwVcoeeYXYYtYz9,Old Crow Medicine Show,Tennessee Pusher,Crazy Eyes,25,257613,False,0.628,0.447,2,-9.824,1,0.0266,0.485,5.65e-05,0.12,0.488,109.506,4,bluegrass,0.3746653288332682,0,1
4ijjMyIiRkedVXNF3cnyzZ,Albert Au,BTB- ALBERT AU...-區瑞強,漁火閃閃,20,211853,False,0.46,0.324,1,-15.704,1,0.0309,0.421,0.132,0.93,0.277,79.327,4,cantopop,0.5067296289653174,1,1
0noUgseAwk5ocHM4RyWcKg,Smyang Piano,"Piano Collection, Vol. 4",Airplane pt. 2,38,174576,False,0.347,0.114,0,-24.026,1,0.0437,0.992,0.955,0.171,0.103,139.646,4,piano,0.6132759127065914,1,2
6uQRw745OItLYC9eniUUeb,Cupid,Feel Good Music,Do It With Your Boots On (Zydeco Remix),28,405195,False,0.598,0.902,6,-3.537,0,0.0841,0.257,0.0,0.35,0.952,76.978,4,kids,0.26788476283276513,0,0
6udFBv3qe6LOh2LfgVmbcY,Arca,Arca,Piel,39,247553,False,0.169,0.167,7,-18.586,1,0.036,0.589,0.74,0.0902,0.0377,67.864,3,club,0.6054130589967579,1,2
2cEmWBBlCfR9wWrY9JmTyt,ZAYN,Icarus Falls,Let Me,68,185373,False,0.46,0.566,9,-5.637,1,0.0502,0.239,5.96e-06,0.0967,0.189,168.408,4,dance,0.3200838735956423,0,0
5rNZsITjXf23iFkRA924FV,BTS,Love Yourself 轉 'Tear',Intro: Singularity,68,196998,False,0.775,0.272,1,-9.126,0,0.091,0.56,0.00278,0.112,0.198,103.991,3,k-pop,0.2982353645591839,0,0
4CWlfW5P21CFB2X0dzvSTC,Micha von der Rampe,Partyanimal (DJ Robin Remix),Partyanimal,27,139159,False,0.814,0.74,0,-5.738,1,0.145,0.165,0.0,0.111,0.7,138.069,4,party,0.32856297805929513,0,0
4gagfSo6yKtWXDicu2oIcr,Popof,Brain On the Side,Do You Want Me,48,273293,False,0.781,0.528,7,-13.271,1,0.0425,0.169,0.84,0.113,0.267,129.978,4,minimal-techno,0.21547823102148583,0,0
7BjNYJIMFWUm775XArgtEb,Riber Oré,Soy del Perú,Recuerdos de Julcán,24,174213,False,0.58,0.357,9,-7.715,0,0.0957,0.856,0.834,0.121,0.337,133.474,4,guitar,0.4547164442927617,1,1
3xZ9lsSzF2Js5aByi2GmgD,Gerson Rufino,Vem Cear Comigo,Viver Sem Deus Não Da,40,224533,False,0.652,0.73,9,-4.669,1,0.0375,0.375,3.89e-06,0.463,0.468,188.327,4,gospel,0.27132826896428974,0,0
5BcyxCXrXuw4vsAqAiObWM,Leila Bela,Angra Manyu,Yes! No! I Mean Yes! No I Don't!,0,38333,False,0.0,0.572,8,-16.286,1,0.0,0.872,0.000175,0.119,0.0,0.0,0,iranian,0.6528269162944496,1,2
0JwtmsNI76noYakct1EhhN,Galantis,From The Ashes - New Beats,1x1,0,139435,False,0.887,0.863,2,-4.2,1,0.0697,0.0176,0.0594,0.288,0.517,120.028,4,house,0.21732728322998376,0,0
4v3Iyw1DP578eRpoQPpcv9,Lamb of God;Megadeth;Dave Mustaine,Wake up Dead (feat. Dave Mustaine),Wake up Dead (feat. Dave Mustaine),50,223413,False,0.225,0.937,0,-4.596,1,0.124,9.51e-05,0.163,0.119,0.351,161.195,4,groove,0.29570229666817377,0,0
0FoBLDicgJ05xqJX6Zn4JB,Aril Brikha,Deeparture in Time - Revisited,Bytes,7,448773,False,0.793,0.58,10,-12.653,0,0.0559,0.0111,0.911,0.107,0.325,133.022,4,detroit-techno,0.2310579893900995,0,0
3p4UTiSIIpP4LFn0KEyEOj,Eason Chan,Live For Today,十面埋伏,39,232119,False,0.559,0.474,0,-6.359,1,0.0287,0.231,0.0,0.105,0.399,138.031,4,mandopop,0.3298496990741139,0,0
1jYbC28GVYRNOrBltndpjl,Blondie,Atomic: The Very Best Of Blondie,Atomic,23,230160,False,0.527,0.82,4,-5.49,0,0.0338,0.00157,0.197,0.347,0.748,136.578,4,power-pop,0.26322845857629673,0,0
6qS2nl4bcj927dQGwMHKVh,Vladimir Troshin,Подмосковные вечера (Имена на все времена),Подмосковные вечера,26,275693,False,0.284,0.147,0,-17.561,0,0.0359,0.92,0.0215,0.105,0.259,121.137,4,romance,0.7165012653983233,1,2
63GJDO5mxiFP1ZQEpdUWRd,Polaris,The Mortal Coil,The Remedy,57,243913,False,0.356,0.995,4,-3.366,0,0.172,3.26e-06,0.000196,0.403,0.167,183.985,4,metalcore,0.2810810725278544,0,0
70tpfY2mt3i1aqTzhvljAN,Maya Kristalinskaya,Знакомая песенка. Дискотека СССР,"Еду я - Из к/ф ""Лушка""",5,140773,False,0.522,0.321,5,-11.632,0,0.138,0.936,0.0,0.0937,0.718,167.36,4,romance,0.5598654023908568,1,1
0uar1yIbMWNHmmAouH064O,Adalberto Álvarez y su Son,Para Bailar Casino,Deja La Mala Noche,29,314773,False,0.486,0.898,2,-6.411,0,0.0418,0.52,8.35e-05,0.292,0.96,96.103,4,salsa,0.2740133720218382,0,0
6NZYF81lXOvuSp52ArfGnU,Mikis Theodorakis;Francesco Diaz,"Chill Out Mood, Vol. 4",Lost In Phaedra,0,402000,False,0.344,0.2,10,-15.859,1,0.034,0.785,0.162,0.374,0.049,119.887,4,guitar,0.6346267507136216,1,2
1b876Botb2h1Mf5L37anDJ,Becky Hill;Joel Corry,Daily Pop Mix,HISTORY,0,176609,True,0.674,0.86,8,-3.318,1,0.0369,0.155,3.21e-06,0.359,0.771,122.975,4,dance,0.382578900104562,0,1
5Xc74Dn1ZKH6H8XaVGOHXG,Disciples,On My Mind,On My Mind,58,185845,False,0.741,0.893,0,-2.549,0,0.0384,0.0435,3.19e-05,0.0371,0.733,122.056,4,deep-house,0.21239177309788548,0,0
4W3kCjcFMvFEW0p4BJfKOx,Flogging Molly,Emo Christmas 2022,The Times They Are A-Changin',1,180653,False,0.343,0.954,7,-4.799,1,0.13,0.0604,1.24e-05,0.222,0.341,152.115,4,ska,0.41579450932120776,0,1
4tYFy8ALRjIZvnvSLw5lxN,Bad Bunny;Rauw Alejandro,Un Verano Sin Ti,Party,90,227628,False,0.829,0.799,9,-5.389,1,0.0897,0.0151,0.000543,0.242,0.471,97.013,4,latino,0.15858017518875075,0,0
5yevO7pjjyF8EtIW5GJ67f,That Girl Lay Lay;Tha Slay Gang,Recess Is Over,Montclair,11,122813,False,0.835,0.698,1,-5.339,0,0.1,0.0556,3.33e-05,0.215,0.435,143.822,4,kids,0.2542488345760087,0,0
0wJoRiX5K5BxlqZTolB2LD,Jimi Hendrix,Are You Experienced,Purple Haze,71,170813,False,0.533,0.905,2,-5.27,1,0.0754,0.00876,0.578,0.0698,0.486,108.9,4,blues,0.14152152145789104,0,0
4HXqDOIIMUarJ2HYPSjJzs,Lady G,Reggae Anthology: Music Works Classics,Nuff Respect,30,216186,False,0.867,0.636,7,-7.509,1,0.294,0.000778,0.0,0.244,0.697,82.189,4,dancehall,0.2966803842395854,0,0
3khEEPRyBeOUabbmOPJzAG,Kenshi Yonezu,KICK BACK,KICK BACK,83,193495,False,0.577,0.941,1,-5.17,1,0.105,0.00207,3.36e-06,0.0891,0.292,101.921,4,j-pop,0.022452578486099634,0,0
0xWBhH0LfhRiz6P0LJBpk0,iamjakehill,Waiting to Die,Waiting to Die,52,144757,True,0.577,0.733,1,-8.048,1,0.0688,0.0879,0.0,0.108,0.585,160.103,4,emo,0.33954386455340946,0,0
56sk7jBpZV0CD31G9hEU3b,Three Days Grace,One-X,Animal I Have Become,74,231400,False,0.553,0.853,8,-3.668,1,0.0339,0.000684,0.0,0.126,0.506,122.023,4,metal,0.13031837428031476,0,0
27vY7dt2eQPL6Nhsy7CmjA,Trap Them,Seizures in Barren Praise,Roam / Absent Civilians,11,67920,False,0.229,0.995,1,-4.231,1,0.198,1.31e-06,4.55e-05,0.478,0.0821,114.635,4,grindcore,0.40656087372230676,0,1
1PeeZjiGNzzUUc8epzLtvv,Philip Glass;Víkingur Ólafsson,Classical Running,Glassworks: Opening,0,464453,False,0.0713,0.00696,3,-39.507,1,0.0405,0.994,0.915,0.071,0.0977,213.848,3,classical,0.7877716779396592,1,2
14Gl9VGGqSCxQVTHDt1S4p,The Vacant Lots,Thank You,Thank You,41,174813,False,0.424,0.959,11,-4.699,0,0.0473,0.000119,0.909,0.277,0.612,130.004,4,garage,0.3237861095511955,0,0
7pwevow9OxZGfvoIwnFoFS,Os Virgulóides,Mundo Rock,Bagulho No Bumba,43,199600,False,0.725,0.766,7,-9.51,1,0.0908,0.0196,0.0,0.0335,0.931,87.984,4,r-n-b,0.1477204321531088,0,0
3bE5slaVEfaDreqARl6k4M,Pearl Jam,Jeremy,Yellow Ledbetter,70,303586,False,0.504,0.354,4,-11.3,1,0.0339,0.29,4.71e-06,0.157,0.292,140.87,4,grunge,0.38860193901977136,0,1
1SHB1hp6267UK9bJQUxYvO,Molchat Doma,Этажи,Судно (Борис Рижий),75,141394,False,0.484,0.75,1,-4.176,1,0.0685,0.697,0.862,0.105,0.467,159.992,4,punk,0.3251524760286419,0,0
6sZxfH5IdFCklZ26LcylzS,DJ Baby Anne,Bass Switch,Thumper,11,174993,False,0.79,0.756,7,-7.042,1,0.0894,0.000185,0.81,0.0882,0.116,131.98,4,breakbeat,0.19820512565821588,0,0
0pNeVovbiZHkulpGeOx1Gj,The Beatles,Abbey Road (Remastered),Something - Remastered 2009,72,182293,False,0.396,0.338,0,-10.872,1,0.0304,0.198,2.62e-06,0.138,0.377,133.522,4,psych-rock,0.3462450033254609,0,0
360gCLBRm4Caa50Vlbluhy,Luma Elpidio,Venho a Ti,Venho a Ti,53,346044,False,0.374,0.414,2,-7.161,1,0.0344,0.0549,0.0,0.112,0.196,124.211,4,gospel,0.3244304397169231,0,0
2Rz3S19mFrLS9uZDvubntG,Los Brios,Los Bríos,Tengo Miedo,28,148140,False,0.44,0.634,2,-8.592,1,0.0289,0.246,0.0,0.689,0.493,94.501,4,rock-n-roll,0.3730170382438558,0,1
69UZ7jq0OEfymnk2mmXScI,White Zombie,Rock & Halloween,Thunder Kiss '65,0,234466,False,0.636,0.937,9,-3.94,1,0.044,0.00117,0.000223,0.54,0.395,112.641,4,hard-rock,0.28424415844598316,0,0
5ZSIKIjJtKnqT9lJcP6BvM,Michael Calfan;INNA,Call Me Now,Call Me Now,50,146866,False,0.77,0.673,1,-5.466,1,0.0535,0.0273,0.0,0.425,0.569,122.016,4,progressive-house,0.2631459785700416,0,0
71ehTADpxs85ULrZgSEKCy,A Fine Frenzy,One Cell In The Sea,Almost Lover,57,268800,False,0.549,0.24,0,-7.778,1,0.0338,0.947,0.0,0.106,0.167,119.58,4,acoustic,0.475391592430342,1,1
4W3e2IhmFSNLVOVfDZTAef,Agoria,Technics : Techno,Panta Rei,0,402528,False,0.558,0.633,9,-9.875,0,0.0551,0.0462,0.862,0.0964,0.425,123.963,4,techno,0.3145058646435816,0,0
4u9jtJXU6fAbBBmWL6VB0E,Daddy Yankee,Perreo Tenebroso Vol. 5,Shaky Shaky,0,234320,False,0.899,0.626,6,-4.228,0,0.292,0.076,0.0,0.0631,0.873,88.007,4,latino,0.22949568522676353,0,0
4gVwRSCyE40hU3cq8qdkwD,Hot Chelle Rae,Hung Up,Hung Up,49,193733,False,0.668,0.875,4,-3.963,1,0.0447,0.0428,0.0,0.379,0.934,92.992,4,punk,0.19207713912827382,0,0
4wJDllCkGy6QIKIu7ZHFny,Lawineboys,10 Jaar Lawinegevaar,Lawine Song (mmv DJ Jerome),32,207000,False,0.628,0.996,1,-2.53,1,0.106,0.0939,0.0123,0.0906,0.362,145.021,4,happy,0.26718870444823617,0,0
5B61zzjiE95eO7JycmLbJX,José-Luis Orozco,De Colores,El Chocolate,33,37293,False,0.868,0.195,9,-17.757,0,0.459,0.87,1.59e-05,0.0987,0.839,128.514,4,children,0.44261769848104787,0,1
3xC0qqn1KWCgNi4NobRkTE,Hidra,Holigan,Holigan,39,247636,True,0.813,0.782,9,-5.982,0,0.247,0.274,0.0,0.339,0.423,128.036,4,turkish,0.33338902962839695,0,0
1Ly7xppUgLEZ4iwxRAR9Sf,Royal Republic,Weekend Man,Getting Along,62,137306,False,0.528,0.973,11,-3.798,0,0.106,0.000661,0.0,0.363,0.473,94.009,4,garage,0.20162705793359142,0,0
4bvoh5rKs3UFZdtUo7AZ5Y,DJ Fixx;Keith Mackenzie,Got That Booty,Got That Booty - Original Mix,14,198746,False,0.768,0.92,1,-6.656,0,0.0442,0.00611,0.592,0.0498,0.834,127.97,4,breakbeat,0.1817335536173621,0,0
43IzDkciBPgqULDdAh3MUl,Jax,Victoria’s Secret (feat. Harper) [The Metal Version],Victoria’s Secret - Stripped Strings,15,168833,False,0.54,0.173,6,-9.303,1,0.0336,0.829,0.0,0.137,0.48,144.765,4,singer-songwriter,0.5247571468339045,1,1
6Di2mEmryP7AAak4VZMLVJ,Mia Pandosa,Within the Light (Ambient Version),Within the Light,61,149765,False,0.0881,0.00356,5,-33.389,1,0.0435,0.985,0.964,0.149,0.0514,78.987,1,sleep,0.7432304672269127,1,2
7MuPOXU2vjEe3Kh9LfbM5v,Gojira,Magma,Only Pain,51,239960,False,0.393,0.951,3,-5.345,1,0.054,3.09e-05,0.00986,0.37,0.324,99.213,3,death-metal,0.23398562745780446,0,0
70DoteWv6bCOzJCrgE1OZB,Rain Sounds;Rain Sounds & White Noise;Relaxing Rain Sounds;Meditation Rain Sounds;Sleep Sound Library;Sleep Sounds of Nature,"Rain: A collection of Rain Showers, Driving in the Rain, Thunder, Hiding Under a Tree, Rainforests, and More (Loopable Audio for Ambiance, Meditation, Insomnia and Restless Children)",Rain Drops Dancing on a Tin Roof,34,71107,False,0.304,0.999,6,-22.221,0,0.0969,0.432,0.913,0.979,1e-05,115.315,1,sleep,0.43762916047694467,0,1
6WISfiNXEcOMBFEQ5Gla1H,The Rolling Stones,(70's) Seventies Collected Volume 2,Fool To Cry - Remastered 2009,0,305920,False,0.384,0.448,5,-7.397,1,0.043,0.9,0.0561,0.114,0.27,135.128,4,british,0.5910207127379727,1,1
6My1PfmDeYo8jr5c1Bzhjm,Dave Edmunds,From Small Things: The Best Of Dave Edmunds,Slipping Away,29,260826,False,0.583,0.924,2,-8.277,1,0.0314,0.042,0.00531,0.355,0.817,130.335,4,power-pop,0.28988023020430487,0,0
2Ekzdvq7VEmWMDkxrYwKX7,Jairo Vera;Bayriton;Ignacio Green Clown;Paolo Ronaldo,Quieres Volver,Quieres Volver,50,242764,False,0.825,0.625,7,-7.235,1,0.0672,0.0202,0.0,0.217,0.86,105.053,4,reggaeton,0.21308573954806956,0,0
4wpuSPubVKDExCYBnfOQgE,Nat King Cole,pov: you have a holly jolly christmas,O Tannenbaum - Remastered 1999,0,180200,False,0.25,0.228,3,-14.186,1,0.0364,0.811,0.000166,0.199,0.198,90.001,4,jazz,0.6743329055121648,1,2
4JE6agBLHGA5TaF6FlqfBD,Matt Maltese,As the World Caves In,As the World Caves In,73,218754,False,0.331,0.45,10,-5.362,1,0.034,0.365,0.00464,0.22,0.18,123.829,4,indie-pop,0.47753338186276945,1,1
1S7hEPenrIVKVTuEjtXKz9,Hogland;KIDDO,Letting Go,Letting Go,59,192088,False,0.667,0.635,6,-5.924,1,0.0365,0.0534,0.0,0.0963,0.217,119.948,4,deep-house,0.1378836835900246,0,0
5VIZnHRkpfZB9f4KoKomBx,Armin van Buuren;Simon Ward,Hey (I Miss You),Hey (I Miss You),60,199522,False,0.615,0.88,5,-3.717,1,0.0355,0.000376,0.000966,0.046,0.43,120.044,4,progressive-house,0.2035719836688046,0,0
3upIaTAwzeD5ijPJe44ceD,Fossils,Fossils 4,Khnoro Aamar Fossil,45,332403,False,0.403,0.77,8,-6.787,0,0.0434,0.195,0.0,0.151,0.428,140.616,4,folk,0.32855085365108044,0,0
3l68O6MdjNjEarDHko5bTv,Hugo Díaz,Tangos,Por Una Cabeza,19,196440,False,0.609,0.426,9,-8.544,1,0.0574,0.763,0.302,0.117,0.606,107.878,4,tango,0.404094109171352,0,1
7Hm5FQw1NQtfnTI7JUExaP,Shekhar Ravjiani;Shilpa Rao;Aakanksha Sharma;Ajay Gogavale;Amit Trivedi;Arijit Singh;Arko;Arnab Dutta;Ash King;Dev Negi;Farhan Saeed;Harshdeep Kaur;Neha Kakkar;Palak Muchhal;Shreya Ghoshal;Sunidhi Chauhan;Tony Kakkar;Yasser Desai;Ajay-Atul;Amjad Nadeem;Chirantan Bhat;Harish Sagane;JAM8;Pritam;Rochak Kohli;Shivam;Vishal-Shekhar;Dj Raahul Pai;Atif Aslam;Jyotica Tangri,Love Mashup,Love Mashup,60,240017,False,0.711,0.673,5,-5.89,0,0.0336,0.25,0.0,0.214,0.393,109.992,4,pop-film,0.2785551682618122,0,0
7BCiBYWbnclXSMRHRFrLYK,Emancipator;9 Theory,Tangerine Sour,Tangerine Sour,52,253044,False,0.646,0.57,0,-8.964,0,0.0265,0.559,0.868,0.0968,0.473,93.989,4,trip-hop,0.44525473877304117,0,1
31uR0BQMcEe5gOxdr4D2Mo,Emma Kirkby;David Thomas;Anthony Rooley;Trevor Jones,HÖST,Surge propera amica mea,0,209666,False,0.341,0.0617,8,-21.877,1,0.05,0.986,0.0,0.093,0.191,94.464,4,opera,0.6653355713746775,1,2
5lge0iAI5OxNiQyqN5mDye,Moodymann,Sinner: KDJ-48,I Got Werk,14,288400,False,0.821,0.468,10,-11.335,0,0.131,0.502,0.0443,0.105,0.853,121.023,4,detroit-techno,0.2923754058812089,0,0
12oqYmpvCg6coNLriOBaDG,Manger Cadavre?,AntiAutoAjuda,Hostil,14,117120,False,0.304,0.86,7,-7.995,1,0.0743,0.0013,0.928,0.261,0.557,87.094,4,grindcore,0.38257157659203994,0,1
3FZJvSZFHmCk4gASYCHixf,Berg,Tantra,Tantra,40,327428,False,0.652,0.894,1,-6.71,1,0.0603,0.00436,0.21,0.337,0.197,140.023,4,trance,0.2716476360412101,0,0
715slv9zyByop7EttlmTjQ,Marcus Salles,Estamos de Pé (Ao Vivo),Estamos de Pé - Ao Vivo,46,396911,False,0.511,0.766,2,-7.403,1,0.0359,0.109,2.54e-05,0.72,0.331,104.046,4,gospel,0.3728056330990997,0,1
4bpyDBROAFaXmL2roHP3Mp,my little airport,你說之後會找我,你叫我譯一首德國歌詞,38,201100,False,0.491,0.355,9,-14.066,1,0.0331,0.404,0.0426,0.388,0.43,134.0,4,cantopop,0.39583167346843784,0,1
0YV96C9ZbYI7spGh6TGfSq,End of the Dream,All I Am,Follow the Angels,21,377929,False,0.464,0.839,0,-4.889,0,0.0429,0.00117,0.208,0.445,0.226,108.03,4,goth,0.31600142205810094,0,0
6YQ1It8DtLP5tpfXNUTHlP,Rata Blanca,Tormenta Eléctrica,Batalla Persa,21,288391,False,0.404,0.961,10,-6.053,0,0.0652,6.73e-05,0.707,0.0677,0.296,144.968,4,heavy-metal,0.3302389606676972,0,0
6moTiVH1eYdM7WsGUJYa2K,Absolute Valentine;Powernerd;Vector Seven,Cyber Ravage (Vector Seven Remix),Cyber Ravage - Vector Seven Remix,15,252285,False,0.539,0.831,2,-6.177,1,0.0585,0.0471,0.772,0.157,0.15,105.009,4,club,0.2525679625084897,0,0
0q6ty9Ga2ebtTKa2C74jrC,CID;Westend,Let Me Take You,Let Me Take You,64,154761,False,0.874,0.908,6,-3.573,0,0.0593,0.00839,0.0891,0.343,0.905,125.981,4,progressive-house,0.15943740100716403,0,0
72ujfr1bM2nzr7YfiiJIhI,Tom Petty,Helloween Party,Zombie Zoo,1,178506,False,0.685,0.886,9,-10.653,1,0.0323,0.0328,0.0,0.0362,0.819,116.222,4,rock,0.2333368744668353,0,0
5tHp131qFB3T7e01x1xsO2,UVERworld,UNSER,ODD FUTURE,59,226493,False,0.699,0.8,5,-4.717,0,0.0901,0.016,1.19e-06,0.0906,0.561,128.021,4,anime,0.18503234721025744,0,0
63vJe2Uq3REo67Vu09E1U4,Szpilki,Chciałabym więcej,Chciałabym więcej,31,208285,False,0.746,0.96,10,-3.229,0,0.0631,0.0121,0.0,0.293,0.744,140.069,4,disco,0.24958493328862766,0,0
5Vv9gXd6HmKtjMgeQbYWq5,Ella Fitzgerald,Classic Christmas Greatest Hits,Have Yourself A Merry Little Christmas,1,175840,False,0.609,0.247,7,-9.038,1,0.0425,0.961,2.41e-06,0.219,0.485,112.3,4,blues,0.5470265920841795,1,1
1UNiiCIdlFKw41IFQOalbm,Cutting Crew,Fiesta temática 80s,(I Just) Died In Your Arms,0,269040,False,0.535,0.831,11,-5.961,0,0.0524,0.00347,4.5e-05,0.0835,0.289,124.909,4,synth-pop,0.3390174039012147,0,0
6lBQ0SMCrJ7zy1LSCuXqwV,Martin Garrix;Third Party,Lions in the Wild,Lions in the Wild,54,211889,False,0.504,0.847,7,-6.81,0,0.0442,0.00434,0.0,0.816,0.28,127.854,4,progressive-house,0.2274798569586776,0,0
1LxEZNAot1Rh7BbJ1boLlC,Yanni,Ethnicity,Never Too Late,35,301333,False,0.54,0.777,4,-8.405,0,0.0294,0.217,0.0146,0.083,0.712,94.999,4,new-age,0.281976283207899,0,0
5NvnwpxWNjmlzIwXbFYeAk,Takt32,Sozialer Abwärtsvergleich,Schwarze Augen,48,195555,True,0.767,0.577,3,-6.233,0,0.0835,0.132,0.0,0.108,0.435,134.872,4,german,0.24133485865680415,0,0
33tYADyL2aZctrvR59K1bQ,Oden & Fatzo,Lauren (I Can't Stay Forever),Lauren (I Can't Stay Forever),68,200550,False,0.702,0.912,9,-8.687,0,0.0652,0.0773,0.309,0.0926,0.957,128.018,4,disco,0.11091735188413428,0,0
4FcknXDJ8yW2QYUl0cm6uJ,Imran Khan,Bewafa,Bewafa,71,224853,False,0.704,0.563,4,-4.739,0,0.0297,0.594,0.0,0.133,0.0739,94.037,4,pop,0.3348388282066119,0,0
1hB4340DP1nnBmfWn37uTN,509-E;Dexter;Afro-X,Provérbios 13,Saudades Mil,48,526026,True,0.624,0.589,2,-6.669,1,0.281,0.302,0.0,0.124,0.78,76.847,4,brazil,0.370846987057414,0,1
4HQlmwaEiwjE7cQb6PMSJw,Wynners,大家樂,今天我非常寂寞,21,182466,False,0.299,0.268,4,-14.716,0,0.0319,0.806,0.000475,0.151,0.299,74.405,4,cantopop,0.5407093616938626,1,1
4NhdeAhleoj6ATVmboNtVm,Sam Smith,JULPYNTA,Have Yourself A Merry Little Christmas,0,170964,False,0.438,0.178,5,-9.402,1,0.0414,0.957,1.1e-06,0.316,0.344,75.25,1,pop,0.5187684701580347,1,1
5xNMQfKiF6QXVO01YLcZDP,Håkan Hellström,PS. lycka till i kväll,Aprilhimlen,25,282213,False,0.231,0.865,4,-5.56,1,0.0563,0.000971,4.99e-05,0.0836,0.482,109.163,4,goth,0.33676638830266276,0,0
2NB6s1JstW2riTZxoBPuOo,Samuel Kim,"Kamado Tanjirou no Uta - Orchestral Version (from ""Demon Slayer"")","Kamado Tanjirou no Uta - Orchestral Version (from ""Demon Slayer"")",47,217681,False,0.322,0.378,2,-8.655,0,0.0304,0.512,0.22,0.169,0.107,75.853,4,anime,0.4521219581326952,1,1
4u9jtJXU6fAbBBmWL6VB0E,Daddy Yankee,Perreo Tenebroso Vol. 5,Shaky Shaky,0,234320,False,0.899,0.626,6,-4.228,0,0.292,0.076,0.0,0.0631,0.873,88.007,4,reggae,0.2787831181211212,0,0
37beEt2KaKB21Kv76dDk48,Elephant Man,Drop Draws Riddim,Bring It Come,26,182427,False,0.617,0.692,1,-6.136,0,0.316,0.13,0.0,0.0982,0.846,128.059,5,dancehall,0.2879051297312571,0,0
6hHKmuoTP4S9Gqf6T8qUFb,David Guetta;Bebe Rexha;Ty Dolla $ign;A Boogie Wit da Hoodie,Autumn Hits,Family,3,158994,False,0.687,0.717,11,-6.61,1,0.0755,0.0744,0.0,0.134,0.685,88.063,4,edm,0.12872371625274187,0,0
3BK7JmX1P4GSGx5mdG3aiL,Feid,Esto me suena a Farra,Prohibidox,1,166253,False,0.647,0.801,1,-2.946,0,0.249,0.0451,0.0,0.0628,0.517,180.108,4,latino,0.2621825027297418,0,0
3NLm801woJocONz1NmPJZR,Bibio,Curls,Curls,58,197933,False,0.497,0.348,9,-10.593,1,0.0285,0.879,0.796,0.722,0.227,82.176,4,chill,0.5759904481229874,1,1
519Ng29TJ1QWHp3DaWxSYb,Ruido Blanco Hart;Musica para Bebes;Canciones De Cuna Para Dormir Bebes,Ruido Blanco De Ondas Para Bebés Durmiendo Vol. 1,Grandes Olas Rompiendo,24,118000,False,0.165,0.112,1,-39.693,1,0.101,0.96,0.972,0.107,0.173,85.856,4,world-music,0.5461467535046644,1,1
1LQ1LV5epSkGV7XU9qOKjD,Jéssica Augusto,És o Maior (Ao Vivo),És o Maior - Ao Vivo,37,302863,False,0.306,0.621,5,-7.402,0,0.0387,0.0163,1.16e-05,0.139,0.157,107.508,4,groove,0.2943448168762226,0,0
1pnXMEGyw85jtg9fFZf4GP,Ado,UTA'S SONGS ONE PIECE FILM RED,Fleeting Lullaby,64,173373,False,0.524,0.914,6,-2.104,1,0.12,0.179,0.0,0.17,0.63,89.015,4,j-pop,0.31175679650754307,0,0
1RTtAXu9D8uFV5Ky0HURAz,Superman Is Dead,Tiga Perompak Senja,Aku Persepsi,37,147072,False,0.473,0.958,0,-2.121,1,0.0517,0.000206,0.0,0.379,0.709,97.028,4,punk-rock,0.30674796098843793,0,0
3XxBSvDZKH5YvZZjTpn6eR,Jimi Hendrix,Are You Experienced,Red House,58,230360,False,0.277,0.479,5,-8.483,0,0.0495,0.585,0.0224,0.16,0.483,53.905,4,psych-rock,0.4875792403303315,1,1
4If7JKEkzeY0WusIrOdQlC,Fiji Blue,Waves,Waves,66,133747,False,0.84,0.338,6,-8.16,1,0.0436,0.135,0.0225,0.0635,0.927,108.024,4,chill,0.2757832066077979,0,0
1XmdB9Kha5e5H4PfTSmewn,Sleeping At Last,Atlas: Touch,Atlas: Touch,50,253892,False,0.398,0.0933,0,-11.879,1,0.0442,0.958,4.63e-06,0.0893,0.185,81.76,3,ambient,0.6263966773350955,1,2
2L2rzhnx1Xr6LiGuaYMepY,Seven Lions;Blastoyz;ERV ELLO,Reason For Fighting (feat. ERV ELLO),Reason For Fighting (feat. ERV ELLO),48,238285,False,0.467,0.931,4,-3.318,0,0.14,0.00705,0.000365,0.348,0.253,140.008,4,dub,0.2485729335370685,0,0
5N37thhxSu00xqUKO1tTvn,Patricio Rey y sus Redonditos de Ricota,Último Bondi a Finisterre,Pogo,35,286573,False,0.584,0.796,0,-8.14,1,0.0291,0.00862,0.00802,0.127,0.678,159.924,4,punk-rock,0.24839108452700448,0,0
4TALO9TqvAPnJ4fhfjslGa,NMB48,難波愛~今、思うこと~ (通常盤),プライオリティー/木下百花,22,264240,False,0.581,0.979,1,-3.543,1,0.126,0.0303,8.42e-06,0.322,0.398,127.022,4,j-idol,0.21120378653834587,0,0
5e4uOUdrpFCKC2kwnXWWtY,Prateek Kuhad,Shehron Ke Raaz,Shehron Ke Raaz,46,152320,False,0.777,0.215,0,-13.706,1,0.0535,0.89,0.00773,0.109,0.221,111.017,4,indian,0.43583377036857257,0,1
5t3Vk8bRKylx4fjj7qlbib,Billie Eilish,bitches broken hearts,bitches broken hearts,76,176471,True,0.778,0.422,0,-10.114,1,0.0482,0.921,0.00924,0.0958,0.187,120.033,4,electro,0.35827237513743365,0,1
72mulbQzBi7mlk1JdIytaG,The Lemonheads,It's A Shame About Ray (30th Anniversary Edition),Divan,23,117266,False,0.7,0.228,0,-12.038,1,0.0533,0.292,0.0,0.116,0.628,123.235,4,power-pop,0.3990528916359025,0,1
6u2DMKOq3A57msjbMPjZhF,ABBA,Weihnachtspop 2022,Little Things,0,188320,False,0.647,0.165,10,-16.328,1,0.0315,0.894,0.00187,0.116,0.59,75.978,4,swedish,0.515357522835749,1,1
3Y9LIYX0Wl4cwUJ8VGJTvP,Tony Bennett;Lady Gaga,Rockin' Around The Christmas Tree 2022,Winter Wonderland,0,149306,False,0.605,0.497,1,-6.676,1,0.0319,0.727,3.95e-05,0.102,0.72,126.014,4,jazz,0.46954889125994304,1,1
7sCEGVDNPistGb4I1DbGGe,Luke Howard;Jess Gillam;Jess Gillam Ensemble,Classical Running,Dappled Light,0,251573,False,0.222,0.0456,10,-20.891,0,0.0385,0.993,0.964,0.231,0.0882,128.691,4,ambient,0.7176876428002389,1,2
25WjhzidELBiE8WBROJIRs,Afrocidade,Afrocidade na Pista,Tô pra Onda,29,235567,False,0.71,0.846,4,-3.981,0,0.0479,0.0798,0.00352,0.395,0.505,118.025,4,afrobeat,0.19478422184131722,0,0
5IJb3GtAnACyhkrMIdy9mW,Joel Corry;Mabel,Today's Party Hits,I Wish,0,181728,False,0.686,0.856,9,-2.717,0,0.0426,0.0896,0.0,0.0648,0.733,123.997,4,dance,0.19537696144847239,0,0
78RpJHtLl1B7fInF740oYP,Tommy Lee Sparta;Chronic Law,Transition,Judgement Day,25,172173,False,0.479,0.59,2,-7.014,1,0.0923,0.306,0.0,0.335,0.156,123.993,5,j-dance,0.4067519141846848,0,1
0b3y0JuA98NQ2Z0WlC3hPW,Peggy Lee,Weihnachtslieder 2022,Happy Holiday,0,115506,False,0.369,0.499,6,-9.301,1,0.0448,0.829,1.75e-06,0.154,0.69,192.76,3,jazz,0.5617572331304842,1,1
3N7GbP3BJJIv2QRXZRJBJM,Vybz Kartel,Like Xmas,Good Night,23,216270,False,0.821,0.796,1,-7.675,0,0.272,0.303,0.0,0.154,0.905,90.989,4,j-dance,0.26614486457197456,0,0
2TWFcqzZ6KEUAYie7wEF1f,Calcinha Preta,"Calcinha Preta, Vol. 13 (Ao Vivo)",Um Degrau na Escada (Ao Vivo),46,215520,False,0.494,0.955,4,-1.912,1,0.0823,0.152,0.0,0.906,0.489,170.128,4,pagode,0.31128773955007266,0,0
1DDjP27UEP7avthMjxfOtU,Four Tops,On air 70's Hits,Keeper Of The Castle,0,180493,False,0.583,0.671,8,-7.764,1,0.08,0.443,0.0,0.0597,0.95,78.323,4,soul,0.4850114501446173,1,1
6LDBahRe0wD9gTkmYFdsd1,menores atos,Lapso,Amanhã,31,284415,False,0.566,0.848,8,-6.264,0,0.0364,0.0231,0.000326,0.131,0.65,137.999,4,hardcore,0.2270948600422924,0,0
3iWZROaDCRJzaaYYNdy7ca,Avslappning Sound,"Avslappnande Musik - Sova Musik för Begrundan, Sömnproblem, Avslappning, Positivt Tänkande",Tänka Positivt,32,214390,False,0.0855,0.104,7,-22.845,0,0.0362,0.987,0.941,0.0915,0.054,78.043,4,sleep,0.6897020898320078,1,2
29UDfVhu1Myy5GzRuPNEWH,Andri Hart,Inch Of You,Inch Of You,23,165312,False,0.576,0.0313,2,-17.935,0,0.127,0.935,0.63,0.111,0.0391,109.827,4,guitar,0.5736449544228904,1,1
5ZJwjTma5MQDjPIxP5HiTn,Dissection,Reinkaos,Black Dragon,41,288182,True,0.358,0.898,5,-4.308,0,0.0378,1.31e-05,0.0647,0.312,0.545,51.436,4,black-metal,0.33926398193675045,0,0
2UzNyk6tBmMaXf1dphGUo0,Volbeat,Halloween Metal Nights,The Devil's Bleeding Crown,0,238653,False,0.321,0.909,11,-4.612,1,0.041,1.62e-05,0.139,0.0442,0.209,109.653,3,metal,0.2746603359286542,0,0
4nVUk0Ff9fKbeNQHaYlnyw,Vijay Antony;Sukhwinder Singh;Gayathri,Dishyum (Original Background Score),Kitta Nerungi Vaadi,54,257066,False,0.798,0.813,9,-6.198,0,0.205,0.502,0.0,0.0846,0.802,89.807,3,k-pop,0.25372501444578005,0,0
0g4fzRkbLeCDUCoe5iUOcf,Lykke Li,so sad so sexy,sex money feelings die,74,139840,True,0.789,0.534,8,-6.347,0,0.0709,0.323,3.42e-06,0.0645,0.631,134.055,4,electro,0.20851078639554904,0,0
20ye9FRSuAsVLcRD22eBW5,The Kiboomers,Hip Hop Freeze Dance,Hip-Hop Freeze Dance,7,129235,False,0.67,0.794,11,-7.075,0,0.138,0.473,4.07e-06,0.383,0.517,84.922,4,children,0.32680025871414714,0,0
1OCUTpyFA18ilAy6fJSvBW,Bürdel King,"¡Ladran, luego cabalgamos!",665 - El vecino del diablo,26,204466,False,0.463,0.961,2,-3.709,1,0.256,0.00344,6.5e-05,0.0754,0.641,204.051,4,spanish,0.3217184695814735,0,0
4lJX2CpRZKPWAIOzOdvENF,Ella Fitzgerald,Home At Christmas,Frosty The Snowman,0,131733,False,0.579,0.502,8,-7.57,1,0.0513,0.733,0.0,0.281,0.836,76.783,4,jazz,0.3899209149603449,0,1
5ECXNOI8OA9Or0JRogCqTK,Flo Rida,Feeling Good,Good Feeling,0,248133,False,0.706,0.89,1,-4.447,0,0.0687,0.0588,0.00288,0.305,0.685,128.012,4,dance,0.38550717341044516,0,1
3PY691uPzp970VQl9NII7I,Pondora;Gonzi,Galeira,Galeira,34,408214,False,0.563,0.874,2,-4.334,1,0.0555,0.006,0.151,0.187,0.351,140.004,4,trance,0.2656734330875605,0,0
3HPPcZ9oK7yGmy5vn7OMLC,Dirtyphonics;Sullivan King,Vantablack,Hammer,51,197333,False,0.486,0.878,0,-3.068,1,0.151,1.52e-05,0.533,0.124,0.205,180.008,4,dub,0.3638962104664723,0,1
3EPd9riN2R8Zjl6GkrxxGl,Platero Y Tu,Muy Deficiente,El roce de tu cuerpo,57,250093,False,0.457,0.904,7,-4.67,1,0.0659,0.015,5.01e-05,0.2,0.237,171.633,4,spanish,0.28573128433080025,0,0
7pluJ15vmT0NZdX2lmIbBI,Third Eye Blind,Post-Millennial Noise,Deep Inside of You,0,250293,False,0.508,0.558,7,-6.605,1,0.0238,0.00351,4.18e-05,0.0822,0.16,81.599,4,grunge,0.32854214708009416,0,0
2IsqKsbBPpPzzP9FhGoBPo,Andreas Gabalier,Da komm' ich her,Mit dir,31,200200,False,0.442,0.882,2,-3.534,1,0.0392,0.183,0.0,0.623,0.582,156.043,4,party,0.3296611174736018,0,0
5jqBYCKbXjoo4rgjOfFQzE,FINNEAS,Best Road Trip Pop Tunes,What They'll Say About Us,0,181210,False,0.538,0.318,7,-13.036,0,0.0417,0.88,7.28e-05,0.116,0.0897,144.988,4,electro,0.5348757831716928,1,1
6qCNaRRr5xJALfNJvh0NAw,Zack Knight;Jasmin Walia,"Bom Diggy Diggy (From ""Sonu Ke Titu Ki Sweety"")",Bom Diggy Diggy,69,238530,False,0.782,0.827,11,-4.219,0,0.0627,0.159,0.0,0.226,0.498,104.032,4,hip-hop,0.2310953723958566,0,0
4n0iKnuP1mliydPSvC7pec,Gaze,Mitsumeru,Jelly-Bean,15,126000,False,0.408,0.922,7,-6.786,1,0.0465,0.00205,0.126,0.332,0.828,113.86,4,club,0.3282506127055806,0,0
6gpcs5eMhJwax4mIfKDYQk,Calvin Harris;Frank Ocean;Migos,Slide (feat. Frank Ocean & Migos),Slide (feat. Frank Ocean & Migos),72,230813,True,0.736,0.795,1,-3.299,0,0.0545,0.498,1.21e-06,0.254,0.511,104.066,4,house,0.26022552921494535,0,0
4xhWfr0tyA7BGL7eXo8KnV,RØNIN,ALL GIRLS ARE THE SAME,ALL GIRLS ARE THE SAME,73,121949,True,0.785,0.343,9,-10.923,0,0.0862,0.593,0.0,0.103,0.468,118.065,4,sad,0.2360381008221305,0,0
456xBIOmLRoLzCvCzZrWge,J Balvin;Pharrell Williams;BIA;Sky Rompiendo,Energía,Safari,68,205600,False,0.689,0.675,0,-4.281,1,0.32,0.531,3.17e-06,0.115,0.604,180.065,4,reggaeton,0.3880067273934197,0,1
6Eclvq2hFXEJ83meyFDze0,Harry Nach;Ñejo;DIGITAL KINGZ,Sakalakashanga,Sakalakashanga,39,182758,True,0.831,0.859,2,-4.423,1,0.253,0.294,0.00142,0.384,0.824,173.922,4,latino,0.24651369421712543,0,0
52iiHWnWlRaYwUobhKGXW3,Wang Feng,生无所求 (Life Asks For Nothing),存在,54,284466,False,0.207,0.631,4,-4.851,1,0.045,0.00771,0.0,0.398,0.325,57.024,4,mandopop,0.33571890729675025,0,0
5egq8VqY0Owa48ytUM4bXB,Nikolai Erdenko,Шедевры цыганской музыки. Цыганская скрипка,Цыганские напевы,0,396040,False,0.31,0.269,7,-14.806,0,0.0453,0.903,0.368,0.0621,0.25,179.042,4,romance,0.719544407007342,1,2
3Ddny34bFoYBb8dIGq5lwp,Lil Tjay;Fivio Foreign;Pop Smoke,State of Emergency,Zoo York (feat. Fivio Foreign & Pop Smoke),67,214825,True,0.565,0.569,6,-6.084,0,0.379,0.0352,8.81e-06,0.106,0.303,92.466,5,r-n-b,0.32357113845896934,0,0
18EB8Sw7cebaQiP80GEdcj,Luiz Melodia,Acústico (Ao vivo),Codinome beija-flor - Ao vivo,37,297800,False,0.468,0.454,2,-7.618,1,0.0403,0.891,0.0,0.779,0.424,119.849,4,samba,0.510207376489762,1,1
0dY1cTuq44STBXfrXbKlA7,Jubiläumscast Wien 2012,Elisabeth - Gesamtaufnahme Live - Jubiläumsfassung,Salon in der Hofburg,22,31933,False,0.583,0.35,7,-14.93,1,0.442,0.798,0.0,0.392,0.685,129.895,4,show-tunes,0.5932578286370189,1,1
0CrCW8u5hXD6Ztd7V8ay1i,Mos Def,The Best 90s Hip Hop Hits,Speed Law,3,256453,True,0.794,0.667,11,-7.636,0,0.373,0.0565,0.0,0.407,0.695,98.02,4,alternative,0.3341848495500847,0,0
2POnf7vLdXObV2vLDMk50f,Stevie Wonder,Christmas Soul Classics,The Little Drummer Boy,0,185453,False,0.523,0.448,2,-13.53,1,0.0593,0.442,0.0,0.111,0.351,134.511,4,indie,0.38711165868466346,0,1
4xg4sEf7yuL3WUSnB3xYXz,Tacocat,Lost Time,"You Can't Fire Me, I Quit",23,133255,False,0.346,0.906,0,-4.311,1,0.0622,0.0708,7.05e-06,0.12,0.553,116.529,4,power-pop,0.3326603911817018,0,0
4CnwktWyYuXEtxbMIbJtXP,yaeow,my first songs,far away from here,57,132800,False,0.663,0.236,10,-15.844,0,0.0507,0.892,0.302,0.0788,0.236,74.97,4,chill,0.5060561599902454,1,1
6qtDW5A9dgCyjhQZSGRlcu,Enjambre,Proaño,Nueve,49,211240,False,0.466,0.832,4,-5.235,1,0.047,0.0277,0.627,0.156,0.509,132.054,4,alt-rock,0.2093191311776808,0,0
78MI7mu1LV1k4IA2HzKmHe,Ella Fitzgerald;Louis Armstrong,"Love, Ella",Dream A Little Dream Of Me - Single Version,66,185160,False,0.443,0.104,0,-17.042,1,0.101,0.913,0.0,0.191,0.394,76.497,4,jazz,0.5409800819889546,1,1
1gjCAwgzfLer27fudfDAmn,Nikolay Kopylov,Golden Hits Of The Ancient Russian Romance Vol.2,"Farewell, My Camp",0,158827,False,0.367,0.371,0,-8.654,1,0.0444,0.899,0.000842,0.0765,0.392,90.518,4,romance,0.5784718512533809,1,1
3VaVkNlfxNtgXK8AH9DLnN,Danny Chan;Joe Wong;Tom Brown,我愛經典系列 - 陳百強 (Danny Chan),永恆的愛,19,297333,False,0.435,0.323,2,-9.711,1,0.0318,0.779,0.000274,0.241,0.106,77.386,4,cantopop,0.580386786744438,1,1
2OCoH12t6olzx9bT1PEC8F,Chuck Berry,Rockin' At The Hops,Let It Rock - Single Version,56,102800,False,0.632,0.716,10,-12.387,0,0.0646,0.581,2.48e-05,0.181,0.935,164.851,4,rockabilly,0.3593867731907535,0,1
6emdbcRTZnIRizDP5gOnNy,Good Riddance,For God and Country,Mother Superior,31,186000,False,0.474,0.829,9,-11.658,1,0.0387,0.00136,1.16e-05,0.345,0.687,100.786,4,hardcore,0.2990205643814952,0,0
2jXvdJ0tDtbksFOK85Vie0,Jhayco;J Balvin;Bad Bunny,FELIZ CUMPLEAÑOS,No Me Conoce - Remix,2,309120,False,0.804,0.786,10,-3.837,0,0.0735,0.144,0.0,0.0928,0.575,91.992,4,latino,0.22653125883714195,0,0
7BinuqowXzqQO2fEsYK5yN,OMNIA,Musick and Poëtree,Fee Ra Huri,50,227560,False,0.684,0.869,2,-6.994,1,0.0462,0.349,0.319,0.274,0.661,129.936,4,folk,0.2510438120262726,0,0
5GgnOxGEvEwJrqoy7a6tRL,Henrique & Juliano,Manifesto Musical (Ao Vivo),Rasteira - Ao Vivo,54,189007,False,0.593,0.692,7,-5.364,0,0.042,0.528,0.0,0.863,0.598,106.046,4,sertanejo,0.3205053721440369,0,0
4tjLYTXFqZhkUDga4bQ0yl,Neha Kakkar;Dhvani Bhanushali;Ikka;Tanishk Bagchi,"Dilbar (From ""Satyameva Jayate"")","Dilbar (From ""Satyameva Jayate"")",66,184432,False,0.725,0.912,9,-3.665,0,0.0851,0.155,7.68e-05,0.107,0.674,104.054,4,pop-film,0.10700971371411189,0,0
5fTaC6VSUxQz0sCbbHwJkY,ZABO,Affliction,Affliction,42,199275,False,0.705,0.909,6,-2.77,0,0.0348,0.0147,0.839,0.155,0.21,99.98,4,club,0.15738128004954083,0,0
2X4ZjXJZISfPIcpaUAfoll,kobasolo;えみい,これくしょん2,secret base ~君がくれたもの~ feat.えみい (テーマパークガール),49,348000,False,0.622,0.536,6,-3.236,1,0.0319,0.416,0.0,0.11,0.348,133.895,4,anime,0.24013777729946806,0,0
5q9f9s7oJXJsa1vF1wAkK2,Busy Signal;Oryane,Move to the Music,Move to the Music,49,158608,False,0.771,0.849,6,-5.256,1,0.0408,0.062,0.00188,0.0765,0.616,115.024,4,j-dance,0.2050954253011231,0,0
6imAiQde4tZKnFCr7oDajb,Chixdiggit!,Born on the First of July,Gettin' Air,22,93000,False,0.515,0.951,0,-5.333,1,0.0485,0.0254,0.0,0.0991,0.702,150.822,4,power-pop,0.24733382018035452,0,0
75vBeICzLafF3LOs1rC3DH,The Stooges,Timeless Rock Hits,I Wanna Be Your Dog,0,190440,False,0.541,0.913,4,-8.03,1,0.0359,0.0681,0.0521,0.414,0.113,120.634,4,punk-rock,0.3051055152688406,0,0
0MAVs0XWmcO0RIqjtaMyAq,Zeki Müren,Pırlanta Şarkılar,Gözlerin Doğuyor Gecelerime,37,319066,False,0.423,0.501,0,-13.298,0,0.0586,0.606,3.23e-05,0.14,0.543,88.253,4,j-rock,0.4690556486324202,1,1
6ilTR3RpLCAHDt3Z6YuQGx,Cidergirl,シンデレラ,シンデレラ,62,212310,False,0.572,0.955,7,-2.617,1,0.0626,0.0141,0.0,0.315,0.717,129.981,4,anime,0.270750589724407,0,0
1sqxhKZSdY77KM2XM5oCwG,Hins Cheung,My Way,斷點,49,268186,False,0.656,0.384,10,-8.877,1,0.0313,0.775,0.0,0.187,0.197,99.945,4,cantopop,0.40123017318175774,0,1
4L3Ij8QP0LVGK7PyI14QVo,John Archambault and David Plummer,Chicka Chicka Boom Boom Series Volume Two - Dance and Sing With John & David,Chicka Chicka Boom Boom Sung by Children,31,152973,False,0.654,0.125,0,-13.505,1,0.0646,0.97,0.0,0.138,0.532,132.303,4,kids,0.4123086553198456,0,1
3ozRwP3dqFMC0e2mshZKxG,Soweto,Farol Das Estrelas,Entre A Cruz E A Espada,36,235626,False,0.499,0.777,9,-6.798,1,0.0645,0.609,0.0,0.34,0.69,145.493,4,samba,0.41139225054864487,0,1
1sjX5v8J9QlffnJZlYGF9M,Dailey & Vincent,Dailey & Vincent Sing The Statler Brothers,I'll Go To My Grave Lovin' You,20,161866,False,0.534,0.638,11,-5.097,1,0.0321,0.723,0.0,0.0814,0.644,104.193,4,bluegrass,0.39769707491910355,0,1
1vQ6BQkWKHVZJd6nJhBy2z,Eman Lam,給前度的音樂會,唯獨你是不可取替,34,250733,False,0.505,0.201,2,-16.477,1,0.0697,0.921,0.0,0.714,0.487,83.084,4,cantopop,0.5563818038534567,1,1
61X5YcDmN21uunfiKirdxO,Cepeda,La Camisa Vieja,La Camisa Vieja,44,174760,False,0.322,0.686,4,-6.287,0,0.0383,0.0282,0.0,0.118,0.486,79.228,3,spanish,0.38091792823085047,0,1
7pPVeFFO5nh2sk4dqh3fAY,Patina Miller;Matthew James Thomas;Andrew Cekala;Ashton Woerz;The Players,Pippin (New Broadway Cast Recording),Finale,29,450773,False,0.348,0.418,10,-8.86,1,0.0348,0.536,0.0,0.148,0.295,145.891,4,show-tunes,0.43225616090939667,0,1
71tQk3O7TH6PAyRMIqD8TU,José Rodríguez;Landa La Sensación,Baila Para Que Brilles,Me Tienes Enamorado,31,236499,False,0.802,0.694,5,-6.854,1,0.0426,0.378,0.000286,0.0728,0.881,160.0,4,salsa,0.2762490642952512,0,0
4qpsfCiA3fiyyeH30FW1Gs,Ocoeur,Reversed,Timeless,12,298946,False,0.343,0.345,4,-16.941,1,0.137,0.902,0.8,0.304,0.0381,180.033,4,idm,0.6824629839108642,1,2
2qQpFbqqkLOGySgNK8wBXt,TWICE,FANCY YOU,FANCY,76,213880,False,0.697,0.874,5,-2.15,0,0.0449,0.0122,0.0,0.627,0.775,132.018,4,k-pop,0.28238461621283706,0,0
4Tat1HfwxpkO5MlfLYNNcU,Toini & The Tomcats,Awake at Night,Why Should I Care,27,209880,False,0.558,0.898,7,-5.725,1,0.06,0.0687,5.76e-05,0.365,0.873,152.5,4,rockabilly,0.3204175558406498,0,0
3qrMRcYP6xmmZBrL7yZLfD,N.W.A.,The Best Of N.W.A: The Strength Of Street Knowledge,A Bitch Is A Bitch,36,186360,True,0.895,0.636,6,-5.893,0,0.339,0.0212,0.0,0.341,0.784,97.113,4,hardcore,0.2823898490267549,0,0
43pulC9QdGwabXUtVHYnjY,Maisie Peters,Not Another Rockstar,Not Another Rockstar,73,149053,True,0.658,0.815,3,-2.141,0,0.14,0.214,1.24e-06,0.126,0.818,91.041,4,indie-pop,0.2887883343561339,0,0
2z9YkcLojiOE7Eu2p9lPZR,Feid,Normal,Normal,85,171986,True,0.712,0.557,4,-4.861,0,0.115,0.0397,0.0,0.27,0.594,170.079,4,reggaeton,0.2717964691272424,0,0
12VpUDWl8YJmLiOurn081M,Ñejo & Dalmata,Halloween 2022 Perreo Vol. 4,Sexo En La Playa,0,218440,False,0.796,0.712,5,-7.097,1,0.0491,0.359,1.17e-05,0.374,0.622,94.013,4,reggaeton,0.35443672513541385,0,1
67lruROcgkaIkopDBohfTe,Péricles,Pagode do Pericão (Ao Vivo),Vai Babar / Poder de Sedução - Ao Vivo,44,252499,False,0.651,0.813,7,-5.895,1,0.0866,0.717,0.0,0.838,0.759,126.025,4,pagode,0.3813007429169802,0,1
7kbz67UjkZCviIYbn4DRvH,Henrik Janson,Classical Baby Sleep Music,Guitar Concerto in D Major,29,212457,False,0.671,0.144,1,-17.729,1,0.0456,0.946,0.638,0.128,0.167,113.376,4,guitar,0.5438057575597414,1,1
1I2OwO2Z6tMdahxDcH3p1H,Shade k;Terrie Kynd,Break Ya King (Dub Edit),Break Ya King - Dub Edit,12,179922,False,0.809,0.927,1,-7.488,1,0.188,0.00565,0.00694,0.0622,0.4,131.996,4,breakbeat,0.10276199438057315,0,0
60ifqqPhbselSwXyGrGyMK,Deep Purple,Stormbringer (Remastered),Soldier Of Fortune - 2009 Digital Remaster,59,204880,False,0.533,0.313,2,-13.007,0,0.0298,0.386,4.64e-06,0.0868,0.225,133.615,4,psych-rock,0.42442430468949277,0,1
2gr9Q36NGQLdxzCqcDmZLW,Manger Cadavre?,Decomposição,Em Memória,16,152026,False,0.245,0.968,0,-5.706,1,0.12,0.000133,0.00113,0.367,0.0698,85.568,4,grindcore,0.2989070520925752,0,0
1veNS1osFHTWf2G6q5AbuQ,Mohan Kannan;Amitabh Bhattacharya,Lootera,Shikayatein,48,270169,False,0.237,0.423,7,-8.874,1,0.0304,0.329,0.00022,0.148,0.154,78.05,4,indie-pop,0.4615863805031489,1,1
5FgFzeZyn7Y7fXCkVMcARZ,Yamazaru,あいことば5,ラブソング,43,284200,False,0.437,0.858,8,-3.771,1,0.0785,0.0659,0.0,0.285,0.695,168.152,4,j-pop,0.29090441003501927,0,0
4OMgqSsMbVhPCFnivcNAqh,Black Sabbath,The Dio Years (Bonus Track Version),Heaven and Hell - 2007 Remaster,32,418973,False,0.311,0.694,3,-8.203,0,0.0308,0.0115,0.0379,0.15,0.321,87.807,4,hard-rock,0.38069164883390094,0,1
4PrjkjbIYtnA4BY9YQ21Zf,The Righteous Brothers,The Righteous Brothers,Time of My Life,45,201600,False,0.507,0.825,9,-2.572,1,0.046,0.248,0.0,0.0993,0.449,111.217,4,rockabilly,0.2985041591716376,0,0
5jZdUmR7UmVsw9XkEsPGZF,Tiësto,Hit After Hit,The Business,0,164000,False,0.798,0.62,8,-7.079,0,0.232,0.414,0.0192,0.112,0.235,120.031,4,house,0.32956183614317947,0,0
1wgHsZDhgnCfieZfIMx2iR,The Wiggles,Pumpkin Face,The Full Moon Melody,32,99640,False,0.552,0.664,9,-4.95,1,0.0362,0.816,0.0,0.291,0.796,133.949,4,children,0.4388391972147983,0,1
679WNDJNeWz3tvO4ffrDqA,O Rappa,O Rappa - Acústico Oficina Francisco Brennand (Deluxe) [Ao Vivo],Monstro invisível - Ao vivo,44,237725,False,0.594,0.958,10,-5.51,0,0.058,0.107,0.00306,0.921,0.548,102.308,4,r-n-b,0.3530277461545004,0,1
2gvmxusSOe3vNjNDjQWaso,The Dresden Dolls,"Yes, Virginia",My Alcoholic Friends,72,167680,False,0.596,0.679,4,-3.881,0,0.0324,0.18,0.0,0.0938,0.746,110.464,4,piano,0.24032606414529317,0,0
6qBDVS0uz4TmxwajzgQk2f,Germaine Franco,Nasze Magiczne Encanto (Muzyka z filmu),Poznajcie naszą rodzinę,25,128345,False,0.814,0.32,0,-14.865,1,0.0974,0.454,0.841,0.0795,0.254,96.469,4,disney,0.3346364242024745,0,0
6C1RD7YQVvt3YQj0CmuTeu,Bad Bunny;Ozuna;Farruko;Arcangel;Ñengo Flow;DJ Luian;Mambo Kingz,Diles,Diles,83,286040,True,0.813,0.56,2,-5.904,0,0.0618,0.108,0.0,0.268,0.287,118.033,4,latino,0.2738038275082717,0,0
0XQQeSs9On3NNv6aHYRwBD,The Masochist,Scantraxx 040,LDMF - (Wildstylez Rmx),27,294975,False,0.794,0.862,11,-7.384,0,0.183,0.0109,0.32,0.0643,0.0751,150.014,3,happy,0.20876391904901892,0,0
1OgRBv3J0mxawWAMKE1dOd,Hi! Spencer,Richtung Norden,Richtung Norden,36,243592,False,0.42,0.865,9,-5.502,0,0.0365,0.000583,0.0,0.141,0.341,148.013,4,punk-rock,0.32349557472943224,0,0
6kPwu7QnNdOdmx5XMlK9d3,White Noise for Babies,Sea of White Noise,The Choir,0,185760,False,0.187,0.38,4,-12.22,1,0.0346,0.883,0.995,0.175,0.0358,79.347,4,sleep,0.6249159954738708,1,2
0BZW5HA4Iw85L02qej9RPJ,DUDA BEAT,Sinto Muito,Bolo de Rolo,44,233661,False,0.637,0.649,0,-8.05,0,0.0304,0.124,0.0119,0.201,0.38,140.007,4,funk,0.31395444240244985,0,0
7egnrHJAANlNymbrmQNKcG,Breaking Benjamin,Ember,The Dark of You,55,252613,False,0.487,0.646,2,-6.878,0,0.0299,0.202,3.1e-06,0.11,0.16,97.083,4,grunge,0.4044774516794979,0,1
6CEaRv522s24OesyO5Mz0P,Lefty Frizzell,The Essential Lefty Frizzell,Watermelon Time In Georgia - Single Version,11,131200,False,0.736,0.53,4,-10.326,1,0.0355,0.418,0.000158,0.196,0.818,113.829,4,honky-tonk,0.3433811334833554,0,0
7vS7GvFhyN6kzj409RJbuA,Björn Rosenström,Glove Sex Guy,Nu du kärring,42,218333,False,0.782,0.624,4,-8.189,1,0.0779,0.602,0.0,0.097,0.759,108.621,4,swedish,0.35947980901635745,0,1
5IGYPdHMSG4PLXDS9LDPJS,Eastmountainsouth,Eastmountainsouth,So Are You To Me,52,117760,False,0.302,0.0783,2,-14.968,1,0.0325,0.956,9.88e-05,0.12,0.231,140.485,5,acoustic,0.7559590404227619,1,2
6cjvxqXl8cET4HkXCfrXSc,Romanthony;Roman,What $ Love (2014 Remixes) [What Price Love],What $ Love (What Price Love) - Roman's Remix,5,334576,False,0.823,0.708,1,-7.411,1,0.273,0.0371,5.16e-06,0.0638,0.478,120.538,4,chicago-house,0.26808617626224246,0,0
2bhLx29FJZ6aDUxPsKzpz3,Sleep Baby Sleep;Rain Sounds;Calm Children Collection;Soothing Nature Sounds;Rain Sounds & Nature Sounds,"Rain Drop Medley of Roof, Thunder, Forest, Car, and More (Loopable Audio for Insomnia, Meditation, and Restless Children)",Pouring Rain and Soothing Brown Noise,33,93451,False,0.0,4.28e-05,2,-18.683,1,0.0,0.194,0.999,0.718,0.0,0.0,0,sleep,0.7842360402833319,1,2
1IDFcb3cjkj2dhv3UaxX9b,Danny Romero;Lérica,De Tranquilote,De Tranquilote,57,177208,False,0.682,0.669,2,-7.15,1,0.0951,0.105,0.0,0.071,0.889,79.929,4,spanish,0.2308853013236218,0,0
556LOWUlA21iPkLX7479ym,Nikolay Kopylov,Популярные Арии И Дуэты Из Классических Оперетт,Чардаш Тассилло Из Оперетты ''марица'',0,162800,False,0.277,0.453,2,-8.486,1,0.0356,0.978,0.0392,0.0963,0.347,89.123,3,romance,0.5453313082173035,1,1
4toGhOrpjQfweDT9flB5iq,RADWIMPS,Weathering With You,We'll Be Alright (Movie Edit),50,258373,False,0.226,0.599,0,-6.847,1,0.0365,0.326,8.81e-06,0.114,0.0653,95.328,3,j-rock,0.4516158502019034,1,1
3dskm5fAe8OkBtM9E0VVWx,Lin-Manuel Miranda;Alex Lacamoire;Ana Villafañe;Anthony Ramos;Artists for Puerto Rico;Camila Cabello;Dessa;Ednita Nazario;Fat Joe;Gilberto Santa Rosa;Gina Rodriguez;Gloria Estefan;Jennifer Lopez;Joell Ortiz;John Leguizamo;Juan Luis Guerra 4.40;Luis Fonsi;Marc Anthony;Pj Sin Suela;Pedro Capó;Rita Moreno;Rubén Blades;Tommy Torres,Almost Like Praying (feat. Artists for Puerto Rico),Almost Like Praying (feat. Artists for Puerto Rico),51,200457,False,0.471,0.791,5,-3.373,0,0.238,0.0198,0.0,0.232,0.507,188.36,4,show-tunes,0.2791757171759839,0,0
3Mlhgm39yBpuCwyZB8d8Md,Cigarettes After Sex,K.,K.,48,319560,False,0.253,0.405,3,-10.257,1,0.035,0.146,0.824,0.142,0.303,188.31,4,ambient,0.49021717009784477,1,1
3B2W0t2KJMGjxrcaccLaK3,The Party Cats,Kids Dance Party: Halloween Jams,Ghostbusters,10,354693,False,0.768,0.719,9,-8.458,1,0.0333,0.00516,0.0103,0.154,0.792,115.429,4,kids,0.2297864915179426,0,0
5u1cWcqIX6sbKiVJn8PR86,Dabzee;SA,Thallumaala,"Manavaalan Thug - From ""Thallumaala""",60,200000,False,0.809,0.583,1,-8.771,1,0.0605,0.356,0.0,0.0622,0.478,96.049,4,malay,0.24482885368584664,0,0
3reyHrjQqNBv35CBKKfX2s,Vini Vici;Diego Miranda;Chimo Bayo,Esta Si,Esta Si,51,155217,False,0.732,0.966,7,-5.769,1,0.16,0.0242,0.108,0.268,0.0941,138.051,4,trance,0.2359573674830115,0,0
6stWVqWxtPPednHy1mzoOz,Rvfv;Kikimoteleba,Tigini (Remix),Tigini (Remix),76,175555,False,0.782,0.655,6,-5.971,0,0.0566,0.377,0.00134,0.0749,0.662,135.018,4,latino,0.19386665000013711,0,0
5e2ZOmiFEAOFEgXNj1mHEk,Cheat Codes;Russell Dickerson,I Remember,I Remember,75,168117,False,0.57,0.737,1,-4.27,0,0.0685,0.0314,0.0,0.248,0.621,100.052,4,electro,0.2837098601632194,0,0
6DRWiEJyjKr8iy4ys0jE7R,La 25,Entre Cuervos y Chacales,De Paso Nomás,44,185501,False,0.646,0.846,7,-4.427,1,0.0282,0.0584,0.0,0.376,0.965,126.022,4,alt-rock,0.3641738337789211,0,1
3tUKWxIniEo64JuARvF96J,Acid Horse,Trax! Box,No Name No Slogan,22,355190,False,0.606,0.986,6,-3.322,0,0.0985,0.00133,0.87,0.0558,0.785,122.412,4,industrial,0.2293706917163664,0,0
1WbZ7ZmDVARABHF2isuWF7,The Minions,Despicable Me 3 (Original Motion Picture Soundtrack),Papa Mama Loca Pipa,54,89480,False,0.753,0.922,3,-5.154,1,0.0771,0.755,0.0711,0.142,0.87,97.36,4,children,0.28299575625483603,0,0
2aY4CS80pEEbB91beekApE,Rolf Zuckowski,Heia - Rolfs kleine Nachtmusik,Wo sind die Engel in der Nacht?,31,148280,False,0.459,0.201,3,-12.789,1,0.0402,0.817,0.00263,0.0627,0.43,114.985,4,children,0.5243919817599261,1,1
05hg6bvU95gDCK82QYaJmf,Horcas,Vence,Garras,20,185040,True,0.338,0.95,0,-4.009,1,0.0974,0.000381,0.422,0.108,0.778,146.78,4,heavy-metal,0.32570625689111843,0,0
1DAtB1SyJ0mM0w40D7H5O8,Phil Coulter,Classic Tranquility,Maggie,20,160906,False,0.388,0.0522,10,-23.112,1,0.0329,0.974,0.872,0.132,0.185,132.307,4,opera,0.7209999212847547,1,2
4QreTYtMfFghLIsYzHK2sj,Hans Zimmer;Orchestra,Hans Zimmer: Epic Scores,Main Theme [True Romance],23,211053,False,0.669,0.487,0,-16.316,1,0.0954,0.941,0.965,0.704,0.293,96.412,4,german,0.5080511339977403,1,1
4Mm9qSuCRoMl8H4yByoaNS,Tim Maia,Tim Maia In Concert,O Descobridor dos Sete Mares,42,296866,False,0.537,0.91,10,-4.783,0,0.176,0.0321,0.000478,0.951,0.774,137.261,4,mpb,0.380592183234021,0,1
5WGpg5FAO6OOm396QS53Re,Phil Wickham,You Are I Am - 6 Essential Christian Pop Songs,You're Beautiful,26,293720,False,0.329,0.518,3,-7.715,1,0.0286,0.0749,0.0278,0.149,0.187,166.115,4,world-music,0.48616098946013886,1,1
2coVkmm2fDPfoGDh6fOaMl,Mike Birbiglia,Two Drink Mike,The Guitar Guy at the Party,21,206000,False,0.414,0.713,7,-8.365,1,0.297,0.772,0.0,0.74,0.674,150.668,4,comedy,0.4875741271679745,1,1
3chQ0eFCHmha6yG0oezrx9,Die Draufgänger,Best Of Karneval,Marie,0,200314,False,0.755,0.843,0,-5.001,1,0.0544,0.0548,0.0,0.176,0.708,131.971,4,party,0.2624581882782626,0,0
4qjscZh4jfhkpcQG4ZQfi2,Def Leppard,Hysteria,Animal,64,244560,False,0.583,0.921,11,-5.215,1,0.0468,0.00153,0.0178,0.188,0.613,119.526,4,hard-rock,0.22489434647618944,0,0
2aKxfUQg9dhvgm7Yt9Lc7Q,Autograf;French Horn Rebellion;Flyboy,Gravity / Dead Soon (Remixes),Gravity (Flyboy Remix feat. French Horn Rebellion & Flyboy),49,211960,False,0.628,0.565,4,-7.702,1,0.0408,0.141,0.00916,0.106,0.153,120.042,4,deep-house,0.23971911482302607,0,0
44wQyIfKJSyZPt7QN4NgN4,Solex,Victim Of Love,Victim Of Love - Original Mix,20,451970,False,0.617,0.94,2,-5.538,1,0.071,9.11e-05,0.876,0.091,0.057,137.009,4,trip-hop,0.13085343361974944,0,0
6lVtX3nLHyWZP7aqU9HuVW,Yeah Yeah Yeahs,Halloween 2022,Heads Will Roll,0,221000,False,0.562,0.903,8,-4.46,0,0.0296,0.000187,0.0939,0.298,0.791,132.013,4,punk-rock,0.32414154881353147,0,0
5uLI5nNH2i5X0oE8oU1cq2,The Hub Caps,Rockabilly Party,Tiger,22,133920,False,0.628,0.948,6,-5.646,0,0.0611,0.162,0.0,0.026,0.964,89.992,4,rockabilly,0.3851039374350249,0,1
6mRTYXkcl9kHL01Wr7zDEB,Nogizaka46,おいでシャンプー TypeA,おいでシャンプー,27,248826,False,0.515,0.878,5,-2.592,1,0.0494,0.152,4.73e-06,0.198,0.822,159.917,4,j-idol,0.28949379053709345,0,0
2lXOcxoc8Ye5AXIG7Lhpey,Los Amigos Invisibles,El Paradise,Cara E' Pasmao',19,202346,False,0.715,0.925,5,-3.932,0,0.0316,0.0155,0.0779,0.158,0.898,103.006,4,afrobeat,0.24748467361913795,0,0
7vQS9xDSohpM2Y450RmPKH,Desaster,The Arts of Destruction,Phantom Funeral,17,312240,False,0.116,0.994,8,-4.908,1,0.167,6e-06,0.0255,0.416,0.0383,163.551,4,black-metal,0.4883790645625684,1,1
1tlwgUOwvxIA6nbUeOPuBG,Sain,Dose de Adrenalina,Sussurros na Fumaça,43,146016,True,0.521,0.656,9,-5.347,1,0.245,0.699,0.0026,0.224,0.432,137.201,4,brazil,0.4586616192266248,1,1
5xe8JKOPu53Q2Fa2FRuCfZ,Simply Red,Planet 80's,Come to My Aid - 2008 Remaster,1,245106,False,0.771,0.898,11,-6.432,0,0.0404,0.299,0.0899,0.0889,0.961,116.204,4,r-n-b,0.24476961632393102,0,0
7DOuM8cAxWRssJnWQO3tLE,The Meow Meows,Somehow We Met,Siberian Soup,27,227278,False,0.623,0.645,8,-5.524,1,0.0278,0.0136,0.00379,0.0895,0.336,141.088,4,dub,0.1987583206594537,0,0
0adVktNVJXPZfhQe6B1NO5,KT Tunstall,sadsadchristmas,Lonely This Christmas,0,257493,False,0.409,0.153,6,-10.74,0,0.0306,0.939,2.56e-05,0.108,0.18,85.262,4,acoustic,0.6127830617934561,1,2
66HnStZWn2gkmrOeaiwUu8,Kidz Bop Kids,Halloween y diversión para peques,Thriller,0,229020,False,0.675,0.972,6,-5.397,1,0.0898,0.014,0.000318,0.657,0.756,119.059,4,children,0.3266403278391028,0,0
2r94LHyx7wZyvB6mUDgvZI,Catupecu Machu,Laberintos Entre Aristas Y Dialectos,Entero O A Pedazos - Acustico,38,306546,False,0.519,0.468,10,-7.287,1,0.0357,0.563,0.0,0.702,0.352,101.204,4,punk,0.4719373004280788,1,1
5UAGqaLsYS9EgPJz0WvrB1,Feid;Maluma;Sky Rompiendo,Halloween 2022 Perreo Vol. 3,FRESH KERIAS,2,272800,False,0.741,0.582,8,-4.445,1,0.281,0.291,0.000101,0.152,0.713,186.096,4,pop,0.381151800995124,0,1
22PTmk4mzAVi92WiQPAcFp,Calvin Harris;Normani;Tinashe;Offset,"New To You (with Normani, Tinashe, & Offset)","New To You (with Normani, Tinashe, & Offset)",67,302952,True,0.728,0.707,5,-5.09,0,0.0436,0.371,0.00107,0.126,0.802,96.023,4,progressive-house,0.328042758978385,0,0
1fMXWEkJpIH483OrKn1zFV,BLACKPINK,"BLACKPINK ARENA TOUR 2018 ""SPECIAL FINAL IN KYOCERA DOME OSAKA""","SO HOT - THEBLACKLABEL REMIX BLACKPINK ARENA TOUR 2018 ""SPECIAL FINAL IN KYOCERA DOME OSAKA""",64,144166,False,0.783,0.809,1,-10.0,0,0.221,0.0588,1e-05,0.515,0.814,140.025,4,k-pop,0.2508449349947973,0,0
3HM2xwo3yvCu4rrUxOAgSr,Orchestral Manoeuvres In The Dark,Souvenir,Messages - Remastered 2019,24,241253,False,0.589,0.886,1,-5.87,1,0.0327,0.00849,0.0289,0.102,0.883,130.024,4,synth-pop,0.23017351690566387,0,0
7nXci98gcFBxwsSRxqkzSq,Kailash Kher,Dhindora,Dhindora,50,199838,False,0.731,0.746,10,-6.859,0,0.0707,0.00528,0.000334,0.0852,0.788,123.954,4,indian,0.19118778488064797,0,0
767jlLLi9u3ry47yhptwxT,Headhunterz,Rock Civilization / The Sacrifice Remixes,Rock Civilization - Technoboy's Undersound Mix,20,415270,False,0.417,0.876,9,-4.984,1,0.153,0.00134,0.415,0.0711,0.361,150.041,4,hardstyle,0.30113499891971524,0,0
5nxmwuDelvrQPTofGhF6nk,From The Vastland,Kamarikan,Kamarikan,0,360875,False,0.289,0.539,10,-7.317,1,0.15,0.000126,0.916,0.111,0.0391,119.898,4,iranian,0.47254944336955046,1,1
4Tswz6Vd2cZg7Snm5rEtOF,Kacey Musgraves;Lana Del Rey,Holiday Anthems 2022,I'll Be Home For Christmas - From The Kacey Musgraves Christmas Show,0,132108,False,0.469,0.183,5,-15.414,1,0.0407,0.829,0.0,0.71,0.381,139.592,4,country,0.5672021666930144,1,1
0zTdT65lUqepmx7N5dwVRj,Moonspell,Lisboa Under the Spell,Alma Mater,17,411506,False,0.337,0.955,9,-5.061,0,0.0839,5.98e-06,0.891,0.862,0.151,142.457,3,black-metal,0.3619350619227945,0,1
0VDbQ47H6Zn0zTdMziB0ex,Wisin & Yandel,Perreo Tenebroso Vol. 5,Tu Olor,0,246853,False,0.821,0.753,1,-5.27,0,0.0817,0.0148,6.13e-06,0.109,0.364,114.983,4,latino,0.23025997411401308,0,0
2OImOyNxoQj3EhOjfGtkT4,Ella Fitzgerald,Christmas Dinner 2022,Sleigh Ride,0,175986,False,0.593,0.287,1,-12.472,1,0.0469,0.764,0.0,0.153,0.639,77.117,4,blues,0.45719201509821633,1,1
709ffFK4o4MtG1NKoLvOma,Peter Schilling,The Different Story (World Of Lust And Crime),Major Tom - Coming Home,65,301373,False,0.787,0.42,4,-14.32,0,0.0645,0.153,0.164,0.169,0.838,161.247,4,synth-pop,0.25496529853324673,0,0
7DwosM7agbA6G7r6oyztR0,Kamelot,Ghost Opera: The Second Coming,Up Through the Ashes,24,299320,False,0.298,0.979,1,-2.391,0,0.103,0.0053,0.011,0.217,0.183,119.84,4,goth,0.47512726179344156,1,1
6MSKVdRyRt2BeKFd7N4QKq,Gracie Abrams,Fall Aesthetic,Rockland,0,217368,False,0.568,0.402,5,-11.344,1,0.0448,0.787,0.000188,0.103,0.397,125.743,4,indie,0.44796243292618204,0,1
6I4WkJKGbgjQ2tF8vIADTh,Vybz Kartel;Tommy Lee,Mentally Free,Betray Di Gaza Boss,18,176326,False,0.975,0.685,1,-4.702,1,0.148,0.32,0.0,0.0979,0.758,120.046,4,j-dance,0.2634529708924033,0,0
2Pmz8aqad67TXz68XeJChp,Noisia;Skrillex;josh pan;Dylan Brady,Closer,Supersonic (VIP),44,206010,False,0.416,0.506,9,-7.885,0,0.1,0.0404,0.0202,0.11,0.0613,172.028,4,drum-and-bass,0.34481189662531675,0,0
6PkOmPMlH5nPFeoCPU0lo2,Nightwish,Highest Hopes-The Best Of Nightwish,Nemo,59,273626,False,0.498,0.745,3,-6.537,1,0.0351,0.000167,0.000136,0.0681,0.346,125.014,4,opera,0.29746056685236866,0,0
2NVrALq8HUj3Y0NKC4AjGw,Grey Daze,Amends,B12,48,213680,False,0.475,0.922,11,-5.136,0,0.0452,0.00738,0.0218,0.07,0.535,154.99,4,grunge,0.24844524868546586,0,0
65V2meSeDYo17yCWYSx8ug,Alexisonfire,"""Watch out!""",White Devil,32,214786,True,0.19,0.871,4,-5.416,1,0.083,8.06e-06,1.74e-05,0.239,0.349,95.437,4,metalcore,0.38885275595350016,0,1
0343bYQtSfznf6v90jRLRK,John De Sohn;LIAMOO,Made For You,Forever Young,65,167911,False,0.653,0.621,8,-6.045,1,0.0308,0.178,0.0,0.0952,0.584,121.98,4,house,0.2049947109118563,0,0
2qOF8MklZW5dw1zzwO7Izx,Granular,Brown Noise For Sleep,Brown Noise For Sleep 3,44,76874,False,0.0,0.836,1,-24.271,0,0.0,0.996,0.997,0.109,0.0,0.0,0,sleep,0.5185553685904709,1,1
1l2rhgqW23rwd6xopUoCNK,Сергей Зыков,Есть одна хорошая песня у соловушки...,Тальянка,0,216816,False,0.393,0.322,4,-11.513,0,0.0367,0.981,0.00402,0.0791,0.198,81.021,4,romance,0.6355232461697761,1,2
4vE6TZnL54xyWZyHvVR4vu,Girl Pusher,Dont Die,Decapitation (Odeath - 911 Cut),16,193714,False,0.358,0.456,11,-9.638,0,0.107,0.138,0.0258,0.469,0.425,139.841,4,club,0.5044053080053281,1,1
04rQMy0kPLdMyIeK5oyg1g,Hitorie,3分29秒,3分29秒,52,210968,False,0.489,0.914,11,-3.363,0,0.114,0.00624,0.0,0.325,0.692,101.27,4,anime,0.19995641407682094,0,0
4A7sEZMxweWEJxKJ1vnyrV,Sean Paul;Dua Lipa;Delirious & Alex K,No Lie (Remixes),No Lie - Delirious & Alex K Remix,39,258546,False,0.804,0.733,7,-3.263,1,0.23,0.00152,0.0,0.525,0.485,102.018,4,dancehall,0.3091339234116849,0,0
3l1cyMgi27bv1KIP10cqOW,Armin van Buuren;Scott Abbot,"Feel Again, Pt. 2",I'm Sorry,7,190384,False,0.596,0.919,9,-6.179,0,0.0485,0.0329,0.000216,0.138,0.218,130.017,4,trance,0.24727302264878867,0,0
7K8ynCu1uyHNR23IokFDK5,Sweet Little Band,Les Tout - Petits Ecoutent Beatles,Yellow Submarine,38,157344,False,0.643,0.262,7,-9.201,1,0.0333,0.324,0.0,0.158,0.776,113.051,4,children,0.37599769656234905,0,1
4GOvxgkT5LwHh8ZPWbDJPm,Vondkreistan,Maniac,Authority,43,268536,False,0.645,0.784,6,-7.94,1,0.0362,0.00807,0.688,0.333,0.51,106.006,4,club,0.22301545534575476,0,0
5TdryAwnGlMsFFnxGm3fv9,Octave One,Love by Machine,8 b4 Dawn - Original Mix,2,336368,False,0.726,0.277,9,-15.239,0,0.0487,0.531,0.843,0.0887,0.0784,125.942,4,detroit-techno,0.38059111285604064,0,1
2kyWypdfTsVe4L7cB6AAtF,Mariah Angeliq,Esto me suena a Farra,Perreito,0,123680,True,0.737,0.607,0,-3.599,1,0.0835,0.194,0.11,0.132,0.528,179.957,4,latin,0.315178829665246,0,0
3E5MhY69Vt98jPTcZES8RA,Tiken Jah Fakoly,Afrodance 2022,Alpha Conde,0,248320,False,0.726,0.48,10,-8.784,1,0.165,0.311,0.0245,0.0734,0.87,75.89,4,french,0.3533275567201169,0,1
164YLgHJYhqOEYUcAc93Xz,Aimer;Chelly,daydream,ninelie,54,261773,False,0.462,0.85,6,-5.558,0,0.0453,0.0256,1.94e-05,0.0756,0.206,172.063,4,j-rock,0.241990448218912,0,0
0J14macNc8qWBmQfcySj8c,Johnny Tillotson,Why Do I Love You So,Send Me the Pillow That You Dream On (Alternate Take),32,173973,False,0.411,0.314,2,-9.257,1,0.0276,0.751,4.76e-06,0.42,0.447,108.84,4,rock-n-roll,0.46885468450961143,1,1
3lUQpvfWFcxZC3RYAVGE7F,Pink Sweat$,I Feel Good,I Feel Good,68,136058,False,0.803,0.75,11,-4.67,1,0.0551,0.0233,3.87e-05,0.045,0.628,106.0,4,chill,0.23100917888149147,0,0
7v7BgWqCYaEHfgbJeZTzdR,Johnny Stimson,Flower,Smile,50,162784,False,0.512,0.323,2,-10.225,1,0.226,0.208,0.0,0.0862,0.434,87.863,4,chill,0.37239414268466303,0,1
5E6u3mipkLhYFuktFXc7LS,Frankie Knuckles,Beyond The Mix,Workout,20,255200,False,0.905,0.567,10,-12.667,0,0.114,0.00283,6.56e-05,0.321,0.507,118.759,4,chicago-house,0.2874429660174711,0,0
3AygCrAj6TZZ6mGkcvD9To,ARTY,Take Your Time,Take Your Time,56,186141,False,0.583,0.94,7,-3.05,1,0.0551,0.0476,0.000206,0.0524,0.378,127.009,4,progressive-house,0.1523517251695096,0,0
0uukw2CgEIApv4IWAjXrBC,My Chemical Romance,The Black Parade,Dead!,70,195520,True,0.481,0.973,7,-1.945,1,0.0542,0.0037,0.000877,0.325,0.362,99.331,4,punk,0.19266098644278612,0,0
7t2NEWONd6piQvE8uyXSsJ,Pong Nan;Tang Siu Hau,自知之明,自知之明,39,222857,False,0.521,0.23,5,-10.254,1,0.0322,0.921,0.0,0.132,0.472,125.398,3,cantopop,0.5946180994521932,1,1
5Z10YWrfpP2UAUwmmHIR8y,The White Stripes,De Stijl,Apple Blossom,54,133293,False,0.537,0.454,9,-7.896,1,0.0551,0.65,0.000154,0.0852,0.626,128.193,4,garage,0.40757200388248616,0,1
5ulyMRVraAUV3OC7cbkRpF,Echo & the Bunnymen,OK Boomers - Top Tunes,Lips Like Sugar,0,291866,False,0.552,0.934,4,-4.039,1,0.0299,0.00448,0.0207,0.258,0.863,130.001,4,punk-rock,0.25629924856640296,0,0
4voJGwEr7Uw54pr3RSRIsg,MEDUZA;James Carter;Elley Duhé;FAST BOY,Larga Vida al Electro,Bad Memories,4,148629,False,0.607,0.767,5,-6.069,0,0.0474,0.118,0.0,0.122,0.662,123.998,3,electro,0.2771027738655119,0,0
2tYVoqPJb1cc67FxwyczyJ,CoComelon,Nursery Rhymes by CoComelon,Are You Sleeping? (Brother John),41,130909,False,0.842,0.301,0,-8.11,1,0.0485,0.855,0.0,0.0492,0.891,110.022,4,children,0.355578413823901,0,1
3kQm6t1V0dy7xdhRXVzWRd,Galee Galee;Cris Mj;Bstk Prod,Toy Con la Bendición,Toy Con la Bendición,41,244788,True,0.608,0.522,2,-11.038,0,0.214,0.384,8.62e-05,0.117,0.497,103.935,4,latino,0.38115490323165274,0,1
5mqDPUsrl6le2eGJBbTtyi,Grupo Sem Abuso;Daniel Caon,Terminar na Cama,Terminar na Cama,55,143766,False,0.653,0.806,4,-5.94,0,0.0534,0.565,0.0,0.23,0.926,153.922,4,pagode,0.3977272165570413,0,1
1XuNtoAuKZEHdFFKrnTZGB,Keyakizaka46,永遠より長い一瞬 ~あの頃、確かに存在した私たち~(Complete Edition),角を曲がる,21,195253,False,0.587,0.701,2,-4.95,1,0.0384,0.508,0.0377,0.0971,0.566,141.934,4,j-idol,0.3836192995857604,0,1
1i2gOMiOhbLkOAM4PqQkHi,Takeova,Introvert,Introvert,24,180983,False,0.564,0.506,11,-7.774,1,0.268,0.457,0.0,0.102,0.707,94.78,4,j-dance,0.3843008061898032,0,1
5XeFesFbtLpXzIVDNQP22n,Arctic Monkeys,AM,I Wanna Be Yours,92,183956,False,0.464,0.417,0,-9.345,0,0.0256,0.136,0.022,0.0974,0.479,67.528,4,rock,0.34111338506242417,0,0
6JSQu4eO5a81ZUNDUmMVUN,Tsunami Bomb,Trust No One,Mushy Love Song,22,145186,False,0.295,0.841,2,-6.161,1,0.0414,3.98e-05,0.0301,0.0586,0.676,152.145,4,power-pop,0.3431512600072196,0,0
2mxByJWOajjiVsLWjNXvDJ,The Beatles,Abbey Road (Remastered),Oh! Darling - Remastered 2009,67,207240,False,0.422,0.656,4,-8.412,1,0.0397,0.0126,0.0279,0.268,0.549,173.93,3,british,0.3650688851918733,0,1
55TIb9EPxSq3AP8COlVl98,Taproot,Music as a Weapon II,Poem - Live Version,26,199093,False,0.44,0.984,11,-4.715,0,0.0816,0.00395,0.00108,0.897,0.417,108.256,4,industrial,0.31778506052713035,0,0
1pwx37YPdId6FbA7pEpfRM,Kite,Demons & Shame,Demons & Shame,23,328680,False,0.313,0.86,0,-4.999,1,0.0414,2.99e-05,0.104,0.09,0.249,163.094,3,synth-pop,0.3703576105886884,0,1
4TXvXqRYDk29Ayi41rAwVj,Vou Zuar;Xande De Pilares,Trilha Do Amor / Clareou / Supra Sumo Do Amor,Trilha Do Amor / Clareou / Supra Sumo Do Amor,41,556341,False,0.448,0.718,2,-7.755,1,0.0484,0.663,0.0,0.223,0.84,109.718,4,samba,0.45399075558778035,1,1
5wm0L02zvFgWP6QwIBh16p,Fejká,Jubal,Jubal,42,252528,False,0.671,0.838,9,-9.902,0,0.0352,0.00495,0.854,0.34,0.0348,120.01,4,ambient,0.2133576672356938,0,0
6HQnsvDOLnbelGMgihlSvp,Germaine Franco,Nasze Magiczne Encanto (Muzyka z filmu),Pomocy!,24,147520,False,0.246,0.0569,7,-27.911,1,0.0353,0.957,0.945,0.0745,0.034,74.791,4,disney,0.6394674635316895,1,2
53wwYV2Dx9d4mByCvmzbEa,Andrew Bayer,Journey To ABGT500 pt.2,Memories (ABGT499D3),31,300000,False,0.201,0.896,1,-6.664,0,0.0502,0.00106,0.00537,0.181,0.385,127.975,4,trance,0.363037896209184,0,1
5WLaJoYalaASb9JB7Yk5U6,BURNOUT SYNDROMES,檸檬,ヒカリアレ,60,244786,False,0.313,0.941,7,-1.741,1,0.133,0.0112,0.0,0.363,0.35,178.061,4,anime,0.3358417927763388,0,0
6AAU8lAs6t7EkrCQpr5q8E,Pense,"Realidade, Vida e Fé",Revitalizar,30,191017,False,0.507,0.991,6,-4.568,1,0.0803,6.68e-05,0.000143,0.169,0.777,113.014,4,hardcore,0.3333866622169681,0,0
5SGjzbR81S0tCudlec1NXW,OneRepublic,Pop Christmas 2022,Christmas Without You,0,197146,False,0.262,0.677,7,-5.645,1,0.0528,0.447,0.0,0.205,0.365,207.478,3,rock,0.48518032178338344,1,1
6rj48XPo5Gk9T7kXFYY93y,iyla,OTHER WAYS TO VENT,Strings,64,175807,False,0.548,0.558,1,-4.339,0,0.227,0.46,0.0,0.0788,0.7,80.031,4,chill,0.4145296732713431,0,1
6WkJ2OK163XXS2oARUC9JM,Aaron Smith;Krono;Luvli,Dancin (feat. Luvli) [Krono Remix],Dancin (feat. Luvli) - Krono Remix,78,198053,False,0.72,0.741,10,-6.529,0,0.0287,0.101,1.41e-05,0.289,0.357,119.896,4,chicago-house,0.23252693259299984,0,0
6wbbbTyX0vqVN85ZwiRIm3,Burgerkill,Beyond Coma and Despair,Atur Aku,36,273880,True,0.462,0.98,4,-5.191,0,0.0912,0.00015,0.0278,0.138,0.244,99.827,4,hardcore,0.20355545746263778,0,0
2rXjy3by0nsxQsulTj8hJd,Kelpe,Ex-Aquarium,Yippee Space Ghost,11,327480,False,0.717,0.533,5,-8.382,0,0.0364,0.111,0.844,0.302,0.287,102.981,4,idm,0.2281686277330101,0,0
3m9SxYFORsHS5SbQCUrl50,Pique Novo;Vavá,Maxximum - Pique Novo,Eu Tenho Muito Mais - Live Version,46,205693,False,0.296,0.876,4,-7.295,1,0.0973,0.198,0.0,0.849,0.67,146.991,4,pagode,0.40884067125499857,0,1
26YSv4NFDACPUKGX5Aj079,JEON SOMI,XOXO,What You Waiting For,58,175375,False,0.779,0.656,8,-5.711,1,0.0641,0.0142,0.0,0.217,0.802,121.938,4,k-pop,0.16316909242415123,0,0
3XbsE5TVP2vuzHNbu859Xq,Blind Faith,Overwatch 2 The Ultimate Fantasy Playlist,Battle of Evermore,2,247866,False,0.534,0.416,4,-13.251,0,0.0309,0.572,1.87e-05,0.376,0.374,145.092,4,blues,0.5794280512840303,1,1
3S7NB9yGDk4HjbHxkqzgK8,Juanes;Christian Nodal,Hora del taco sin auto,Tequila,1,159546,False,0.757,0.688,9,-4.546,1,0.112,0.226,0.0,0.237,0.704,155.994,4,latin,0.26123772292879965,0,0
2KpWGrUUIs0j3rbDzLqfUB,Navicula,Archipelago Rebels,Kembali Ke Akar,28,187509,False,0.643,0.917,2,-5.732,1,0.031,0.000996,0.000656,0.241,0.946,105.037,4,psych-rock,0.2541857444083715,0,0
1LnC2j20pWSOJN5uujkvwB,ISHA,Labrador bleu,La réincarnation de Biggie,35,192130,True,0.706,0.506,2,-7.861,1,0.322,0.199,0.0,0.142,0.306,124.644,4,french,0.38446213766337595,0,1
2TpfIIAtMFi3ta7dncAT3o,MC Rhamon,Visão de Cria,Visão de Cria,50,166363,False,0.77,0.603,1,-5.882,1,0.378,0.512,0.0,0.0494,0.396,175.783,4,funk,0.374632916678869,0,1
3ZM4ooUW4wtbtVGaFPC1bk,Bharath Sajikumar,Nagavalli (Reprise Version),Nagavalli - Reprise Version,37,209250,False,0.343,0.298,5,-10.359,1,0.0323,0.916,0.0,0.0806,0.327,153.944,4,malay,0.5795663924790757,1,1
2l3xZiLi7CDNd6hGJKb2ZB,Morcheeba,Oh Oh Yeah,Oh Oh Yeah,17,413205,False,0.599,0.485,11,-9.984,0,0.0274,0.157,0.397,0.153,0.334,119.983,4,trip-hop,0.34050372361527986,0,0
7py6vU2H9mlNd14m4g89gy,Robin Schulz;Tom Walker,Hits à suivre 2022,Sun Will Shine,0,201700,False,0.534,0.714,6,-6.347,0,0.0629,0.00633,0.0,0.0879,0.415,125.99,4,dance,0.3212522992805122,0,0
7e3JpmZNlzh8reXergT8LC,KSHMR;Yves V;Krewella;RANDALL,No Regrets (feat. Krewella) [RANDALL Remix],No Regrets (feat. Krewella) - RANDALL Remix,46,250105,False,0.553,0.846,10,-5.146,0,0.0673,0.0283,0.000319,0.0616,0.488,95.046,4,edm,0.1890410942996557,0,0
2gSVKxPDww9Eep5rdvtdem,Limp Bizkit,Chocolate Starfish And The Hot Dog Flavored Water,My Way,73,272973,True,0.576,0.864,6,-3.981,1,0.0462,0.02,1.68e-06,0.683,0.609,97.225,4,metal,0.22741606620706045,0,0
5qoJCrVHq60horajlEnl9y,XTC,Oranges & Lemons,Scarecrow People - 2001 Remaster,23,253160,False,0.595,0.89,1,-4.998,0,0.028,0.0233,2.02e-05,0.21,0.92,94.648,4,power-pop,0.2347850778424998,0,0
4LqX943ydRW59Nf48fQD2k,Nelly Omar,Nelly Omar - Desde el alma,La cumparsita,16,146720,False,0.545,0.339,4,-8.627,0,0.0408,0.96,6.58e-05,0.122,0.452,60.748,4,tango,0.5731155432084076,1,1
7LyODTwVRK0KN0615tcBPq,Marilyn Manson,Halloween Scary Party,The Beautiful People,0,222773,True,0.609,0.948,9,-4.938,1,0.113,0.00404,0.0978,0.042,0.786,144.037,4,metal,0.2099229647472008,0,0
5ttPhgLuzPJfzFrLPlmJUv,Stabil,Stabil,Rüya & Gerçek,39,153756,False,0.701,0.537,9,-13.138,0,0.0429,0.828,0.0157,0.0965,0.307,89.997,4,turkish,0.45885794660262313,1,1
26xKA9OhVaZa0gm53BhIiH,Tan Taşçı,Söz & Müzik: Tan Taşçı (Live),Yalvarırım - Live,40,186519,False,0.426,0.404,4,-8.75,0,0.0716,0.896,0.0,0.197,0.229,142.808,4,turkish,0.4895954223556434,1,1
19gWKISRrdEpywKRkZHphI,Armaan Malik;Sam C.S.;Manoj Muntashir,Vikram Vedha,Yaara,48,232164,False,0.22,0.433,8,-9.075,0,0.0323,0.715,2.88e-06,0.129,0.22,80.004,4,pop-film,0.4854903011419801,1,1
6JUMswocQ7Hp46kj9kyljT,Feid;Yandel,FELIZ CUMPLEAÑOS FERXXO TE PIRATEAMOS EL ÁLBUM,XQ Te Pones Así,78,218693,False,0.812,0.697,10,-3.441,1,0.0694,0.134,0.0,0.147,0.477,92.03,4,reggaeton,0.14445508551459393,0,0
3fjmSxt0PskST13CSdBUFx,Linkin Park,Meteora (Bonus Edition),Somewhere I Belong,73,213933,False,0.451,0.951,1,-3.754,1,0.0645,0.00038,2.39e-06,0.261,0.442,162.065,4,grunge,0.3144799667086749,0,0
0Ux2fAE65FDoKtjSOwSKia,Almafuerte,En Vivo All Boys,Del Camionero - En Vivo All Boys,21,126119,False,0.291,0.873,9,-6.326,1,0.0715,0.103,0.0,0.206,0.186,133.937,1,heavy-metal,0.3736250038420815,0,1
7hke4o18WMJDxYpNkmYuYl,Extreme,Los Clásicos del Pop 90s,More Than Words,1,337828,False,0.626,0.242,6,-8.658,1,0.0269,0.43,1.09e-06,0.119,0.228,91.259,4,funk,0.5528336585719481,1,1
2sS1DcNGSsG34Ccua98Q4t,Tai Verdes,HDTV,LAst dAy oN EaRTh,59,172773,False,0.5,0.552,5,-5.83,1,0.222,0.323,4.97e-05,0.221,0.336,83.938,4,indie-pop,0.3624767800076322,0,1
2ubHoHRIiw6GZdSuPSmxJL,The Red Chord,Clients,Blue Line Cretin,14,147253,False,0.228,0.968,8,-4.733,1,0.17,0.000106,0.000205,0.363,0.272,79.748,4,grindcore,0.3337024456838689,0,0
2L1WVCWCuhbc8IEIiJbrGl,Misfits,Spooky Scary Season,Halloween,2,112426,False,0.382,0.937,0,-9.01,1,0.0758,0.0172,0.0,0.271,0.0957,108.729,4,punk-rock,0.37578680987247515,0,1
2iZeKe5avjtKVmjfSFkpxd,Pritam;Rahat Fateh Ali Khan;Tulsi Kumar,Once Upon A Time In Mumbaai,Tum Jo Aaye,66,286443,False,0.574,0.841,4,-4.449,1,0.0948,0.399,1e-06,0.205,0.927,83.706,4,indian,0.30973766684897946,0,0
4l5OJLb3AsvfEyeAYAJHpe,Juanafé,La Makinita,Venga Mi Vida,26,311453,False,0.698,0.542,9,-5.923,0,0.0276,0.639,0.000261,0.104,0.724,88.058,4,afrobeat,0.33871541074960837,0,0
0KASSQoorOGoCWCgPagJhf,Swedish House Mafia;Sting,Fiesta portatil,Redlight,3,242904,False,0.716,0.655,2,-5.999,1,0.0444,0.00857,0.162,0.0572,0.207,125.012,4,edm,0.27803006240359013,0,0
3GFKTTjXzCzr8QcqDfdnXy,Valery Obodzinsky,Вечная весна,Листопад,31,189074,False,0.622,0.412,8,-13.157,1,0.0589,0.449,5.4e-05,0.0789,0.719,118.63,4,romance,0.31433337323149657,0,0
1gS3HJ7xfTvID7UAPSwk70,Nicole Moudaber,Pure Intec 2 Mixed by Carl Cox & Jon Rundell,Brooklyn Hangover,18,289800,False,0.785,0.835,0,-10.673,0,0.0488,0.0234,0.955,0.0797,0.0879,125.878,4,minimal-techno,0.15159557312565913,0,0
06B04lID9HGPwPWwBkTQfU,Nirvana,In Utero - 20th Anniversary Remaster,Frances Farmer Will Have Her Revenge On Seattle,59,250013,False,0.482,0.723,10,-10.08,0,0.0425,5.66e-05,0.000432,0.0939,0.554,117.051,4,grunge,0.23874025768720553,0,0
359PHdNHrEdBeFXzLC7TJJ,Mickie Krause,Ballermann Hits Party 2023,Für Dich,0,229740,False,0.643,0.996,5,-2.635,1,0.0775,0.0059,0.0,0.163,0.382,139.966,4,german,0.3040437963418021,0,0
2CRx925YeUuCmXnb76IGZb,Etherwood,Etherwood,Begin By Letting Go,49,261901,False,0.612,0.499,4,-6.904,0,0.0546,0.127,0.184,0.146,0.0398,173.021,4,drum-and-bass,0.3692663393341442,0,1
3yfqSUWxFvZELEM4PmlwIR,Eminem,The Marshall Mathers LP,The Real Slim Shady,87,284200,True,0.949,0.661,5,-4.244,0,0.0572,0.0302,0.0,0.0454,0.76,104.504,4,hip-hop,0.11317868925607541,0,0
50RxCp8dmcpd5P66b95u68,Mari Borges;Sarah Beatriz,Outro Na Fornalha (Another In The Fire) [Ao Vivo],Outro Na Fornalha (Another In The Fire) - Ao Vivo,50,269840,False,0.557,0.758,7,-6.165,1,0.0414,0.324,3.34e-06,0.0838,0.192,129.924,4,gospel,0.29417861605685147,0,0
6DK8DFFf1YLur4WsH6Y4VR,Sam & Dave,Thanksgiving Party,"Hold On, I'm Comin'",0,155706,False,0.803,0.338,6,-14.029,1,0.0349,0.196,0.0367,0.097,0.912,106.84,4,funk,0.2837861995352897,0,0
2kFHjWko1il6O9L3eK9IzG,Leah Nobel,"Beginning Middle End (From The Netflix Film ""To All The Boys: Always and Forever"")","Beginning Middle End - From The Netflix Film ""To All The Boys: Always and Forever""",57,194826,False,0.674,0.676,2,-6.878,1,0.0367,0.43,3.13e-05,0.108,0.919,78.99,4,singer-songwriter,0.20713196771341552,0,0
0wb21I1NV5uVUolRXIqlJF,Badfinger,Magic Christian Music (Remastered 2010 / Deluxe Edition),Come And Get It - Remastered 2010,55,143213,False,0.616,0.629,8,-6.9,1,0.0263,0.0285,1.32e-06,0.208,0.606,94.004,4,power-pop,0.24105585147811334,0,0
5fnIi0IUOyocjNyRrG8r7P,Sportlov,Offerblod I Vallabod,Dimma Över Mångsbodarna,12,217253,False,0.149,0.802,11,-6.998,1,0.0821,1.94e-05,0.00583,0.267,0.17,170.907,4,grindcore,0.3771945610130812,0,1
2RzW810u8zoJA8BBVhc5fT,すとぷり,Are You Ready?,Strawberry Smile Magic,37,209536,False,0.576,0.934,1,-3.262,1,0.0505,0.0126,0.0,0.383,0.593,134.018,4,j-pop,0.1569250593602527,0,0
0b0x5fdpSjvJ8LiYSPnWoF,Café Tacvba,Un Segundo MTV Unplugged,Las Batallas/Rarotonga - MTV Unplugged,46,326146,False,0.496,0.949,9,-8.056,1,0.0459,0.013,0.0231,0.807,0.441,164.655,4,alt-rock,0.40306435952653974,0,1
4GKpZOfcdXL6GS6W5ooYsH,Bogdan Raczynski,Samurai Math Beats,Why? Why?,12,294133,False,0.678,0.88,4,-7.082,0,0.041,0.00116,0.905,0.0568,0.341,113.273,4,idm,0.14320357898329356,0,0
1cU86WQnffWrrCYK9Un6GA,Imperative Reaction,Electronic Saviors: Industrial Music To Cure Cancer,Giving In To The Change - Assemblage 23 Mix,27,264780,False,0.546,0.962,6,-6.779,0,0.0422,1.52e-05,0.544,0.061,0.682,126.994,4,industrial,0.2233090101468452,0,0
2NouPVwXUlBF0wDm5bpAbp,Udit Narayan;Alka Yagnik,Dil Chahta Hai,Jaane Kyon Log Pyar,58,289386,False,0.607,0.526,4,-9.111,1,0.066,0.0185,0.00173,0.227,0.341,190.019,4,pop-film,0.27116519905018327,0,0
6PAxR05BFuivymyKqGWVL4,Lindsay Mendez,35MM: A Musical Exhibition (Original Cast Recording),Transition 2,24,62773,False,0.501,0.336,2,-10.893,1,0.031,0.665,0.0,0.509,0.527,103.862,3,show-tunes,0.4911950982823518,1,1
0DnGfA1r8pAssJCuq4ojla,Gary Moore,Still Got The Blues,Still Got The Blues,68,370866,False,0.189,0.39,9,-14.497,0,0.0353,0.257,0.000152,0.122,0.32,169.563,3,blues,0.5882614417968542,1,1
44zVV7hw9cCj2tmzCmmChE,Smash Mouth,Los Clásicos del Pop 90s,All Star,1,200373,False,0.731,0.867,11,-5.881,1,0.032,0.0394,0.0,0.0861,0.776,104.02,4,alt-rock,0.20125857179432238,0,0
03cAFCWyzUOFus6Os8EoQG,Orbital;Yotto,Belfast (Yotto Remix),Belfast - Yotto Remix,51,395449,False,0.608,0.895,0,-9.447,1,0.042,0.000204,0.753,0.11,0.0699,123.007,4,hardcore,0.2801156159217647,0,0
7dR13PkvpA9CoQlrM2HjC7,Celtic Thunder,Legacy (Vol. 2),Seven Drunken Nights,20,303693,False,0.457,0.711,2,-9.988,1,0.457,0.778,0.0,0.531,0.35,124.892,3,opera,0.506072462647133,1,1
1Sy41HCCozDBL73orZpW5Y,Mrs. GREEN APPLE,サママ・フェスティバル!,サママ・フェスティバル!,41,264160,False,0.404,0.963,4,-1.707,1,0.0663,0.00151,1.06e-05,0.0521,0.607,169.963,4,j-pop,0.1749965565549384,0,0
29mZKwRwHXGlzOPdmFOiHe,ICE-T,Rap Classics,6 'n the Mornin',0,224866,True,0.823,0.745,5,-6.637,0,0.247,0.0029,0.000333,0.323,0.579,91.919,4,hardcore,0.28201840496473546,0,0
1QRyL0hj1iKafA4gbSaxB7,Novo Som;Catedral,Mais Que Amigos = Irmãos (Ao Vivo),Você - Ao Vivo,37,369400,False,0.654,0.742,7,-6.54,1,0.0259,0.581,2.23e-05,0.712,0.785,113.272,4,gospel,0.306495496857808,0,0
6AMvpaS6hCRWcNVioxa2Ug,Rodrigo Mozart,Simples e Complexo,Tu És Bom (You Are Good),32,296633,False,0.624,0.778,6,-4.811,0,0.0904,0.0964,0.0,0.371,0.574,127.727,4,groove,0.34040467383876016,0,0
3HhHP56irp6Z0c8q0gv6tK,Shinedown,The Studio Album Collection,Bully,31,242746,False,0.519,0.969,6,-2.34,0,0.0662,9.03e-05,0.0,0.111,0.48,77.011,4,grunge,0.19214968774363259,0,0
4IRaaCRMTNH8FWNxirMYIo,Mickie Krause,Best Of Karneval,Von vorne nach hinten...von links nach rechts - Party Version,0,201975,False,0.517,0.994,10,-2.806,1,0.402,0.0589,0.0,0.972,0.651,135.064,4,party,0.43648851636969715,0,1
59Wo0nrfki4N7lflMgl8u8,Crazy Ken Band,GT,G.T.,25,262760,False,0.634,0.943,6,-4.402,1,0.172,0.0118,2.22e-06,0.0808,0.742,162.818,4,rockabilly,0.3494576459217964,0,0
3wDLizrj5u2GDCF6hfnDUw,Noisekick;Paranoizer,TERRORDRANG,IK SCHIET JE KAPOT,19,261720,False,0.519,0.991,1,-2.584,1,0.15,0.00733,0.0771,0.228,0.375,127.453,4,happy,0.23774130967238075,0,0
2kH7oNwhgwYqeOqv2UE9Bs,Gowry Lekshmi,Chithramanikkaattil,Chithramanikkaattil,28,152307,False,0.688,0.524,1,-9.012,0,0.0449,0.33,1e-05,0.0719,0.404,130.059,4,malay,0.2637246416083851,0,0
5RY5Qnk9IFiVuWRGM1Rw4X,Katinguelê,No compasso do criador,No compasso do criador,44,254973,False,0.569,0.5,5,-13.551,1,0.0398,0.405,0.0,0.0564,0.711,134.682,4,samba,0.3379387893939606,0,0
4DNno7YwgVANoQLNKcTgQi,ThirumaLi,Psycho,Psycho,20,184887,False,0.785,0.701,6,-12.593,1,0.1,0.113,2.78e-05,0.0833,0.55,150.02,4,malay,0.17588161888706644,0,0
1Ra8d6lTOlEb6KvDFbi7dC,Vybz Kartel,Pon Di Gaza 2.0,Love of Money,23,167026,False,0.804,0.719,4,-8.017,0,0.337,0.0812,0.0,0.338,0.593,112.152,4,j-dance,0.3643837978741042,0,1
33JQOzpOleGvqQrhgYw1ny,Miss Chantal,Darf ich bitten,Darf ich bitten,29,178000,False,0.703,0.918,7,-3.036,1,0.0509,0.255,2.86e-06,0.0934,0.511,123.957,4,disco,0.24826150175487313,0,0
4WnASAjxOLAW4J4ZeAtKq3,Röyksopp;Susanne Sundfør,"Oh, Lover","Oh, Lover - Edit",50,213276,False,0.576,0.741,0,-6.095,0,0.0264,0.00095,0.0666,0.094,0.271,94.995,4,trip-hop,0.14587563130468728,0,0
5MWp9jzmw5hQN5aQwOpoRt,Napalm Death,Diatribes,Just Rewards,12,208933,False,0.29,0.989,1,-5.762,1,0.176,0.000101,0.683,0.0594,0.0405,85.944,4,grindcore,0.2959386344737211,0,0
0OCDOcvQvozjsivREMojzx,Stray Kids,Mixtape : Time Out,Mixtape : Time Out,70,175293,False,0.555,0.945,2,-1.934,1,0.127,0.0453,0.0,0.244,0.389,160.006,4,k-pop,0.30160808489466184,0,0
4izC2yID6txfr8xXN6xbZQ,Entombed,"To Ride, Shoot Straight and Speak the Truth",They,20,245720,False,0.179,0.994,8,-5.352,1,0.191,0.000316,0.916,0.0885,0.0398,138.382,4,black-metal,0.36485719331646005,0,1
6ymVxYG0UHqIjXmclbE1cu,BLOND:ISH;Grace Tither,Waves (feat. Grace Tither),Waves (feat. Grace Tither),54,202501,False,0.631,0.763,9,-9.774,0,0.0352,0.0824,0.299,0.0875,0.715,121.008,4,disco,0.22010321263254246,0,0
13kyMXTpiIQlwLBMEyOBkI,KEVVO;J Balvin,Perreo Tenebroso Vol. 4,Billetes Azules,0,189506,True,0.856,0.721,7,-4.928,1,0.108,0.132,0.00471,0.182,0.642,94.991,4,latino,0.1848916639845003,0,0
0b5mVj4f96m0uSlT1seTy2,Above & Beyond;Richard Bedford;Maor Levi,10 Years of Group Therapy (Part 2),With Your Hope - Maor Levi Remix,29,187663,False,0.632,0.966,2,-4.005,0,0.0871,0.00168,0.0162,0.416,0.239,127.993,4,trance,0.20599920673857272,0,0
0PF7SVd93G602xdi8SVyEz,Lalo Ebratt;Sebastian Yatra;Yera;Trapical Minds,Fiesta Reggaeton 2010s,Déjate Querer,1,202823,False,0.755,0.792,6,-4.238,1,0.0483,0.028,0.0,0.0754,0.842,106.015,4,reggae,0.28604583782884796,0,0
2dRASJxcSCsaT9WiOC4tnu,Jamie Cullum,World's Best Christmas Playlist,Show Me The Magic,0,150412,False,0.569,0.489,5,-5.594,0,0.04,0.238,0.0,0.29,0.543,123.573,4,jazz,0.43155892553192043,0,1
7AQLbnuuyPzy22MOEmeetH,Faye Wong,敷衍,暗湧,43,261813,False,0.325,0.213,10,-17.136,0,0.04,0.898,0.0541,0.0909,0.326,181.1,3,mandopop,0.4846012013123347,1,1
5a3ZlfUdkef5uuXYcYNbUP,Elvis Presley,Fun in Acapulco,Marguerita,29,162026,False,0.475,0.403,2,-14.768,1,0.0361,0.66,3.59e-05,0.177,0.555,166.897,3,rock-n-roll,0.4873720700283191,1,1
6qbfLs005m0DMuUYymUkqq,Junior M.A.F.I.A.,Rap Party,Get Money,0,274937,True,0.736,0.828,11,-5.835,0,0.284,0.477,0.0,0.251,0.899,91.224,4,hardcore,0.323648474526915,0,0
3daEUkNk9pG9ziqwB2c1k5,Bassnectar;West Coast Lo-Fi,Cozza Frenzy,I Wish I Was A Hipster WCL-F Remix - West Coast Lo-Fi Remix,12,91826,False,0.58,0.642,6,-6.986,0,0.0647,0.357,0.785,0.0798,0.0504,115.0,4,breakbeat,0.3994314535395421,0,1
6Z394Nd4gW6Ts9hmu3NUjx,A.R. Rahman;Mohit Chauhan,Rockstar,Nadaan Parinde,60,384000,False,0.507,0.741,6,-7.456,0,0.0535,0.414,3.95e-06,0.107,0.492,132.903,4,pop-film,0.3493640791858033,0,0
4cxXHl9buGjMJpF2x8KRX6,Clean Bandit;Rita Ora;KYLE,Good Enough - Easy Pop,Nowhere,0,226040,False,0.794,0.624,11,-6.024,0,0.0344,0.0575,2.08e-06,0.208,0.755,100.015,4,house,0.21701944401015094,0,0
6tzOEJ2tqSiAxHw9CAT9Ru,G.E.M.;Eric Chou,摩天動物園,別勉強,53,262597,False,0.376,0.378,6,-10.372,0,0.0387,0.669,0.0,0.094,0.248,164.104,4,mandopop,0.4802791836594104,1,1
4Z44GYuMNFRHzoGowlp4ww,Beast In Black,Berserker,Born Again,54,231148,False,0.571,0.883,2,-6.896,1,0.0413,0.0001,0.000467,0.159,0.462,119.993,4,heavy-metal,0.12691999790847636,0,0
4TYeIlwlJTgNkPaFxUP0PJ,Marshmello;Bastille,Tutti in piscina Canzoni per bambini,Happier,1,214289,False,0.687,0.792,5,-2.749,1,0.0452,0.191,0.0,0.167,0.671,100.011,4,house,0.3412352699542184,0,0
43S8YeCVjUL6U5YNHPNV3k,Lorne Balfe,Pennyworth: The Origin of Batman's Butler - Season 3 (Soundtrack from the HBO® Max Original Series),Gully's Lament,3,173080,False,0.103,0.0462,9,-20.067,0,0.0359,0.962,0.965,0.0756,0.0396,79.936,4,british,0.700090864346141,1,2
7dznSjBv6UKfZMXM0fYNLo,Cloud Rat,Artoffact Records: Heavy,Cusp,0,130853,False,0.345,0.975,11,-7.376,0,0.18,6.63e-06,0.581,0.654,0.164,92.495,4,grindcore,0.4120180877942341,0,1
3TlMq7DIT203h6CEWzWhzO,Palak Muchhal,Ishara To Karo JI,Ishara To Karo JI,21,324479,False,0.581,0.457,4,-9.072,1,0.0264,0.669,0.000171,0.0804,0.228,90.089,4,pop-film,0.45065233711598063,1,1
0P5b7ak7TMrHfNjYDiwcby,Matheus & Kauan,Na Praia (Ao Vivo),Te Amo A Beça - Na Praia / Ao Vivo,47,188973,False,0.301,0.751,2,-3.742,1,0.0498,0.0939,0.0,0.253,0.308,159.274,3,sertanejo,0.43090692260711094,0,1
1fVj9yaSDfZcX8SaMN7UYN,Patrick O'Hearn,So Flows The Current,The Cold Sea's Embrace,21,232226,False,0.0819,0.0479,2,-26.058,0,0.0476,0.851,0.892,0.115,0.0395,171.892,3,new-age,0.7988188265330427,1,2
2A6GDPdffUJyF3ubEqCWbQ,BaianaSystem;Mulú,Outras Cidades,Lucro/Descomprimindo (Mulú Remix),21,190066,False,0.853,0.607,9,-7.932,1,0.138,0.00186,0.00339,0.0897,0.187,104.984,4,afrobeat,0.2302732547474682,0,0
1EGPPReB4V4Nt4xTCyrsRj,Andrea Bocelli,Sogno,Come un fiume tu,21,285193,False,0.2,0.464,5,-7.261,1,0.0468,0.897,2.3e-06,0.383,0.113,91.541,4,opera,0.5884755596922931,1,1
4J7cSix3jYkSc6n76TgxEJ,Jamie Jones;Darius Syrossian,We Bring It,We Bring It,48,368372,False,0.802,0.913,9,-8.508,1,0.0471,0.00104,0.667,0.0616,0.653,128.984,4,minimal-techno,0.10157384199302658,0,0
6YVT09tAK0fqWqzA61Gr3S,Julio Sosa,Mis Primeros Éxitos,La Última Copa,20,154044,False,0.551,0.246,9,-12.737,0,0.107,0.995,0.797,0.112,0.827,104.767,3,tango,0.5446783835008371,1,1
7sDlvq7J4Y9rpSnRa02fo7,David Arnold;Michael Price,Sherlock - Series 2 (Soundtrack from the TV Series),Irene's Theme,36,42933,False,0.382,0.0399,2,-19.078,0,0.0439,0.993,0.0576,0.0648,0.724,88.768,4,british,0.5441874029386962,1,1
2HXT3Lgmql34XUBVXaJWQ2,Omar Apollo,New RnB,Killing Me,0,165320,True,0.861,0.27,6,-9.515,0,0.0616,0.301,0.00288,0.124,0.608,84.004,4,soul,0.34575553650956037,0,0
17oY2Rh5qQH6mhyakZmpxk,Kina;Sarcastic Sounds,parachute (feat. Finding Hope),only in the night (feat. Sarcastic Sounds),22,130369,False,0.618,0.346,1,-13.175,1,0.0934,0.601,0.0113,0.105,0.315,80.98,4,sad,0.396515497809273,0,1
6YX6ZHbeGnt3wqhcas8YOx,The Temptations,Best Christmas Playlist Ever 2022,Silent Night,0,144480,False,0.277,0.344,0,-11.713,1,0.0264,0.215,8.6e-06,0.185,0.241,89.643,3,funk,0.5147168845888425,1,1
5VFKfahPr6qgucDOv7oMIh,Jon Pardi,Mientras hago aromaterapia,Heartache On The Dance Floor,0,205200,False,0.596,0.833,9,-4.308,1,0.0474,0.0563,0.0,0.0866,0.618,115.997,4,country,0.2972562206124331,0,0
3WJ8ZjhsTJt3UWrQwa06RW,LooLoo Kids,"The Best Songs for Kids, Vol. 1",Once I Caught a Fish Alive,37,120579,False,0.709,0.856,2,-3.642,1,0.0535,0.183,0.0002,0.379,0.893,170.005,4,children,0.20624279907759843,0,0
3mOU8YiXGJpemYdO6Nujbh,Azhirock,Rope,Blindness,0,296438,True,0.396,0.976,7,-3.214,0,0.0681,0.000572,5.96e-06,0.344,0.517,159.947,4,iranian,0.27162464643426,0,0
0y0sGn9Q6DehWp0mRujVy6,Markus Becker;Die Mallorca Cowboys,Karneval 2022 100%,Das rote Pferd,0,193733,False,0.629,0.997,5,-1.975,1,0.0732,0.0203,0.0,0.688,0.691,133.995,4,disco,0.22550321980468319,0,0
7lQrfDVKQ8p8CPzXSA4bIH,Doug Benson,Potty Mouth,It Is Written,25,162706,True,0.474,0.943,6,-4.544,0,0.881,0.826,0.0,0.94,0.39,119.71,3,comedy,0.6405402320798029,1,2
2PgyCOE6KlAdTdoNOq8989,Juan D'Arienzo;Héctor Mauré,"Tangos para Aficionados, Vol. 1",Uno,0,181506,False,0.453,0.365,4,-11.557,1,0.0373,0.938,0.00599,0.343,0.601,139.686,4,tango,0.6095646152209739,1,2
2gV3PVl3vcZglRGmOfyH1w,Archagathus,Canadian Horse,Hey Metallica,13,66523,False,0.211,0.968,1,-6.378,1,0.101,2.55e-05,0.725,0.276,0.179,116.232,4,grindcore,0.40111474739110364,0,1
0zzVTGyRrWpQu8Fr28NRAv,Marshmello;Demi Lovato,OK Not To Be OK,OK Not To Be OK,75,159862,False,0.743,0.837,1,-5.025,0,0.0649,0.0172,0.0,0.0743,0.263,103.072,4,electro,0.09460144572451598,0,0
2BnuZwAifUdUsUQX4DJhnv,Banes World;Dancody,The Upper East,The Upper East,45,166161,True,0.498,0.508,2,-7.262,0,0.0351,0.439,0.0,0.501,0.376,77.583,4,garage,0.4413842119127276,0,1
0Jiloc4LOUub7ifjrqjEi7,Amistades Peligrosas,La Profecía,Será,27,256706,False,0.572,0.39,2,-8.944,1,0.0329,0.41,0.0,0.0904,0.283,83.942,4,spanish,0.3409568486561708,0,0
6mxTH1ebYmEQyWAbSY1LeG,Still Corners,Strange Pleasures,The Trip,59,374240,False,0.697,0.736,11,-6.594,0,0.0384,0.167,0.00878,0.124,0.42,120.0,4,chill,0.25478310433626006,0,0
5impF2rk8aZYr4tpMb839F,Marco Kloss,Das ist unser letzter Tanz,Das ist unser letzter Tanz - Single Version,23,190473,False,0.794,0.72,0,-6.806,0,0.0607,0.0909,0.000639,0.0751,0.856,130.056,4,party,0.26987283699674225,0,0
6QGid2MUj1SHI0SXRlHJy4,Koven,Looking For More,Looking For More,41,244000,False,0.467,0.874,5,-4.763,0,0.0383,0.000291,0.227,0.11,0.188,149.985,4,dubstep,0.3073834722314808,0,0
3mJV4kByjmgU3ubU7JPp9W,Marilyn Manson,Halloween 2022,You And Me And The Devil Makes 3,0,264266,False,0.596,0.964,2,-5.754,1,0.0804,9.52e-05,0.834,0.203,0.399,128.021,4,industrial,0.22469790165579462,0,0
5jDId3iv4Jrzd9aeCJZjOO,Joey Montana;Lalo Ebratt,Perreo Tenebroso Vol. 3,No Te Va,0,204880,False,0.844,0.934,7,-1.223,0,0.078,0.17,0.000121,0.134,0.647,96.983,4,reggae,0.18985153208985353,0,0
3reM5mD2yE18yB3Serq8nq,Lenzman,Earth Tones,Waves,19,277670,False,0.688,0.88,10,-7.286,0,0.0855,7.66e-05,0.808,0.0906,0.0848,171.979,4,drum-and-bass,0.24435705228276988,0,0
2ZnAe2Af6C6s8B25gtWbCU,Riff,Zona de Nadie (Remasterizado 2016),El Forastero - Remasterizado 2016,38,164013,False,0.485,0.803,5,-9.47,1,0.0805,0.0124,0.0149,0.11,0.857,151.0,4,heavy-metal,0.27582850463208836,0,0
5ZMYqjKKrxDweaVPvmzfhQ,KAROL G,Halloween con perreito,SEJODIOTO,0,181106,True,0.822,0.736,1,-3.969,1,0.15,0.157,0.000781,0.0748,0.679,175.93,4,reggae,0.3252749297995948,0,0
7Da0d3oeqFpaPvWOH8eQuZ,PEEKABOO;Caspa,RELOAD,RELOAD,45,176124,False,0.67,0.755,9,-2.978,1,0.0479,0.000861,0.272,0.381,0.288,139.943,4,dubstep,0.2827298902522115,0,0
1MUgssGNadgJttx4LwfIcO,Ageu Soares,De Pai para Filho,A Casa Caiu,25,165240,False,0.797,0.916,2,-5.223,1,0.0467,0.776,0.000177,0.0846,0.783,119.084,4,groove,0.3011547244424745,0,0
2fzxW7UQzCtNkiNq94eKcf,Webb Pierce;Anita Kerr Singers,Songs of Faith,The Old Country Church,13,184493,False,0.319,0.285,11,-11.989,1,0.0285,0.664,2.18e-06,0.231,0.467,137.858,4,honky-tonk,0.5710707886360205,1,1
4lQkVJzDlpAVmQ9Rz4AFfd,Mahalia,Evergreen,I Wish I Missed My Ex,0,203066,False,0.669,0.669,0,-4.185,1,0.0849,0.274,0.0,0.289,0.546,95.023,4,alternative,0.32835101531926975,0,0
4dyx5SzxPPaD8xQIid5Wjj,Peter Bjorn and John,Writer's Block,Young Folks,75,276693,False,0.699,0.812,0,-6.005,1,0.0377,0.0164,0.000763,0.105,0.662,138.185,4,swedish,0.16297947356879974,0,0
3kutMmrDlIMHPzQdD41YI9,Sagaz,Hipogrifo - Single,Hipogrifo,43,186448,False,0.589,0.45,7,-9.301,0,0.438,0.621,0.0,0.0951,0.564,84.312,4,brazil,0.5053927353668312,1,1
16N0uGSoGeW41PrPCEnh8T,Olivier Abeille,Chapman,Chapman,52,129048,False,0.586,0.295,0,-16.641,1,0.0402,0.86,0.777,0.117,0.279,68.961,4,study,0.36586271155801736,0,1
4bYXigPIj8cZ11Nmu4iVEU,Toddler Tunes,Songs for Kids: Classic Children's Music,Mary Had a Little Lamb,48,159000,False,0.859,0.439,5,-7.152,1,0.0351,0.261,0.0,0.103,0.961,80.006,4,children,0.2042506920394866,0,0
5Kvk3PEnJlZ1uGuWTe3pat,Yasmin Santos,Foguete Não Tem Ré,Que Amiga é Essa,45,165457,False,0.379,0.78,11,-4.314,0,0.141,0.0703,0.0,0.132,0.426,73.51,4,sertanejo,0.31950934368537887,0,0
0tXQlZrIM2qHF1TpUYtZ5Z,Romperayo,Asi No Se Puede Muchaches,Asi No Se Puede Muchaches,19,240640,False,0.736,0.885,6,-5.579,0,0.0485,0.0684,0.822,0.0923,0.832,112.01,4,afrobeat,0.2496782339810914,0,0
75dwfwU6jHcP966W9py5SQ,Bulldog,"Pogo, Punk Y Sentimiento",Fatal Destino,41,342479,False,0.421,0.959,9,-3.324,0,0.154,0.0139,0.0,0.338,0.592,175.9,4,punk,0.3526779541009603,0,1
26cV1OvQgnLdM1HTVj8ZMs,Siouxsie and the Banshees,Anthems for Witches 2022,Spellbound,0,197106,False,0.412,0.931,7,-6.348,1,0.0449,0.016,0.0,0.0772,0.295,148.813,4,punk,0.2755726729923728,0,0
7m62E9JAXqUwJeQz4WjLzv,Julio Preciado Y Su Banda Perla Del Pacifico,16 Bandazos de Oro,El Disgusto,48,187946,False,0.776,0.504,8,-7.193,1,0.0385,0.727,0.000474,0.167,0.963,115.803,4,r-n-b,0.34727027395840887,0,0
5mAueqLSTsrDk9wzKVVct1,Deterioration,Retaliatory Measures,Blast Damage,12,51569,False,0.357,0.754,10,-8.541,0,0.0907,0.00356,0.94,0.123,0.233,122.841,4,grindcore,0.37314548401465725,0,1
5K4InCkZlFv2SXvR20BXb2,Hardwell;Wildstylez;KiFi,Shine A Light,Shine A Light,50,196216,False,0.531,0.758,9,-2.773,0,0.0361,0.227,0.0,0.251,0.252,147.847,4,progressive-house,0.23050280637866383,0,0
5Atu5RifngF0smJggQ6Tdr,Kiloucura,Focus On...Romantic Samba,Meu Casamento,46,265373,False,0.596,0.525,1,-13.626,1,0.0687,0.665,0.0,0.0722,0.729,75.032,4,pagode,0.41138835089790804,0,1
4RIlOkcNx3O9eFspSdEoQd,Güncel Gürsel Artıktay,"Bekliyorum, Öyleyse Yoksun",Yağmurla Gelen,39,239882,False,0.326,0.31,2,-19.063,0,0.0908,0.855,0.263,0.148,0.132,176.021,4,turkish,0.5705349269113095,1,1
0srTAXSRYEXN17ryGXfXB6,DJ Sneak,Why I Love You,Why I Love You - Main Mix,6,499477,False,0.805,0.908,0,-8.805,1,0.0492,0.00051,0.81,0.0784,0.642,125.017,4,chicago-house,0.11183201033962854,0,0
3YahM4foVIMWTDT8PNle3S,Rumer,Mellow Adult Pop,Marie,0,161346,False,0.424,0.079,9,-16.861,1,0.0376,0.954,0.00147,0.0915,0.155,167.449,3,british,0.5215777032575204,1,1
7FTLQG7nTuajp3YziwjZmu,Pamputtae;D Mafia Muzik,Worth It,Worth It,0,163004,True,0.854,0.629,6,-5.647,1,0.0797,0.504,0.0,0.0879,0.683,127.977,5,j-dance,0.3008882826321817,0,0
6cMiDfcYG2qJSx2H2GzLSK,Bağzıları,Gece Lambası,Allı Turnam,43,217307,False,0.477,0.481,11,-8.347,0,0.0295,0.413,0.0,0.285,0.289,156.013,4,turkish,0.4595702267710465,1,1
4ZKLmo5TSZebyenBpln7l8,Lacee,Lacee's Groove,Lacee's Groove,37,247253,False,0.866,0.64,9,-4.098,0,0.0824,0.00996,1.59e-05,0.0755,0.563,103.011,4,blues,0.23210063740736186,0,0
7pHUAAEiXQMaZOng72W6K0,Akanksha Bhandari,Pehli Baarish,Pehli Baarish,59,157826,False,0.584,0.342,2,-12.659,1,0.0331,0.842,0.0,0.18,0.574,91.974,4,indie,0.42209430910251033,0,1
3aAgQEbQUFMhXqk9fz3fcK,Boris Brejcha;Arctic Lake,House Music (feat. Arctic Lake) [Edit],House Music (feat. Arctic Lake) - Edit,59,179520,False,0.818,0.35,7,-12.34,1,0.0558,0.000299,0.0103,0.124,0.334,125.002,4,techno,0.272030348366648,0,0
0trVnybi3L9TLXvMgSYoYG,Watchhouse,Such Jubilee,Settled Down,55,183733,False,0.599,0.294,5,-10.222,1,0.0279,0.851,0.0384,0.102,0.308,118.207,4,bluegrass,0.3777587966543146,0,1
4osgfFTICMkcGbbigdsa53,Frank Ocean,Novacane,Novacane,81,302346,True,0.762,0.508,3,-9.112,1,0.0919,0.0584,0.00126,0.16,0.37,93.51,4,soul,0.29142072847167755,0,0
0OvHUici5eYYsttt1kGtuH,Norman Blake,Whiskey Before Breakfast,Under The Double Eagle,20,164466,False,0.345,0.397,0,-18.194,1,0.0415,0.653,0.964,0.304,0.855,112.821,4,bluegrass,0.5516272070323263,1,1
41KT3A1f8OiYZwLbrN6iG9,Matheus & Kauan,Na Praia 2 (Ao Vivo),Vim Pra Ficar - Ao Vivo,47,206673,False,0.569,0.664,0,-5.703,1,0.223,0.672,0.0,0.742,0.476,144.754,4,sertanejo,0.4214358447633321,0,1
70JnnNNAxPjvZGPwjJfX47,La La Love You;Axolotes Mexicanos,La la Love You Bonus,El Fin del Mundo,66,188093,False,0.602,0.866,4,-4.594,1,0.0471,0.000856,0.0,0.094,0.677,127.052,4,spanish,0.15222011452183645,0,0
58dGRQrNmAJeRMFuguUbvD,Spice;Shaggy;Sean Paul,10,Go Down Deh (feat. Shaggy and Sean Paul),69,154151,False,0.801,0.764,2,-5.112,1,0.0986,0.109,1.62e-05,0.247,0.578,89.999,4,dancehall,0.21255835185995542,0,0
0sBJA2OCEECMs0HsdIQhvR,OneRepublic,West Coast,West Coast,77,192947,False,0.685,0.699,6,-7.803,0,0.0349,0.317,0.0,0.0895,0.884,134.057,4,piano,0.27095927407859294,0,0
2tox7VNdg2Ic6WT65WT4Zb,Kiko Chicabana,Do Sunrise Ao Sunset,Traição à Primeira Vista,42,147887,False,0.596,0.908,10,-3.115,0,0.0671,0.163,0.0,0.0956,0.753,165.724,4,forro,0.2457705456698759,0,0
59m1vY4JuxEkUnhrLcV8mO,M. Balamuralikrishna,Kavikkuyil,Chinna Kannan,36,274226,False,0.372,0.833,10,-7.073,0,0.11,0.861,0.682,0.295,0.582,128.171,4,classical,0.4582329579481675,1,1
5S9KnOMLC5vRckzbvzasEs,Hoobastank,Обратно в клас - rock,The Reason,0,232800,False,0.474,0.671,4,-4.649,1,0.0289,0.0129,0.0,0.159,0.0682,82.94,4,alt-rock,0.32641501487628,0,0
33wTrwfbn1Pjc9wMaC6RnF,Alessia Cara,Weihnachtspop 2022,Make It To Christmas,0,211013,False,0.535,0.522,2,-7.87,1,0.0363,0.131,0.0,0.438,0.305,77.054,4,electro,0.3875623656023666,0,1
1YYhDizHx7PnDhAhko6cDS,John Denver,"Poems, Prayers and Promises","Take Me Home, Country Roads",73,190160,False,0.462,0.395,9,-9.376,1,0.0264,0.758,0.0,0.121,0.625,82.259,4,songwriter,0.41323919868024317,0,1
7pDdE5FLqcNCvjxzRzm80r,Syn Cole;Kaspara,Breathe (feat. kaspara),Breathe (feat. kaspara),61,175081,False,0.753,0.749,6,-5.214,1,0.0314,0.0546,4.39e-06,0.166,0.589,121.988,4,deep-house,0.13423658949206924,0,0
0ROikBVoB0U7TvrZzrHqmo,Nathan Kawanishi,Romanticizing the Ordinary / Butterfly Effect,Butterfly Effect,33,109714,False,0.593,0.724,0,-8.682,0,0.0662,0.477,0.965,0.169,0.793,140.138,4,study,0.3861396053322725,0,1
39rqDP2s2hN1JtXptyeM3u,Zedd,Ignite (2016 League Of Legends World Championship),Ignite - 2016 League Of Legends World Championship,60,195466,False,0.723,0.741,5,-4.442,0,0.0344,0.0714,3.17e-05,0.0796,0.387,127.967,4,techno,0.24695990409912075,0,0
7y06U9dmbU1d73cX0gjMCj,sumika,Chime,秘密,43,267546,False,0.29,0.54,2,-7.491,1,0.0322,0.293,0.0,0.102,0.394,82.08,4,anime,0.4672787550357308,1,1
0uKrhHBDUQ4w5fv4qwOubP,Télépopmusik;Angela McCluskey,Genetic World,Breathe,63,282240,False,0.684,0.684,1,-13.337,1,0.0418,0.385,0.29,0.106,0.616,113.988,4,electronic,0.24131265300707228,0,0
50ehFCyLYlNKJ9e5YXfqs0,Bob Mould,Black Sheets Of Rain,Black Sheets Of Rain,23,463693,False,0.272,0.909,2,-11.323,1,0.0558,0.0677,0.0536,0.368,0.226,192.527,4,power-pop,0.36218323653677625,0,1
0SrWH2JnaxjBc9dk06i6GJ,Kotiteollisuus,Murheen mailla II 2007-2014 + Sotakoira III,Helvetti jäätyy,22,244093,False,0.391,0.902,1,-3.801,1,0.058,0.00104,3.06e-05,0.326,0.559,147.893,4,heavy-metal,0.3482041235137914,0,0
5JO2usoem1CW1pLL1kLj9E,Chamath Sangeeth;Yohani;Satheeshan,Manike Mage Hithe,Manike Mage Hithe,67,162772,False,0.836,0.51,1,-10.091,0,0.371,0.713,3.35e-05,0.101,0.56,151.499,3,pop,0.4268642537599438,0,1
7A5H7Y99VmicoqtOAteIXQ,Miguel Calo;Raul Iriarte,Flor de Lino,Lluvia de Abril,18,161773,False,0.384,0.245,0,-11.112,0,0.0777,0.912,0.13,0.157,0.7,62.213,4,tango,0.5575645315246782,1,1
0UZ3juSCFsN6lINBadUZNZ,Criolo;Emicida,Criolo E Emicida Ao Vivo (Live),Grajauex - Live,33,191453,False,0.358,0.905,5,-5.776,0,0.453,0.304,0.0,0.454,0.468,176.67,4,afrobeat,0.4356888881745079,0,1
5YkCAxfI29GQb45v0mteWk,Rafael Vázquez;Rondalla Mexicana Del Chato Franco,Que Seas Feliz,Sueño Imposible,30,141966,False,0.413,0.333,2,-9.627,0,0.0632,0.827,0.0,0.11,0.33,189.419,4,rock-n-roll,0.4511444354491566,1,1
6ojzQyw4lAjLZK3AwRAc9j,Neonlight,My Galactic Tale Epilogue (Deluxe Edition),Microbots,15,302068,False,0.615,0.955,2,-2.489,1,0.149,0.00249,0.57,0.15,0.107,174.026,4,drum-and-bass,0.31151874603326446,0,0
0onLNYV4aYuSQb8wPxR0O0,Tritonal;Marlhy,Back To My Love,Back To My Love,46,401951,False,0.61,0.924,10,-6.062,0,0.0614,0.00208,0.517,0.241,0.0802,123.032,4,dub,0.21641681877114338,0,0
7gJt7kfEVdsJevCOShRwrg,Surf Curse,La Fine dell'Estate,Freaks,1,147062,False,0.345,0.941,9,-9.918,1,0.0466,3.84e-05,0.633,0.0511,0.407,179.626,4,indie,0.29326880588763526,0,0
72kjJq1k5ki32RBxu1TF3j,Cole Swindell,Country Car Hits,She Had Me at Heads Carolina,2,206106,False,0.607,0.912,8,-3.449,1,0.0611,0.124,0.0,0.332,0.722,134.944,4,country,0.3032756352819312,0,0
0iHvpSHYsp4tSrYlvgEh7l,Greyboy;Nino Moschella,15 Years of West Coast Cool,Love,53,216080,False,0.851,0.414,11,-8.518,0,0.0314,0.0498,0.00135,0.11,0.581,102.807,4,trip-hop,0.18611432622089963,0,0
3F8dSAI8l3euloq5a8EenB,Faith No More,Maintain Your Mojo,Epic,0,293933,False,0.358,0.899,4,-7.069,0,0.134,0.0112,0.122,0.195,0.27,174.298,4,alt-rock,0.34750637021641656,0,0
32j4n8wDASlxokGlDWyqO8,Marie-Flore,Je sais pas si ça va,Après vous,31,194586,False,0.703,0.239,8,-10.738,1,0.043,0.925,0.00061,0.101,0.115,124.104,4,french,0.390369909365828,0,1
5Gl0Oedhzp5KzHeajiZSxQ,Martin Ikin,Hooked,Hooked,52,192380,False,0.747,0.998,5,-5.934,1,0.0516,0.0207,0.705,0.058,0.724,125.989,4,deep-house,0.09626559375507916,0,0
3YmXbD4Tet9ctaCijuVJnC,Jason Ross;L8NCY,Atlas,Slow It Down (feat. L8NCY),41,251200,False,0.414,0.742,9,-5.071,1,0.0455,0.167,2.18e-05,0.0838,0.119,150.227,4,dubstep,0.33285453920329044,0,0
2AZABydMAEODxHCQDEhdWh,Justin Jet Zorbas;Inum,Eternal Flow,Eternal Flow,43,161999,False,0.559,0.675,4,-12.817,1,0.0405,0.89,0.732,0.103,0.323,102.99,4,dubstep,0.4076848895762251,0,1
4v981V0OrX5fWfbPbfN8qr,Napalm Death,Utopia Banished (Remastered 2012 Edition),Idiosyncratic,13,155840,False,0.226,0.995,2,-5.056,1,0.128,4.15e-05,0.293,0.349,0.0739,106.502,4,grindcore,0.4912147587903728,1,1
2RifT2PXli2cZk9Q19qKND,Lorenz Büffel,Schifoan,Schifoan,30,189426,False,0.725,0.998,7,-2.333,1,0.0433,0.0406,0.0,0.297,0.97,130.959,4,disco,0.27580060700118514,0,0
3b75zucLzJ6BOrRwEdBIl8,Grupo Azteka,El Flechazo,El Primero,44,197746,False,0.518,0.63,4,-4.933,1,0.0409,0.443,0.0,0.324,0.669,80.105,4,folk,0.33555464372294164,0,0
6nvbYcbL79UQ5VFKE0aeeq,Kari Jobe,Sad Love Songs 2022,In The Name Of Love - Recorded At Spotify Studios NYC,2,205738,False,0.675,0.375,6,-8.985,1,0.0452,0.542,2.5e-06,0.0951,0.187,134.023,4,alt-rock,0.4886129572601752,1,1
2ESzAmNt36FuiIeIGsPoBU,Rain Sounds,Loopable Rain Sounds for Sleeping,Gentle Rain Sounds,46,104567,False,0.154,1.0,1,-27.417,0,0.0345,0.985,0.586,0.916,1e-05,98.834,3,sleep,0.6586290632689685,1,2
16cRf4o7eUlB9U3PVbBTVv,AnGy KoRe,Minimal Drops,Profondo Rosso Kore,0,566774,False,0.795,0.795,1,-6.07,1,0.0465,0.00065,0.87,0.0955,0.0676,130.012,4,minimal-techno,0.2220529681834704,0,0
6J6C4MvMeIxNMxysfkyMKU,ENHYPEN;YEONJUN,DIMENSION : ANSWER,Blockbuster feat. YEONJUN of TOMORROW X TOGETHER,54,227453,False,0.495,0.926,8,-4.589,0,0.323,0.0384,0.0,0.348,0.642,159.922,4,anime,0.3173082595572581,0,0
1UnLTLbFwgzdeRWRpV5DyU,Nathan Dawe;Ella Henderson,Daily Pop Mix,21 Reasons,0,155253,False,0.621,0.785,6,-4.499,1,0.11,0.0165,5.92e-06,0.0512,0.779,123.96,4,house,0.2670675054910966,0,0
356wpCJ2cUKEfvZswomciS,Huang Yee Ling,台灣歌古早曲,痴情月娘島,22,324933,False,0.452,0.264,9,-14.867,1,0.0324,0.0403,0.0,0.0728,0.15,144.092,4,mandopop,0.41260835196201884,0,1
7bdYxWPCs46dQ0XLwySOyv,Jeremy Zucker;Chelsea Cutler,glisten,better off,67,193946,False,0.708,0.322,8,-12.46,0,0.0371,0.747,9.24e-05,0.137,0.46,98.892,4,electro,0.4018478634283575,0,1
365F2lUtKG3sO4ODtdAD4g,Scotty McCreery,Christmas Country Songs 2022,Christmas In Heaven,0,211613,False,0.49,0.515,0,-5.654,1,0.0236,0.623,1.26e-05,0.12,0.256,80.967,4,country,0.43740172555033136,0,1
4wSMi5urWxpBPbnWqfI1Ht,Andy Stott,Faith in Strangers,Faith in Strangers,45,389186,False,0.657,0.692,7,-10.121,1,0.0526,0.0286,0.894,0.11,0.164,136.995,4,minimal-techno,0.14930411476142996,0,0
24ctbZKRmBWcbFqjQYYg1l,Hayley Kiyoko,New Pop Classics,sugar at the bottom,0,185995,False,0.866,0.565,1,-6.983,0,0.0583,0.455,0.000226,0.246,0.549,101.985,4,indie-pop,0.3179719105909029,0,0
6X3kcyCvy2stFdKuYP55Co,Godsmack,Halloween Metal Nights,Cryin' Like A Bitch!!,1,201666,True,0.548,0.808,10,-5.484,1,0.0398,7.19e-05,0.00341,0.114,0.475,95.207,4,metal,0.33459745007256186,0,0
0lbfaNyOoWg9hyRCUm02MR,Nithyasree Mahadevan,Om Nama Shivaya - Single,Om Nama Shivaya,39,437002,False,0.253,0.21,5,-10.948,1,0.0373,0.947,7.09e-05,0.348,0.42,123.851,4,classical,0.6455223420507853,1,2
40LQiUUUKXVGyNs09lHVjW,Hinder,Extreme Behavior,Lips Of An Angel,73,261853,False,0.476,0.736,2,-5.38,1,0.0343,0.0217,1.08e-06,0.203,0.251,129.084,4,alternative,0.2611077617832523,0,0
0fX4oNGBWO3dSGUZcVdVV2,Kendrick Lamar,Mr. Morale & The Big Steppers,N95,83,195950,True,0.79,0.67,1,-5.527,1,0.105,0.377,2.32e-06,0.119,0.408,139.956,4,hip-hop,0.19798307683565505,0,0
6Uaqf3LCwuVebfm5u3ndq9,Bad Wolves,N.A.T.I.O.N.,Sober,57,195477,False,0.456,0.813,6,-6.663,1,0.047,0.0111,0.0,0.174,0.619,157.031,4,metal,0.27141038042147114,0,0
4BkFVCDaobMOvm56XGdnzQ,Rafael Cerato;Liu Bei;Hidden Empire,Further EP,Further - Hidden Empire Remix,40,431803,False,0.804,0.686,7,-11.976,1,0.0556,0.000939,0.841,0.106,0.0706,122.007,4,techno,0.18946556687413313,0,0
1XlpaijGmAY0pWe16oucrC,J Balvin;Pitbull;Camila Cabello,Hey Ma (with J Balvin & Pitbull feat. Camila Cabello),Hey Ma (with J Balvin & Pitbull feat. Camila Cabello),47,195040,False,0.713,0.952,7,-2.959,1,0.108,0.0203,2.51e-06,0.117,0.571,105.981,4,latino,0.13699509812356103,0,0
3kJT7hlwvSFqNwiANnncke,Barış Manço,Mançoloji 2,Gül Bebeğim,33,320104,False,0.595,0.43,9,-9.783,0,0.0317,0.804,0.0,0.166,0.643,144.132,4,psych-rock,0.4902226034951473,1,1
3phspT0DGlluBfWq4oIZoy,4hero,Morning Child,Morning Child - Radio Edit,16,207800,False,0.493,0.674,11,-8.374,0,0.0378,0.0641,0.0081,0.412,0.46,88.89,4,drum-and-bass,0.30512637027561224,0,0
5BI2cPWqgrtJINrbhO5tKw,Nockis,Weihnachten Playlist,Am Weihnachtsabend fehlst du mir,0,213306,False,0.653,0.779,9,-6.333,1,0.0254,0.205,0.0,0.136,0.856,111.945,4,disco,0.375696982152256,0,1
0vJOQUIreg0cjB8SZgy2EK,Joaquín Sabina,Vinagre Y Rosas,Violetas para Violeta - Bonus Track,27,296440,False,0.811,0.518,9,-7.873,1,0.17,0.0266,6.23e-06,0.11,0.542,135.088,3,spanish,0.31882244230894896,0,0
0X7Rp8TOCxPGjqq5c9MD1r,Ian Munsick,Country Car Hits,Long Haul,0,231265,False,0.505,0.627,6,-7.851,1,0.0273,0.423,7.4e-05,0.0755,0.296,141.881,4,country,0.4262214642435256,0,1
4fWKjtLYrbiQRZMXpQ61OG,Shiritsu Ebisu Chugaku,Major Debut 10th Anniversary Album 中吉,星の数え方,19,328040,False,0.51,0.578,10,-5.952,1,0.0276,0.0667,0.0,0.166,0.51,169.889,4,j-idol,0.30102910207602995,0,0
5BVwZQXdzWvit2FqwJ0RNz,Phlocalyst;Mr. Käfer,Don't Forget,Don't Forget,56,148000,False,0.65,0.252,0,-10.939,1,0.046,0.522,0.879,0.106,0.332,170.028,4,jazz,0.3276502298772394,0,0
5Y9LqBrYYMoGL53E72fH3T,Gusttavo Lima,O Embaixador - The Legacy (Ao Vivo),Até Ontem - Ao Vivo,48,190176,False,0.347,0.693,0,-3.473,1,0.0841,0.142,0.0,0.15,0.614,177.918,4,sertanejo,0.32035390328695024,0,0
6toBkNzxa4oCYTipbAaaJ3,Daughtry,Break The Spell (Expanded Edition),Start of Something Good,55,264853,False,0.424,0.68,8,-4.311,1,0.0374,0.0102,0.0,0.224,0.415,157.867,4,grunge,0.35130476594120086,0,1
63plgbQqlNrXweFg6zxFfq,The Wiggles,The Wiggles Nursery Rhymes 2,Waltz with Dolls and Fairies,29,84607,False,0.399,0.727,9,-5.561,1,0.0423,0.00295,0.00694,0.0684,0.225,156.101,3,children,0.34103195780858764,0,0
2GICtNjlmq5w1XIQ9s0D9y,Nicky Jam,Fénix,With You Tonight (Hasta El Amanecer),46,208973,False,0.781,0.588,6,-5.348,0,0.0386,0.317,0.0,0.0983,0.564,93.979,4,reggaeton,0.291468479017854,0,0
1RaBIwIGWpcSsFZNugIeVK,Ministry,Land of Rape and Honey,Destruction,21,210106,False,0.51,0.968,2,-12.876,1,0.138,0.000482,0.000969,0.185,0.0879,99.004,4,industrial,0.2584607431181375,0,0
5zD3d3m97Ferk4pgkUPEmb,Shane O,Dark Room,Dark Room,51,193802,False,0.723,0.612,2,-3.912,0,0.0673,0.203,3.01e-06,0.112,0.418,82.885,4,dancehall,0.25031889598709695,0,0
4SzmKtY2v2Z98pedkWVoW3,Stringbean,Old Time Banjo Pickin' & Singin',Barnyard Banjo Pickin',21,138986,False,0.715,0.615,8,-13.759,1,0.0353,0.752,0.0416,0.345,0.904,115.856,4,bluegrass,0.3763846805745606,0,1
5DPJ4y8ArSycYrlm08L1Eq,Mia Julia;Lorenz Büffel;Malle Anja,Layla sitzt dicht im Flieger,Der Zug hat keine Bremse - Mallorcastyle Edition,0,207301,False,0.795,0.974,0,-2.418,1,0.0778,0.029,0.0,0.611,0.935,137.957,4,party,0.3331759688097625,0,0
07OupZibyc5OR3xSw6TcGZ,Despise You,West Side Horizons,Been Lead,16,70560,True,0.27,0.955,5,-4.559,0,0.242,9.63e-05,0.522,0.0826,0.257,136.701,4,grindcore,0.36030868006598876,0,1
02q48eRgkja20qgxTKdXk4,Kim Petras,Happy Haunted Halloween Tunes,Close Your Eyes,3,235615,False,0.548,0.728,5,-5.678,0,0.0507,0.0104,0.000126,0.146,0.337,105.961,4,dance,0.1956590974465474,0,0
0zpEpdoYYyhBEwgfsxqVVe,Patricio Rey y sus Redonditos de Ricota,Cordero Atado,Perdiendo el Tiempo,46,232240,False,0.632,0.85,11,-7.382,0,0.0444,0.00459,0.0022,0.126,0.663,137.13,4,punk-rock,0.14694448643916952,0,0
4KWKrzTYu5e7fcYC7nKUun,Charlie Brown Jr.,Imunidade Musical,I Feel So Good Today,43,248800,False,0.688,0.484,1,-9.254,1,0.0298,0.646,0.0129,0.109,0.447,124.062,4,r-n-b,0.33888634085834035,0,0
5JDrEzdFET5b3GAqKw2OUT,SevenDoors,Four to the Floor 05,Movement of Whale,45,494775,False,0.653,0.523,8,-11.266,0,0.0428,0.022,0.865,0.0933,0.328,122.004,4,techno,0.1964693057751854,0,0
6VpGZH7B0CXQYGdMyUyuwM,Quantic;Anibal Velasquez,Magnetica,La Callejera,18,324960,False,0.847,0.875,2,-6.454,1,0.0659,0.00166,0.0966,0.1,0.928,118.997,4,trip-hop,0.17199678003273197,0,0
4JuKzBOcFT6ZDX1bINNI1C,Royal Blood,Hot Mix Pop,Honeybrains,1,186847,False,0.523,0.8,9,-5.243,1,0.101,0.00537,0.0,0.398,0.604,125.886,3,alt-rock,0.42158012166737685,0,1
3dlWabGcrqGU349TrJ9V6g,anifi,Chainsaw man main theme but it's lofi hiphop,Chainsaw man main theme but it's lofi hiphop,44,149318,False,0.638,0.331,11,-12.28,0,0.032,0.957,0.867,0.103,0.208,66.005,4,anime,0.5519867490677619,1,1
4EtELRz6M3e184zevnBKDb,Part Time,Lies in the Eyes of Love,Lies in the Eyes of Love,60,196360,False,0.714,0.621,11,-7.01,0,0.0275,0.00246,0.525,0.0945,0.366,122.417,4,garage,0.29273544152606934,0,0
2dZyFNtUz3IIBzUZmSu5z8,Pritam;Raftaar;Shahid Mallya,Dishoom,Toh Dishoom,49,244778,False,0.501,0.838,2,-4.583,1,0.151,0.127,0.0,0.292,0.513,166.054,4,indian,0.2728986729485877,0,0
6J17MkMmuzBiIOjRH6MOBZ,AC/DC,Back In Black,Rock and Roll Ain't Noise Pollution,64,266040,False,0.576,0.659,9,-5.617,1,0.0383,0.041,0.0,0.0587,0.717,94.853,4,hard-rock,0.18386958744027487,0,0
44ME4h1RuSByXJBt7pwaA7,The Prophet,Thunderdome 25 Years Of Hardcore,The Dreamtheme,21,185209,False,0.524,0.989,6,-5.778,1,0.0523,7.96e-05,0.378,0.341,0.534,99.889,4,hardstyle,0.2949029437664237,0,0
6VR67hW1E1qUevxEAhBm9f,BOØWY,"""GIGS"" CASE OF BOφWY COMPLETE (Live From ""Gigs"" Case Of Boowy / 1987)","FUNNY BOY - FROM ""GIGS"" CASE OF BOOWY",36,256213,False,0.233,0.962,9,-2.955,0,0.0825,0.00852,0.000232,0.507,0.405,162.823,4,j-pop,0.3158492021584265,0,0
18iaAkUWhFYp9jO7j59dKI,Deekline;Specimen A,Click Clack / The Dust Off,The Dust Off,12,310002,False,0.697,0.933,1,-1.283,1,0.0444,0.014,0.0397,0.185,0.258,173.979,4,breakbeat,0.2099022387575211,0,0
0FbZgT0gzFe6VCAZdhtFT5,Twisted Sister,Timeless Rock Hits,We're Not Gonna Take It,0,219666,False,0.502,0.925,4,-6.298,1,0.0501,0.0129,0.0,0.162,0.923,149.188,4,hard-rock,0.3384642283098661,0,0
6X16lGke7rTFXp8nlABGS1,Annie Lennox,Weihnachtslieder 2022,Angels From The Realms of Glory,0,240146,False,0.523,0.322,0,-8.957,1,0.0285,0.535,0.0,0.132,0.3,126.002,4,singer-songwriter,0.5301417666231916,1,1
569hk4SuiumGEtW4Ps7Hph,Alejandro Sanz;Alejandro Fernández,Halloween 2022 Pop Vol. 1,A Que No Me Dejas,1,321323,False,0.597,0.665,7,-4.403,1,0.129,0.424,0.0,0.115,0.443,94.467,4,latin,0.3369748865444472,0,0
4bK6C3UzOgWrfaK5IC3pOO,31 Minutos,31 Minutos,Lala - Lolo,41,87866,False,0.494,0.922,2,-5.72,1,0.0564,0.161,0.302,0.102,0.359,166.003,4,ska,0.3178176824262784,0,0
5HpX5jzbL8OweC2nAG0bC2,509-E;Dexter;Afro-X,MMII-DC (2002 Depois de Cristo),Mile Dias,41,309066,True,0.767,0.509,0,-6.123,1,0.28,0.301,0.00329,0.494,0.733,153.537,4,r-n-b,0.3192698307843083,0,0
03P8OuXYbTy6dCWq007z1q,Elohim;NITTI,Float Away,Float Away,49,200894,False,0.748,0.855,1,-1.741,0,0.0629,0.319,0.000152,0.115,0.475,97.988,4,soul,0.1881421131054286,0,0
50akPi1b14uMI3SkZRIPW0,Arlindo Cruz,Mtv Ao Vivo Arlindo Cruz - Cd 1,Um Velho Malandro de Corpo Fechado - Da Melhor Qualidade,37,290746,False,0.429,0.848,2,-6.54,1,0.0488,0.692,0.0,0.787,0.815,122.089,4,samba,0.46573315216207456,1,1
57WRIZhuHj7onrNEpuTEcD,Matheus & Kauan,Na Praia 2 (Ao Vivo),Papel Amassado - Ao Vivo,45,160868,False,0.587,0.626,0,-5.54,1,0.0303,0.338,0.0,0.255,0.488,95.9,4,sertanejo,0.37558977845871316,0,1
6heynKdZXxOPe4sC6xOpQo,Mr.Children,Versus,LOVE,37,244160,False,0.671,0.626,9,-8.079,1,0.0234,0.12,8.29e-05,0.18,0.623,91.003,4,j-rock,0.1833143175451734,0,0
2qUForbzu0TbONfTH0mMEq,Dempagumi.Inc,ワレワレハデンパグミインクダ,絢爛マイユース,20,261372,False,0.502,0.919,7,-4.376,1,0.0469,0.00149,0.000878,0.311,0.681,200.074,4,j-idol,0.3514401148934739,0,1
5P7P56z3BWvsQDh9MrEwaW,KAROL G;Cosculluela,Para entrar en calor,La Dama,1,208400,False,0.844,0.781,8,-5.856,0,0.188,0.122,0.000154,0.0925,0.734,100.01,4,reggaeton,0.30310540819568105,0,0
4x846NsuIJW6tSxXgL7EWc,Arlindo Cruz,Mtv Ao Vivo Arlindo Cruz - Cd 1,Ainda É Tempo Pra Ser Feliz,45,267880,False,0.481,0.777,2,-5.948,0,0.0392,0.765,2.8e-06,0.919,0.519,91.81,4,pagode,0.47776569870712277,1,1
67OJmE6XyR1YhjT9R3UUlK,Purples,nada além de um instrumento,Teu melhor,38,269666,False,0.413,0.446,1,-6.476,1,0.0326,0.261,0.0,0.0975,0.257,143.485,4,groove,0.35227592624527165,0,1
0NfSzNHMPFebUH2hcBXCmQ,Ferrugem,Ferrugem em Casa 2 (Bloco 2) [Ao Vivo],Ensaboado / Chopp Garotinho / Casa Azul / Climatizar - Ao Vivo,47,436806,False,0.64,0.769,5,-6.86,1,0.0662,0.383,0.0,0.207,0.69,100.011,4,pagode,0.3083868857398109,0,0
3KruoUtSkm84Az0bJunnxl,Tiësto,Baila Conmigo,Baila Conmigo,76,146249,False,0.652,0.855,7,-6.411,1,0.0775,0.00658,0.409,0.341,0.0834,127.964,4,house,0.2126116462341563,0,0
63QsFC6m0CaTw2gU0iZa7N,Ben Howard,I Forget Where We Were,Conrad,56,368120,False,0.574,0.322,9,-12.41,1,0.0264,0.91,0.519,0.0836,0.178,81.603,4,british,0.47809531017365176,1,1
45wzRgkkG5gjuYS3OkFWaI,Jubin Nautiyal;Mithoon,"Lo Safar (From ""Baaghi 2"")","Lo Safar (From ""Baaghi 2"")",60,282022,False,0.527,0.469,7,-9.562,0,0.0247,0.856,0.00393,0.121,0.403,90.933,4,pop-film,0.4716205686797209,1,1
5t3LIycK7lAXshCf5eSjig,Unha Pintada;Japinha Conde;Conde do Forró,Ao Vivo em Sao Paulo,Cama Baguncada (feat. Japinha Conde & Conde do Forró),43,167375,False,0.707,0.706,11,-3.507,0,0.0964,0.536,0.0,0.129,0.566,134.973,4,pagode,0.4183721129412236,0,1
2tBO9sDqez1uQYsb8EYkjx,Sabke Morde,PeeranSal,Seebe Sorkh,0,622937,False,0.263,0.807,4,-5.933,0,0.0784,0.033,0.00567,0.115,0.11,180.687,3,iranian,0.3428540206466291,0,0
41r2Q4UEDdU9cktfgQETnx,Dvwn,"Dawn Defibrillation, Vol.1",Last,60,235666,False,0.695,0.39,7,-5.439,1,0.0342,0.117,0.0,0.104,0.455,123.985,3,chill,0.26425727608724764,0,0
3BAJ6FfDVenmBz2m1ETZW9,Larry The Cable Guy,Remain Seated,Restaurant Rules,21,250095,False,0.533,0.823,6,-12.244,1,0.957,0.757,0.0,0.981,0.206,88.202,3,comedy,0.5444243781208513,1,1
2dwnD6tMYqp8zQmfg1XvNQ,Mr. Belt & Wezol;RSCL,Way It Is,Way It Is,58,192905,False,0.868,0.69,3,-5.606,0,0.0856,0.0227,0.0526,0.059,0.457,123.997,4,deep-house,0.15049122304488727,0,0
3xtySJF8p0GiNhSJE5TZTY,Daniel Deluxe,Ghostrunner (Original Soundtrack),Blood and Steel,36,163647,False,0.696,0.326,2,-8.469,1,0.0513,0.00617,0.821,0.118,0.0376,110.004,4,club,0.3164379957688586,0,0
2Y2hGQ4Qk103Dapjtgp88J,The Devil Wears Prada,Color Decay,Fire,53,216400,False,0.617,0.626,11,-7.378,0,0.0435,0.0335,0.00154,0.0968,0.206,127.97,4,metalcore,0.3036100527383124,0,0
3ODxqsvcsdmG7ucehNSxn1,Umer Farooq;Moosa Saleem,Duur Se,Duur Se,37,262399,False,0.632,0.608,0,-9.558,1,0.0296,0.184,0.000211,0.105,0.332,93.013,4,singer-songwriter,0.23629582730150678,0,0
3U9gogDStAfWxSm91PJuxb,Slayer,South Of Heaven,South Of Heaven,64,298533,True,0.31,0.991,5,-3.769,0,0.316,0.000132,0.085,0.0969,0.0395,140.071,4,death-metal,0.22877393322863498,0,0
5NKHUvpRs7zr0yOQjx8Exr,Cybotron,Clear,Clear,43,294533,False,0.802,0.637,11,-13.008,0,0.0624,0.000231,0.831,0.587,0.336,125.284,4,detroit-techno,0.22140467669306507,0,0
4J0HFeMb5uY7DnHJ74fGlb,Hiroyuki Sawano,「バブル」オリジナル・サウンドトラック (Extra Track ver.),UTAtoHIBIKI,51,92380,False,0.652,0.372,0,-9.151,1,0.0327,0.687,0.178,0.0907,0.266,126.034,4,anime,0.35807646505483276,0,1
2FnpKIYWlU8oPpwlT9049r,Beat Oven,Beat Soup,Beat Soup,49,111374,False,0.727,0.295,3,-10.21,0,0.077,0.402,0.887,0.0991,0.949,80.008,4,study,0.41762177993923066,0,1
2tssIKIApNh8tGdYfaRa52,Anne-Marie;Cahill,Am I Ready - Pop Night Out,Alarm - Cahill Remix,1,177656,True,0.6,0.914,9,-4.12,0,0.0374,0.00021,9.13e-06,0.204,0.605,127.991,4,house,0.24432484719135583,0,0
35GwlKlVXgFCMF5uTp5r7P,Creed,My Own Prison,One,58,302533,False,0.557,0.933,6,-3.7,0,0.035,2.14e-05,8.66e-06,0.117,0.435,110.946,4,grunge,0.3070846643510844,0,0
5YZMJiVEthl7905WzW8dzS,Aonikenk,Lanza en Mano,Y de Quién Es?,19,140080,False,0.461,0.971,2,-3.663,1,0.219,7.69e-05,3.83e-05,0.0548,0.215,157.74,4,heavy-metal,0.30696592696949593,0,0
2CHuu85IjdomB4wPkDwoZp,Josh A;iamjakehill,Chaos,Endless Nightmare,58,151308,True,0.728,0.573,6,-8.388,1,0.0347,0.00716,0.0,0.164,0.315,139.947,4,sad,0.19544728046136542,0,0
4SGpb5hFrz394Fp4LcXGgt,Feid,Feliz Cumpleaños con Perreo,Feliz Cumpleaños Ferxxo,7,155960,False,0.865,0.573,5,-5.501,1,0.0678,0.0863,0.0,0.305,0.563,94.999,4,pop,0.24143724344916823,0,0
02gH8djuf4t1V0aCaPBfNM,Em Beihold,Frühstücksmusik Herbst/Winter 2022/2023,Numb Little Bug,0,169237,False,0.742,0.527,8,-6.892,0,0.0769,0.327,0.0,0.25,0.638,84.974,4,singer-songwriter,0.2741217561028629,0,0
5tLtKoLD5AVocC1xM0u0D2,Deine Cousine,Ich bleib nicht hier,"Bielefeld, Paris oder Madrid",38,163402,False,0.606,0.993,11,-1.346,1,0.0518,0.0039,0.000224,0.308,0.754,146.966,4,german,0.28918005400140956,0,0
1goBH4a2czNV7PTlswLWfN,Vince Guaraldi Trio,Christmas Faves 2022,Christmas Time Is Here - Instrumental,0,366213,False,0.418,0.116,5,-18.397,1,0.0331,0.966,0.648,0.138,0.0861,74.923,3,jazz,0.5203021986322603,1,1
4H45AfU8wUeusZnaAri6Zz,Huang Yee Ling,甲你作伴,甲你作伴,23,273000,False,0.623,0.563,0,-5.755,1,0.0245,0.332,0.0,0.0792,0.253,99.988,4,mandopop,0.3114201040921725,0,0
5eb9KjDxy61Y6AYcfirYNa,Jennifer Rostock,Ins offene Messer,Himalaya,40,218453,False,0.576,0.726,0,-5.387,1,0.0291,0.000658,0.0,0.0997,0.41,126.032,4,punk,0.35023815956737436,0,1
4tnWEXeAgZWTRULCkJ6IGL,Ólafur Arnalds,re:member,they sink,53,155484,False,0.435,0.0564,5,-27.616,0,0.0369,0.99,0.943,0.113,0.127,110.006,4,ambient,0.5553874966261432,1,1
0w7SrEFvFK9a4Xiyxz6q4s,Demented Scumcats,Splatter Baby,White Stocking Tops,21,173666,False,0.386,0.793,4,-8.968,0,0.0366,4.95e-05,0.162,0.0818,0.571,105.27,4,goth,0.4074838600097556,0,1
45ai35oxYWwa4LAjEUvQNC,NG2,"Homenaje a México, Vol. 1",Desvelado,27,260898,False,0.717,0.841,4,-6.27,0,0.0862,0.461,0.0,0.674,0.86,99.887,4,salsa,0.2771008353587596,0,0
4sQnoBC9CQ97SiE6qACyg1,Lord Of The Lost,Swan Songs II,My Better Me,22,221419,False,0.507,0.368,4,-11.505,0,0.0318,0.0705,0.0,0.102,0.284,115.79,4,goth,0.44281847745971803,0,1
30PysXbn5cVodLBPGV2FWb,Krewella;Nucleya;MOTi,"zer0 (The Remixes, Pt. 1)",Good On You - MOTi Remix,38,156190,False,0.533,0.8,6,-4.665,0,0.0773,0.00341,0.0,0.514,0.271,126.026,4,dubstep,0.26457302402782185,0,0
0iXS4bcrxxzwEbwbtw8cr5,For Revenge,Second Chance,Sendiri,42,192066,False,0.497,0.885,9,-3.769,1,0.0405,0.00522,0.0032,0.0905,0.437,123.899,4,emo,0.26915143249803286,0,0
2AxeNLzRDcXj1w8QAizaC8,Cyclo;Zarcort;Piter-G,Nadie Como Tú,Nadie Como Tú,27,266448,False,0.818,0.367,8,-10.015,0,0.109,0.486,2.51e-05,0.105,0.193,97.976,4,spanish,0.39418444987053014,0,1
3Ye0P7D5bGfuDmTCKJuWxy,IZAL,Agujeros de Gusano,Despedida,57,168226,False,0.592,0.544,2,-6.293,0,0.0244,0.0214,0.000394,0.334,0.181,107.051,4,spanish,0.34989378436268737,0,0
2b4nWymybHj38A6XtQijiA,G. V. Prakash;Dhee,"Kaattu Payale (From ""Soorarai Pottru"")","Kaattu Payale (From ""Soorarai Pottru"")",58,246000,False,0.7,0.631,2,-8.377,1,0.212,0.325,0.000246,0.376,0.49,78.924,4,pop-film,0.36234789773371423,0,1
5I8uxn5rQ90r6ZiXzRx0l9,Madeline The Person,All That Really Matters - Just Hits,MEAN!,0,143957,False,0.56,0.436,7,-8.761,1,0.491,0.918,0.0,0.093,0.402,117.907,4,singer-songwriter,0.6057841268756341,1,2
6v5VsfCYKdrkQBTMhAlkDr,Guns N' Roses,Appetite For Destruction,Rocket Queen,61,373466,False,0.448,0.945,10,-7.978,1,0.0394,0.0219,0.246,0.0254,0.437,111.705,4,hard-rock,0.20047361679388936,0,0
5fZS83DoIkvSdwQKTRYdMF,BOØWY,"""GIGS"" CASE OF BOφWY COMPLETE (Live From ""Gigs"" Case Of Boowy / 1987)","TEENAGE EMOTION - FROM ""GIGS"" CASE OF BOOWY",33,236440,False,0.429,0.981,7,-3.174,1,0.0599,0.00213,0.000732,0.513,0.395,95.544,4,rockabilly,0.33194120505173375,0,0
76ksg9R3gQjJNlyhxyJlLI,Los Mitos,Es muy facil (Remastered),Si te acuerdas de mí - 2015 Remaster,31,218640,False,0.45,0.795,7,-6.462,1,0.0389,0.0507,5.68e-06,0.938,0.748,125.693,4,spanish,0.4412758774008588,0,1
6mW2IiQDrp66AUjCsRu6Kg,The Blaze,Dancehall,Places,58,214826,False,0.771,0.448,2,-9.513,1,0.0446,0.493,0.708,0.108,0.0364,99.994,4,french,0.29000519100904043,0,0
6ULjJomtdRstnT9BPMAf9d,The Landers,Still Here,Swad Kutde,58,120000,False,0.853,0.511,7,-6.451,0,0.422,0.188,0.0,0.223,0.795,90.171,4,hip-hop,0.2701981567900328,0,0
6tvg7JD2fHiGzGvsPKECQO,LaPalomaLui;Ikke Hüftgold,Liebficken,Liebficken,28,172543,True,0.585,0.976,7,-2.64,1,0.0902,0.127,0.0,0.189,0.818,137.009,4,party,0.30901104566587473,0,0
2lBExcAjBgX7Jb480goU9B,Majid Jordan;Drake,Wildest Dreams,Stars Align (with Drake),69,260519,False,0.763,0.667,2,-6.285,1,0.085,0.021,2.4e-05,0.0715,0.75,95.864,4,soul,0.2575432417706515,0,0
4r1iag8SixyX9KiRxWVswH,Simon la Letra;Dayser 23,Por Ti,Por Ti,43,258782,False,0.799,0.853,7,-5.484,0,0.0293,0.104,0.0,0.0734,0.97,115.052,4,reggae,0.20344166401417682,0,0
34ViVxDOmYG4Yq0ZQ6fBA3,Sex Prisoner,Sex Prisoner,Pulp,13,34504,False,0.303,0.977,4,-5.745,1,0.104,9.26e-05,0.733,0.258,0.106,87.423,4,grindcore,0.33674508501644024,0,0
20vEB3It4xYzKHlMecu6X1,Abel Korzeniowski,Nocturnal Animals (Original Motion Picture Soundtrack),Table For Two,58,203466,False,0.199,0.133,10,-15.992,0,0.0379,0.914,0.868,0.278,0.0388,132.028,4,ambient,0.6024144646903601,1,2
3qrdLVOClRU4yPkcXZ7c5u,Ayushmann Khurrana;Tanishk-Vayu,"Mere Liye Tum Kaafi Ho (From ""Shubh Mangal Zyada Saavdhan"")","Mere Liye Tum Kaafi Ho (From ""Shubh Mangal Zyada Saavdhan"")",72,132158,False,0.701,0.638,6,-3.711,1,0.302,0.492,0.0,0.153,0.813,177.867,4,pop,0.43174493822515414,0,1
5Q9xZAUfiWZLUHDYugcXN4,D-Ceptor,Warrior Elite,Warrior Elite,31,265599,False,0.325,0.993,7,-0.562,1,0.253,0.146,0.0589,0.548,0.216,181.978,4,hardcore,0.32306607228378825,0,0
4HVmE0XxxufxDQYbOTm4f1,Manu Dibango;Cuarteto Patria,Cubafrica,Carnaval,18,350906,False,0.44,0.739,8,-4.719,1,0.0327,0.294,0.0028,0.05,0.927,101.033,4,afrobeat,0.37738495327967303,0,1
5eYQMChHFGtMlRPZicBtMC,Topic;A7S,pov: it's 2020,Breaking Me,0,166793,False,0.789,0.72,8,-5.652,0,0.217,0.223,0.0,0.129,0.664,122.031,4,edm,0.2838193725092504,0,0
1YMWhMWwKs2LrxqNHWQjaL,Antonio José;Chema Rivas,Agarraito,Agarraito,61,169404,False,0.737,0.862,6,-3.872,0,0.208,0.0756,0.0,0.379,0.815,100.066,4,spanish,0.17274006565058048,0,0
6KfqrM6To2CjbXqJN3Pulw,Felix Jaehn;Robin Schulz;Georgia Ku,Night Drive Autumn/Winter 2022/23,I Got A Feeling,0,144734,False,0.598,0.833,2,-3.716,0,0.048,0.0196,0.0,0.292,0.406,124.973,4,house,0.2843712172326155,0,0
3yOlyBJuViE2YSGn3nVE1K,Camila Cabello;DaBaby,Romance,My Oh My (feat. DaBaby),76,170746,False,0.724,0.491,8,-6.024,1,0.0296,0.018,1.29e-05,0.0887,0.383,105.046,4,dance,0.311753323502588,0,0
5QMLTolS9JqMTqouRtbSWT,Cali Y El Dandee;Danna Paola,Regageton Para Niños,Nada,1,174026,False,0.684,0.808,0,-2.737,1,0.061,0.0518,1.02e-05,0.0858,0.712,173.905,4,electro,0.2919950179042147,0,0
6HYBcn4WJp5DitDSf6GS1G,Nightnoise,Something Of Time,Perchance To Dream,22,298466,False,0.24,0.138,3,-20.625,1,0.0391,0.935,0.544,0.103,0.17,84.235,4,new-age,0.6069195478499773,1,2
6xqWfkMmiqbepWSXMj19K1,Aretha Franklin,Thanksgiving Party,This Girl's in Love with You,0,240773,False,0.579,0.409,0,-10.095,1,0.0268,0.624,1.83e-05,0.18,0.526,109.417,3,soul,0.45548040154285224,1,1
3GmjvTn3YFn6MfQXugsUWA,Boozoo Bajou;Rumer,Café del Mar XXVI (Vol. 26),Same Sun - Original Mix,20,346640,False,0.661,0.25,3,-17.438,0,0.0323,0.875,0.00566,0.268,0.384,97.029,4,trip-hop,0.4552143092869195,1,1
0Hfah746oDkvCS7ySP3k1c,8percent,dream girl,dream girl,66,87408,False,0.795,0.385,7,-13.526,0,0.329,0.851,5.98e-05,0.234,0.55,109.996,4,sad,0.4565556428849853,1,1
06e5eIUvhIcovVu0KuCOri,Shobha Gurtu,Prahaar (Original Motion Picture Soundtrack),Yaad Piya Ki Aaye,29,390200,False,0.407,0.575,9,-9.439,1,0.0514,0.827,9.86e-05,0.18,0.527,135.83,4,classical,0.4728203984156036,1,1
0HdgslFKTE3hi2lCdOf2GJ,Fukkk Offf;Naeleck;KATFYR,Bang Your Head,Bang Your Head - Naeleck & KATFYR Remix,51,180923,False,0.679,0.969,2,-1.79,1,0.0745,0.012,0.72,0.0529,0.212,130.017,4,electronic,0.2286509017695299,0,0
5jQXOC8ShgkFMahTEYPoQq,Elton John;Britney Spears,Hold Me Closer (Joel Corry Remix),Hold Me Closer,52,202245,False,0.665,0.769,0,-4.586,1,0.112,0.0854,0.000169,0.185,0.495,126.042,4,piano,0.2665644743965546,0,0
1JLn8RhQzHz3qDqsChcmBl,Foreigner,Agent Provocateur,I Want to Know What Love Is - 1999 Remaster,79,304786,False,0.477,0.471,6,-10.036,1,0.0277,0.193,1.76e-06,0.131,0.423,81.204,4,hard-rock,0.21684502186717172,0,0
7M9ZOPynXtdsAYhDCeeYnN,Zach Bryan,Single Saturday Night - Country Songs,Something in the Orange,0,228013,False,0.369,0.192,4,-12.151,0,0.04,0.555,8.35e-06,0.0954,0.148,175.212,3,country,0.5536436928981306,1,1
5Sb9wYzagd53deNvA9zYlU,Kelsey Grammer,Finding Neverland (Original Broadway Cast Recording),Live By The Hook - Original Broadway Cast Recording,28,227200,False,0.533,0.486,2,-8.503,1,0.291,0.519,7.85e-05,0.102,0.247,127.397,4,show-tunes,0.4352782475002688,0,1
1T0LELb5T66hlUGmeTyTow,Eisregen,Satan liebt dich,Onkel Fritze,23,186653,False,0.488,0.993,10,-4.666,1,0.194,0.000421,3.22e-06,0.353,0.152,140.043,4,death-metal,0.35509334793715036,0,1
7eagn7sy1HS26VGz4lYmr1,Diogo Nogueira,Sou Eu (Live),"Me Leva - Ao Vivo Em Vivo Rio,Brasil/2010",39,299746,False,0.547,0.674,7,-9.584,1,0.0394,0.407,0.00115,0.715,0.503,160.123,4,samba,0.5888690038169588,1,1
1D2ZNECRd7KIlA4pyOUGsv,Joel Corry;David Guetta;Bryson Tiller,What Would You Do?,What Would You Do?,75,174215,False,0.687,0.895,9,-2.983,1,0.0474,0.149,0.00592,0.121,0.686,124.041,4,edm,0.17159431233069672,0,0
5WJtuMqSdxcbuNvouacT37,Keenan Te,Forgot About Us,Forgot About Us,59,213674,False,0.556,0.43,5,-6.134,1,0.0551,0.398,0.0,0.0845,0.322,169.617,4,singer-songwriter,0.3286193583624326,0,0
1kvZL6kWs8JTgw9dJQJYWY,Sheryl Crow,Chillin' It - Mellow Day Country,Easy,0,253360,False,0.521,0.57,9,-5.567,1,0.0245,0.0254,1.17e-06,0.0757,0.608,169.995,4,singer-songwriter,0.29986541891420804,0,0
1IxMcTkR2WLBCQv9rjPAbi,Marcos Antônio,Toma os Pedaços,As Três Coroas,37,234657,False,0.608,0.421,6,-13.849,1,0.0496,0.499,0.0,0.172,0.553,107.779,4,gospel,0.41908890149131284,0,1
12HWdKlpYI9wbXO6WbSiKk,Tommy Ice,You & Me,You & Me,43,158418,True,0.707,0.635,8,-5.968,0,0.255,0.509,0.0,0.135,0.548,177.055,4,emo,0.38457542689077173,0,1
4ndGWW4JhDCF3OdSLYn9QA,Hybrid,Black Halo,Sky Full Of Diamonds,16,448442,False,0.504,0.621,5,-11.601,1,0.0305,0.00832,0.01,0.119,0.111,144.471,4,breakbeat,0.297982334109883,0,0
2I63tojTZ40AkQ4VmSSBS4,Brings,Arsch Huh 2012,Stell die Stadt op d'r Kopp,25,234986,False,0.757,0.867,8,-3.823,1,0.0925,0.0481,0.0,0.0691,0.821,130.034,4,party,0.15841197428063947,0,0
7c3vEk2oabwRAsyXwFngAY,Brett Eldredge,Christmas Time,Christmas Time Is Here,0,210906,False,0.322,0.301,0,-11.993,1,0.0325,0.921,0.000799,0.168,0.234,74.518,3,country,0.47873525438569076,1,1
00mgT6B4SaiN2KpCw8lrrE,PASSEPIED,ONOMIMONO,脳内戦争,19,184013,False,0.428,0.939,4,-2.497,1,0.127,0.0274,0.561,0.113,0.443,187.994,4,j-idol,0.31946014209028534,0,0
02jLfqc9gMo8PkHEGHY3OT,Feid,Si Te La Encuentras Por Ahí,Si Te La Encuentras Por Ahí,82,191573,False,0.743,0.576,8,-3.552,0,0.076,0.151,5.87e-05,0.128,0.455,171.945,4,reggaeton,0.2804260115279772,0,0
6a5zu4yJD2zSy0D77lgiPE,Comedian Bob Marley,Comedian Bob Marley Live,You got yoru shoes on?,20,46253,False,0.643,0.564,6,-14.505,1,0.925,0.884,0.0,0.926,0.425,110.534,4,comedy,0.5746727963936616,1,1
4QSF0d4ENvMXA03ARpMfaP,Mame Khan,Coke Studio @ MTV Season 2: Episode 3,Chaudhary,59,423613,False,0.452,0.703,6,-6.523,1,0.195,0.484,9.32e-06,0.121,0.813,172.039,4,folk,0.42769169474467833,0,1
6Pxm9JUzH0s5lr36oBVZ51,Christian Death,Between Youth,Between Youth,23,260800,True,0.398,0.921,11,-8.016,0,0.0532,7.96e-06,0.789,0.343,0.402,150.111,4,goth,0.29712230926209515,0,0
3ExNcJ7LkInTekJg13FQSq,Joe Satriani,Surfing With The Alien,Satch Boogie,49,192600,False,0.46,0.951,2,-6.869,1,0.108,0.00285,0.833,0.0523,0.336,108.005,4,guitar,0.16013216999691732,0,0
6KKIxIWUL2dOn4CxmvY0H9,Calle 13,Residente o Visitante,El Avión Se Cae,19,257693,True,0.759,0.78,0,-8.007,1,0.0385,0.0024,0.0506,0.321,0.51,125.05,4,afrobeat,0.22881956292647262,0,0
189DQylImZ1hGZaIpAQUzx,Anu Malik;Papon;Varun Grover,Dum Laga Ke Haisha,Moh Moh Ke Dhaage (Male),58,322899,False,0.634,0.344,2,-11.011,1,0.0288,0.741,6.09e-05,0.111,0.409,128.0,4,pop-film,0.44634645984271937,0,1
46hyyzAIVm7PZCgNY4jJFF,Michael Ball;Alfie Boe,Together,Wonderful World / Over The Rainbow,20,241120,False,0.178,0.19,11,-18.259,1,0.0433,0.808,0.024,0.135,0.158,81.711,4,show-tunes,0.6799742184912628,1,2
7GHf8dQ2wA71wYOuRsQCZP,The Cascades,Rhythm Of The Rain,Rhythm of the Rain,61,146360,False,0.659,0.66,0,-8.337,1,0.0441,0.627,0.000217,0.136,0.672,116.634,4,rock-n-roll,0.3744493697807607,0,1
0CVCO6f2hDWKmDHxeZTDFa,Charli XCX,Trending Pop,Good Ones,0,136614,False,0.764,0.672,7,-5.947,0,0.0293,0.072,3.32e-06,0.0806,0.789,129.049,4,electro,0.2488239178958916,0,0
4T0bhxGIDHOkqqwqLyouV5,Soraya,Qué Bonito,Qué Bonito,60,217516,False,0.716,0.737,7,-6.076,1,0.06,0.118,0.0,0.198,0.585,95.009,4,spanish,0.26202783857809886,0,0
0NwcbjyO9BqBZFjila5t8s,Pritam;Anirudh Ravichander,"Dancela Bodha Yethuda [From ""Brahmastra (Tamil)""]","Dancela Bodha Yethuda (From ""Brahmastra (Tamil)"")",54,245735,False,0.654,0.924,6,-4.892,1,0.174,0.0738,0.0,0.329,0.595,136.021,4,indian,0.21072636058901287,0,0
7frJTPBH4qaatdpJXJfjB5,Antonio Cirilo,Poderoso Deus,Poderoso Deus,44,889066,False,0.447,0.32,2,-10.914,1,0.0306,0.813,0.0,0.176,0.148,124.428,4,gospel,0.5286504842313735,1,1
16c3vj2frWYWMVH3QgOMu6,Company,Xanadu: Original Broadway Cast Recording,All Over the World,19,197013,False,0.637,0.675,5,-4.092,1,0.0436,0.73,0.0,0.131,0.704,130.923,4,show-tunes,0.33295893656153414,0,0
5lzXJ97yP3Tc64MFgc8Mrs,Jubin Nautiyal;Dhvani Bhanushali;Payal Dev,"Tum Hi Aana (Duet Version) [From ""Marjaavaan""]","Tum Hi Aana (Duet Version) [From ""Marjaavaan""]",50,248550,False,0.419,0.266,4,-12.62,0,0.0298,0.757,0.0,0.121,0.302,89.752,4,k-pop,0.5240375154907382,1,1
67lbzVADsqJJ6tyVk0XCgn,Topic;Bebe Rexha,Chain My Heart,Chain My Heart,70,146880,False,0.663,0.849,11,-4.462,0,0.0334,0.0791,1.2e-06,0.192,0.722,123.992,4,edm,0.15842045706311073,0,0
5xiX77tfCu9rQ2fXb9pxGU,Wilson Pickett,Miami Funk : Funk Gems from Henry Stone Records,Let Me Know,0,164540,False,0.827,0.729,10,-10.124,1,0.133,0.536,0.0089,0.635,0.901,96.301,4,funk,0.42177404707116367,0,1
05ORVcRHPhRgtgHCDku3lz,Igor Talkov,Лучшие песни часть 2,Маленькая планета,5,288148,False,0.749,0.57,9,-9.436,0,0.11,0.434,1.24e-06,0.367,0.911,132.646,4,romance,0.44610444894482404,0,1
5MyNEVlRNg3E5xVhu8koJS,Napalm Death,Time Waits for No Slave,Fallacy Dominion,12,249360,False,0.203,0.99,10,-4.039,1,0.125,4.46e-06,0.826,0.233,0.241,117.848,4,grindcore,0.4159044821661431,0,1
0qXSq3Tmf72L1MtAK8c3YU,André Valadão,Fé (Ao Vivo),Abraça-Me - Ao Vivo,44,311066,False,0.514,0.594,7,-6.022,1,0.0272,0.063,0.0,0.239,0.306,78.0,4,brazil,0.3698164257962299,0,1
7qFbGeqWhlM9DQAwNOI9Mz,Murderdolls,Post-Millennial Noise,Slit My Wrist,0,224026,True,0.423,0.998,9,-4.655,1,0.109,0.000133,0.0641,0.379,0.298,97.852,4,industrial,0.28036903854007444,0,0
6LjNfVXppjwIhrWPYmUpag,Rik Gaynor,Party Dances/Mini Disco The Greatest Holiday Album Ever!,Supermarket Sweep,10,221675,False,0.688,0.866,6,-6.285,1,0.104,0.0207,0.00334,0.216,0.901,141.958,4,kids,0.2059378562486812,0,0
1YSPIHUt1JiN9H1GcgH8Ce,Amaral,Hacia Lo Salvaje,Cuando Suba La Marea,51,265213,False,0.634,0.643,8,-5.177,1,0.0271,0.386,9.61e-05,0.109,0.409,115.997,4,spanish,0.2623914734018693,0,0
0pfG8LwO7hSdHe6hTgc6a6,Eric Hutchinson,Sounds Like This,Outside Villanova,29,255680,False,0.785,0.732,5,-6.177,1,0.0513,0.059,3.74e-06,0.524,0.798,137.946,4,acoustic,0.27472810526434743,0,0
6ym1AfJcqGuu7TLxQIfl0m,Yoga Lin,今日營業中,天真有邪,44,330000,False,0.426,0.382,0,-8.703,1,0.0302,0.364,0.0,0.123,0.186,127.639,4,mandopop,0.48387827192893684,1,1
1NzjhpwIgh3bXjxdtv2RbY,Yuvan Shankar Raja;Rahul Nambiar,"Muddhu Muddhu Vaana (From ""Nene Vasthunna"")",Muddhu Muddhu Vaana,45,190480,False,0.727,0.558,7,-12.475,1,0.0447,0.588,0.000376,0.0985,0.586,104.991,4,k-pop,0.3284693757112103,0,0
22GJL3yxG9ubHzRtaXRiuT,Dan Gibson's Solitudes,Piano Cascades,Streams of Hope,27,375395,False,0.429,0.144,7,-23.069,1,0.0348,0.99,0.698,0.576,0.172,116.743,4,new-age,0.6944912317228926,1,2
2iHwOGQ2HreSfcBsgYEYrf,Rita Coolidge,Best 70s Rock Tunes,We're All Alone,0,220520,False,0.332,0.429,7,-8.376,1,0.0287,0.356,3.1e-05,0.0619,0.242,128.091,4,r-n-b,0.47004886052327294,1,1
4DosgMYWthi2sAHwiOQte2,Hillsong Young & Free;Alexander Pappas,We Are Young & Free,Alive (Live),49,233373,False,0.567,0.947,1,-3.733,0,0.0883,0.000891,6.79e-05,0.869,0.635,131.988,4,world-music,0.28716852566810713,0,0
5Wwr2S7QZTR5PVJn6jhgdk,Chronixx,Dread & Terrible,Here Comes Trouble,59,234586,False,0.758,0.786,4,-4.897,0,0.108,0.156,0.0,0.0658,0.786,83.495,4,dancehall,0.28927415691893044,0,0
3uHiCtn2tZyglsAnAzX0Th,Claude Debussy;Andrzej Cieplinski;Tymoteusz Bies,Irrberge,"Sonata for violin and piano, L. 140: II. Intermède. Fantasque et léger",2,274693,False,0.369,0.0898,7,-22.042,1,0.0572,0.987,0.744,0.224,0.077,167.655,4,classical,0.7150519280929913,1,2
3JsxSGtJtokZJuD3rW3Wap,Split Lip Rayfield,Should Have Seen It Coming,A Little More Cocaine Please,24,137240,False,0.618,0.798,7,-6.201,1,0.0416,0.675,3.66e-05,0.0794,0.53,102.243,4,bluegrass,0.4058913230627893,0,1
0cIBOfHKEvwyiAcwlRmylP,Hellripper,Complete and Total Fucking Mayhem,Blood on the Cross,18,121000,True,0.304,0.766,10,-6.837,0,0.0369,7.68e-05,0.449,0.229,0.0978,185.847,4,black-metal,0.34073706694573325,0,0
4zWQTANcOyMLbQOOn44gSJ,Djavan,"Djavan ""Ao Vivo""",A Carta (Ao Vivo),39,349866,False,0.66,0.86,1,-6.883,0,0.0593,0.124,2.35e-06,0.948,0.742,93.784,4,mpb,0.2563483674485556,0,0
00zKsjOedBGipmWamt0bdq,Bayron Fire,Salgo,Salgo,39,223810,False,0.664,0.893,10,-3.627,0,0.15,0.0748,0.0,0.351,0.773,104.007,4,reggaeton,0.30048696033945743,0,0
4Y55T05g57LJu1HuggKVLp,Die Apokalyptischen Reiter,Riders on the Storm,Wenn Ich Träume,20,188200,False,0.499,0.956,1,-3.406,1,0.114,0.00282,0.0,0.363,0.345,111.979,4,heavy-metal,0.27686480811723213,0,0
3tRFo1mXVNC5Wwrv7T8trF,The Pretty Things,Parachute,The Good Mr. Square,57,86693,False,0.584,0.284,7,-12.714,1,0.0409,0.305,0.000903,0.162,0.386,139.087,4,psych-rock,0.39229063169691686,0,1
4W5LREYy8mr0tGcuaRTIXm,Kelpe,Fourth: The Golden Eagle Remixed,Beaks of Eagles - Fulgeance Remix,14,262195,False,0.723,0.695,10,-9.602,0,0.0425,0.0512,0.638,0.336,0.583,99.965,4,idm,0.22799007153190762,0,0
66cBlqEs1viJJCE74CDfGB,Leslie Cheung,寵愛,追,52,323760,False,0.311,0.209,0,-14.662,1,0.0302,0.734,0.000175,0.0791,0.231,179.695,4,cantopop,0.46509947276975633,1,1
4JRcaw04GXaxgYgFJGPo4h,Sabri Brothers,Mere Sarkar Aaye Hai,Mere Sarkar Aaye Hai,12,472000,False,0.421,0.856,1,-7.915,0,0.319,0.877,8.22e-06,0.659,0.487,172.059,4,folk,0.45948678551607935,1,1
3L6C4MG2zFzZ5CE1JQ9tCo,Håkan Hellström,Känn ingen sorg för mig Göteborg,Dom dimmiga dagarna,35,191533,False,0.22,0.422,5,-6.45,1,0.033,0.00676,4.65e-06,0.295,0.179,122.683,3,goth,0.42548131994207095,0,1
52ADjbnO2yizl9ke12CKov,Saturnus,Veronica Decides to Die,All Alone,39,380000,False,0.586,0.406,9,-10.181,0,0.0304,0.267,0.582,0.113,0.068,110.006,4,goth,0.42311302299363945,0,1
0P6Sri9zqvYC7Eswgmfeul,THE RAMPAGE from EXILE TRIBE,REBOOT,BOND OF TRUST,36,252666,False,0.677,0.912,11,-3.592,0,0.0361,0.216,0.0,0.16,0.614,107.977,4,j-pop,0.29059414441229925,0,0
006rHBBNLJMpQs8fRC2GDe,Calcinha Preta;Gusttavo Lima,CP 25 Anos (Ao Vivo em Aracaju),Agora Estou Sofrendo - Ao Vivo,47,260510,False,0.605,0.678,0,-3.257,1,0.0311,0.642,0.0,0.157,0.439,125.059,4,forro,0.3235438974607287,0,0
7Hh1QrPMVNkE1YbwO9X4Ir,Stam1na,SLK,Panzerfaust,25,239960,False,0.185,0.985,6,-4.485,1,0.119,5.91e-06,0.594,0.337,0.0931,137.993,3,heavy-metal,0.3663543269957885,0,1
6UmpOofvtwr2RosrFxQ430,Vluestar,Weed Wit U,Weed Wit U,58,121951,True,0.481,0.335,7,-17.999,0,0.223,0.977,0.000142,0.18,0.514,78.721,4,chill,0.5718913672077884,1,1
1QpSeLx3XbPAyjYAAe12w0,Metrik;Grafix,Overdrive / Parallel (VIP),Overdrive,48,281379,False,0.434,0.904,1,-3.994,1,0.0387,0.00142,0.635,0.931,0.349,173.982,4,drum-and-bass,0.30134132778623,0,0
3v8CoiN19zAzkTG0E7TBTN,Weezer,Christmas Rock 2022,We Wish You A Merry Christmas,0,84973,False,0.387,0.786,11,-4.127,1,0.0436,0.0195,0.0,0.123,0.462,149.806,3,power-pop,0.41101219072705164,0,1
4IiuExPFijOGZnVxGsKWcc,The White Stripes;The Glitch Mob,Seven Nation Army (The Glitch Mob Remix),Seven Nation Army - The Glitch Mob Remix,65,257021,False,0.701,0.844,4,-6.629,1,0.133,0.152,0.626,0.194,0.198,120.04,4,garage,0.20481626232743327,0,0
2gzdwXhsOgbNx6Ckt8h16A,Maga;JVLA,Drama [Slowed],Drama [Slowed],47,221332,True,0.621,0.44,2,-5.673,1,0.204,0.384,2.08e-05,0.352,0.0933,169.697,4,electronic,0.4187037719401624,0,1
7HM1onSgR6op93vH7jNTV5,Vybz Kartel,Boom It Off,Boom It Off,24,210666,True,0.744,0.502,2,-9.603,1,0.312,0.246,1.68e-06,0.0511,0.7,120.411,5,j-dance,0.3421487062634324,0,0
19lvqkOiSnvBBMWzOqgQ3b,Thalia,Top Trending Romania - Vara 2022,Marimar,0,203040,False,0.702,0.768,10,-5.58,0,0.057,0.715,1.3e-05,0.0684,0.817,101.091,4,latin,0.41045944453809186,0,1
4TFI0lmmt6UyMU8RAgVU4a,Tamia,21st Century Soul Grooves & Slow Jams,Officially Missing You,0,242466,False,0.475,0.407,4,-9.239,0,0.0368,0.247,0.0,0.144,0.226,178.261,4,soul,0.47783423060685415,1,1
5ozmvzdmTenViUuxX5687c,Bryan & Katie Torwalt,I've Got Good News (Live) [Deluxe],Sound Mind - Live,25,455580,False,0.436,0.336,10,-9.894,1,0.0307,0.0455,0.0,0.7,0.143,107.78,4,world-music,0.599837839563631,1,1
2YJJRSqn5OTZwAjBGhJ7VD,Our Lady Peace,Happiness...Is Not a Fish That You Can Catch,Stealing Babies (Featuring Elvin Jones),24,331240,False,0.316,0.781,2,-7.311,1,0.113,0.135,3.05e-05,0.336,0.293,125.656,3,grunge,0.37077603461962894,0,1
4aVBZXFivNVH0P5phc6ios,Lalo Ebratt;Sebastian Yatra;Yera;Trapical Minds,Queda poco para la PAES 2.0,Déjate Querer,0,202823,False,0.755,0.792,6,-4.238,1,0.0483,0.028,0.0,0.0754,0.842,106.015,4,reggae,0.2396995079264668,0,0
1oxyLBX9KmrtKajyVQkfAs,Duke Dumont;Zak Abel,Larga Vida al Electro,The Power,1,197449,False,0.626,0.829,5,-6.795,0,0.0537,0.00458,0.0601,0.227,0.191,121.945,4,progressive-house,0.2800379138953708,0,0
4bUe0OUcwdu85AMBkZzYFg,Burna Boy;Popcaan,"Love, Damini",Toni-Ann Singh (feat. Popcaan),65,175677,True,0.67,0.607,5,-6.44,0,0.444,0.396,0.0,0.238,0.863,199.666,4,dancehall,0.2864502418371398,0,0
13QlmzEg89fD2DmW3f503g,Duke Dumont;Jax Jones,Fiesta portatil,I Got U,0,285596,False,0.636,0.761,9,-7.752,0,0.035,0.00383,0.00784,0.0851,0.462,120.842,4,house,0.2203071938501132,0,0
6eMUVgHg5pqKz2F1m7DPeZ,Caju Pra Baixo;Belo,Ao Vivo em Marechal Hermes,Te Quero - Ao Vivo,36,176234,False,0.411,0.691,0,-6.309,1,0.0379,0.755,2.61e-06,0.688,0.629,90.231,4,samba,0.5733254228100212,1,1
4WcWjBoSYqZBwqeYlz0qey,Guayacán Orquesta;Ray Sepulveda,"25 Años, 25 Éxitos, 25 Artistas, Vol. 1",Extraño Tu Amor,47,267389,False,0.775,0.728,4,-6.89,0,0.0481,0.283,0.0,0.253,0.707,167.0,4,salsa,0.23850999612036122,0,0
7D7CBnyCYkylr79Cp5TSlv,Stephen Sanchez,Hold Her While You Can,Hold Her While You Can,51,264013,False,0.502,0.718,2,-5.87,1,0.0303,0.0181,8.31e-06,0.289,0.36,89.976,4,singer-songwriter,0.2815205151720832,0,0
0V30YoSTWPv9S8MiBCSxRz,Outside Broadcast Recordings,Electronic White Noise Therapy,White Noise: Three Fans,33,229955,False,0.133,0.000272,6,-27.129,1,0.0635,0.0663,0.305,0.113,0.0379,61.549,4,sleep,0.6050915054215933,1,2
7MA5eIM6qJH56VXvyVBseL,Todd Barry,From Heaven,"Nurse's T-Shirt, Kid's T-Shirt",20,78333,False,0.48,0.758,3,-14.047,0,0.952,0.921,0.0,0.829,0.813,177.513,1,comedy,0.6462741728884219,1,2
61pyWaQQqcbQUma3xUGMC0,Enosoul;Da Vynalist,14 Hours of House EP,Joy,27,393959,False,0.787,0.798,9,-9.715,0,0.047,0.0039,0.938,0.0282,0.515,115.994,4,deep-house,0.21534737903212547,0,0
1aL399KnfueCuX3gPML2Rp,Ophidian,Dominator 2022 (Hell Of A Ride),Dark Euphoria (Official Masters Of Hardcore Austria 2022 Anthem),24,210000,False,0.367,0.995,1,-0.624,1,0.464,0.2,0.000384,0.391,0.225,183.007,4,industrial,0.40007412613169974,0,1
39msp8YEbfPIw5AiqYzrb8,Teddy Killerz;FuntCase,You Must Comply (Bass Culture 4),You Must Comply,16,205578,False,0.604,0.992,10,-2.298,0,0.266,0.000776,0.596,0.128,0.448,174.109,4,drum-and-bass,0.25300501187932084,0,0
0J2p4KYdr6Mg4ET6JPlbe1,ABBA,Super Trouper,Super Trouper,72,252853,False,0.764,0.626,0,-8.274,1,0.0288,0.457,6.35e-06,0.201,0.961,118.34,4,swedish,0.24612411600204392,0,0
1yo7eQcZzXO0UYXo3p9qmI,Dean Martin,Christmas Classics,"Baby, It's Cold Outside",0,143733,False,0.439,0.196,0,-16.093,1,0.0601,0.88,0.0,0.0513,0.525,129.581,4,jazz,0.5504058135280072,1,1
35b08f3X5XiuTV0oJHZB9g,Kasabian,Kasabian/Empire,Club Foot,54,215360,False,0.18,0.915,0,-6.855,1,0.0946,0.0224,1.43e-05,0.0929,0.101,94.578,1,garage,0.37074831342142844,0,1
4eY1SRWnpIpNsXHsfDvOMH,Souljah,Mestakung,Bagaimana Caranya,33,216476,False,0.594,0.644,5,-4.996,1,0.0387,0.395,7.49e-05,0.109,0.393,150.096,4,ska,0.35212368890113666,0,1
0V5GNdsrQlKBR1V4PeGX7x,Popcaan,Consistency (Through the Years),Unruly Rave,0,205453,True,0.583,0.76,1,-5.71,0,0.318,0.188,0.0,0.13,0.449,97.675,4,reggae,0.3149278403473554,0,0
6Eukq40cWhZjXSyRmJfUhw,Kosmonova;Technorocker,Next Chapter,Heart Is in Debt - Technorocker Remix,30,169384,False,0.518,0.938,7,-5.046,1,0.299,0.00576,0.0,0.705,0.0933,130.049,4,trance,0.29889003175574463,0,0
3kfLmxUUOW3gDhMiBEYWze,Geraldo Azevedo;Elba Ramalho,"O Grande Encontro 20 Anos: Alceu, Elba e Geraldo (Ao Vivo)",Chorando e Cantando - Ao Vivo,37,249720,False,0.393,0.389,9,-9.054,0,0.0362,0.722,0.0,0.846,0.278,123.03,4,samba,0.6070126239330942,1,2
6IskNuvBwK8YzFrjvXIp5h,The Local Train,Aalas Ka Pedh,Yeh Zindagi Hai,45,249160,False,0.633,0.616,9,-7.395,1,0.0288,0.126,0.0,0.078,0.7,131.072,4,indie,0.2065712858813687,0,0
2bGCXKKxk0FyTwYeJooaJH,Osho Jain,Khush to Hai Na,Khush to Hai Na,46,191020,False,0.807,0.0977,0,-15.128,1,0.0427,0.97,4.16e-05,0.0863,0.462,147.127,4,indian,0.48946616814948346,1,1
0bf5Jsf2DzO8TXuV5eEDPE,Matt Sassari;Green Velvet,Dance Or Die,Dance Or Die,43,376794,False,0.797,0.834,7,-7.232,1,0.0899,0.001,0.635,0.101,0.316,129.006,4,techno,0.13009800123956977,0,0
7MZBQeYiGTwXPkDigjFpKo,Nine Inch Nails,With Teeth (Bonus Tracks),Right Where It Belongs,42,307560,False,0.458,0.362,5,-10.043,1,0.0305,0.979,0.494,0.118,0.223,139.879,4,industrial,0.5007641065828098,1,1
0Nme92vYmYrVGAEslR2LB0,Oficina G3,Humanos,Desculpas,38,279754,False,0.658,0.725,0,-6.427,1,0.0295,0.000534,0.225,0.154,0.644,123.909,4,metal,0.19912633029115656,0,0
46jni4B6gnRB5EbjIEnsf3,BLOND:ISH,#PlasticFreeParty,Life Is...,0,253701,False,0.698,0.861,2,-7.21,1,0.0344,0.000237,0.471,0.0758,0.169,123.004,4,deep-house,0.29430684261745244,0,0
4u3PUsG9vWxbu2lkGfW4qb,Eazy-E;Dr. Dre;MC Ren,Eternal E,Eazy-Duz-It,25,261200,True,0.818,0.587,7,-7.527,1,0.315,0.0645,0.0,0.359,0.62,90.939,4,hardcore,0.21646239780827253,0,0
7HXAcuJ9yHxxtGmdR0Rj4b,Rob Zombie,Educated Horses,100 Ways,25,113320,False,0.686,0.656,7,-8.92,1,0.0327,0.802,0.867,0.498,0.487,92.386,4,industrial,0.35082782061595175,0,1
3Px454rzMHtIRc9R04QSlB,The Souljazz Orchestra,Resistance,Soleil Couchant,18,225953,False,0.618,0.831,9,-7.018,0,0.0802,0.429,0.321,0.168,0.92,126.058,4,afrobeat,0.39419102777077153,0,1
3txHZTpGeVASXa5ARwoRX6,Frejat,Frejat Ao Vivo No Rock In Rio,Puro Êxtase - Ao Vivo,45,292186,False,0.571,0.924,9,-4.727,1,0.197,0.179,4.07e-06,0.719,0.5,121.056,4,mpb,0.29817696286559503,0,0
57DMz3byMY4JzlhEZuMkjQ,Chronic Law,Heart Freeze,Heart Freeze,28,192104,False,0.497,0.429,6,-9.611,0,0.194,0.219,1.9e-06,0.0841,0.391,65.169,3,j-dance,0.39775590931815574,0,1
0D0ZwI5RWUb9l1GQMmRS5R,Skid Row,Metal,Slave to the Grind,0,207666,False,0.491,0.964,7,-8.105,1,0.0981,3.77e-06,0.542,0.196,0.352,133.238,4,hard-rock,0.30020181693279097,0,0
1TeyzcAu9wKnRC9rY2rdkh,Buccaneer,Da Opera,Bad Man Story,28,175133,False,0.739,0.555,1,-6.896,1,0.342,0.419,0.0,0.122,0.597,77.175,4,dancehall,0.3730773763855646,0,1
5OHYKFo6amGtxOVvHdAvU4,SpectraSoul,Delay No More,Memento,16,353791,False,0.443,0.704,9,-7.39,0,0.05,0.000474,0.699,0.676,0.038,170.004,4,drum-and-bass,0.36101692531022267,0,1
3i6AkELMjh7GSnYzM0VV5Z,The Chemical Brothers,Brotherhood,Electronic Battle Weapon 5,12,519506,False,0.574,0.944,2,-5.8,1,0.0715,0.00322,0.00859,0.159,0.188,133.984,3,breakbeat,0.2225648244658296,0,0
7uNL2lqhet9A7AB3xpLC4E,burger/ink,[las vegas],Elvism,27,314506,False,0.678,0.412,4,-17.291,0,0.0412,0.746,0.908,0.106,0.231,120.007,4,minimal-techno,0.4758893836603622,1,1
6LvHrLiW1z8PS7MIAiufKg,Badshah;Nikhita Gandhi,Bad Boy X Bad Girl (feat. Nikhita Gandhi),Bad Boy X Bad Girl (feat. Nikhita Gandhi),59,199402,False,0.896,0.764,0,-4.271,1,0.0767,0.174,2.36e-05,0.0677,0.601,100.516,4,hip-hop,0.1661735455569278,0,0
1ZrnCyms7CBYsCvkkVIkt8,MC 張天賦,記憶棉,記憶棉,62,273390,False,0.491,0.533,9,-7.594,1,0.0473,0.393,0.0,0.0944,0.214,149.856,4,cantopop,0.3815771443236414,0,1
1XGPy9WDiz8vi6Loxms4Uq,MC 3L,As Melhores,Ela Tem 17,42,189084,False,0.922,0.432,1,-8.503,1,0.42,0.161,0.0,0.0541,0.809,132.112,4,funk,0.28449541891781605,0,0
1E16f7KcZmuXuhlenRwA2m,VIBIE,Saibo (Lofi Flip),Saibo - Lofi Flip,72,146646,False,0.323,0.349,7,-12.524,1,0.0761,0.965,0.00548,0.116,0.2,180.203,4,indian,0.5507324870045707,1,1
0ehtFnPWJIYVwZhca6GBu5,Charlie Brown Jr.,Nadando Com Os Tubarões,Talvez A Metade Do Caminho,34,182973,False,0.56,0.972,8,-4.457,1,0.0666,0.00408,0.0,0.245,0.587,92.125,4,hard-rock,0.22611299045342,0,0
5tc5uPw6UqvC0N2fF5jzXI,Lifafa,Jaago,Jaago,38,260500,False,0.43,0.303,5,-13.12,1,0.0665,0.552,0.0984,0.298,0.0398,129.898,4,electronic,0.4205170010927252,0,1
40ZhguqieJZ0AJTHKQY6Q4,Gunslingers,Hardanger,Hardanger,44,236387,False,0.64,0.722,4,-6.264,1,0.0396,0.0965,0.0,0.272,0.52,131.067,4,country,0.2653869528685415,0,0
1wH3PxeMNXKVkuG67czNOQ,The Jayhawks,Hollywood Town Hall (Expanded Edition),Settled Down Like Rain,21,180533,False,0.64,0.696,0,-8.37,1,0.0269,0.000532,0.00155,0.294,0.892,115.289,4,power-pop,0.23350749192907402,0,0
5enzKZ2YzoY4LFaamlRhFV,J Balvin;Maria Becerra,Esto me suena a Farra,Qué Más Pues?,0,217361,False,0.904,0.817,8,-3.956,1,0.0871,0.0254,0.000141,0.232,0.753,101.988,4,reggaeton,0.19426438116881745,0,0
2eYJSfG4XE5M1PbcecUiMd,Planetshakers,Revival (Live),Way Truth Life - Live,43,200360,False,0.645,0.944,0,-5.451,1,0.0565,0.0133,0.0,0.667,0.396,99.971,4,world-music,0.22673120772620614,0,0
4Sqlq9shFIxvDnP8fFGB5h,Lucas Cervetti,Frecuencias Álmicas en 432hz,"Frecuencia Álmica, Pt. 2",32,344963,False,0.386,0.115,11,-17.686,0,0.0314,0.985,0.888,0.149,0.12,103.936,3,world-music,0.601176550376444,1,2
7e5dxB4XlHbzakVj25TvQS,Projeto Norte,Experimente a Jornada,Incrivelmente,40,267972,False,0.592,0.412,0,-9.381,1,0.0263,0.563,4e-05,0.102,0.192,96.911,4,mpb,0.4460028748871466,0,1
5nP6bZZpeT9hbtvePmy9ko,Elvis Presley,Moody Blue,Moody Blue,62,169320,False,0.643,0.729,0,-10.231,1,0.0297,0.674,7.99e-06,0.173,0.963,135.29,4,rock-n-roll,0.34351134369777225,0,0
3JaE63iPs0x06ECHdpri57,"Crosby, Stills, Nash & Young",So Far,Find the Cost of Freedom,54,118373,False,0.389,0.0631,5,-20.318,1,0.0339,0.859,0.000315,0.314,0.347,153.763,4,psych-rock,0.5378999984407995,1,1
3gBiC50QtRYGuo9pL4fQfI,Green Day,21st Century Breakdown,Know Your Enemy,44,191786,False,0.559,0.955,4,-3.924,1,0.0412,0.00237,7.06e-05,0.0566,0.957,129.98,4,punk,0.1368581406446173,0,0
4BllOzQZH3tSjmCIbYlSB6,Hardknox,Hardknox,Fire Like This,40,278533,False,0.648,0.912,2,-5.493,1,0.0744,0.0863,0.0432,0.641,0.694,118.012,4,breakbeat,0.22887673052482832,0,0
0cj24kRZd7uRvX3QRVT3qF,Koffee,Gifted,Gifted,54,165600,False,0.794,0.471,1,-10.046,0,0.0541,0.749,1.68e-05,0.101,0.52,99.986,4,dancehall,0.3296739045565801,0,0
38sDn4Exgc4MBFuC90zKMh,Germaine Franco,Encanto (Svenskt Original Soundtrack),Antonios röst,19,134786,False,0.424,0.321,7,-11.358,1,0.0613,0.501,0.601,0.106,0.213,108.063,4,disney,0.4246097884161025,0,1
0wTQTxIaIHEWbHszhXrQSu,Jaymes Young,Alternative Rock Mixtape,I'll Be Good,0,247346,False,0.393,0.277,7,-10.757,1,0.0314,0.7,0.0,0.0966,0.123,89.334,4,rock,0.5908418717845152,1,1
2xvPMM0Y1f5bEQDKKDfgGG,Killing Joke,Absolute Dissent,This World Hell,21,327506,False,0.568,0.416,0,-5.531,0,0.0398,0.000302,2.68e-06,0.0371,0.282,113.959,4,industrial,0.36175191050027117,0,1
06Rxt3Twa6Y5X7GDLWiaEB,Devil Master,Manifestations,The Devil Master (Devil is Your Master),18,135826,False,0.0916,0.998,11,-5.353,0,0.17,0.00229,0.16,0.522,0.0615,173.833,4,black-metal,0.3654672181069364,0,1
77tR4iQgyQTAnhhuPik3ZP,Escape the Fate,Ungrateful (Deluxe),One For the Money,65,199950,False,0.525,0.964,5,-3.451,0,0.0571,0.000328,5.5e-06,0.0527,0.385,90.013,4,metalcore,0.28000496025476496,0,0
5QPUiYsrILht7dBsJ6P552,Netsky,Sick Music 2,Memory Lane,41,335506,False,0.535,0.88,1,-4.896,0,0.0429,0.000705,0.434,0.117,0.227,175.001,4,drum-and-bass,0.23497851089741295,0,0
2k96T62rRwtvgFk7Uatx2G,Sodom,Code Red,Addicted to Abstinence,22,126573,False,0.365,0.973,10,-6.117,1,0.242,3.23e-05,1.73e-06,0.0969,0.301,165.225,4,black-metal,0.2729327679658997,0,0
1rUgFuQUYr2cpXGWpWJ6nD,Fábio Jr.,"Fábio Jr. Ao Vivo, Vol. 2",Quando Gira o Mundo (Ao Vivo),40,284853,False,0.524,0.739,9,-7.28,1,0.0305,0.336,0.0,0.833,0.473,145.98,4,mpb,0.4328424307019129,0,1
5n2S5HSEs2iLV5ro1tc7bL,Jefferson & Suellen,Ele Reina (Ao Vivo),Ele Reina - Ao Vivo,44,326869,False,0.402,0.641,6,-7.217,1,0.0392,0.17,0.0,0.367,0.192,117.973,4,gospel,0.3848101351416459,0,1
0ACRuhQeaM96VNO1K3UeSG,Lucio Demare,Valses y Milongas,Tortazos (Milonga),22,187585,False,0.637,0.299,8,-10.587,1,0.14,0.988,0.684,0.2,0.847,101.159,4,tango,0.4820734972920943,1,1
2DOdnZIgqRPq95tDc26Kgm,Pink Sweat$;Rahmania Astrini,I Feel Good (feat. Rahmania Astrini),I Feel Good (feat. Rahmania Astrini),17,135849,False,0.761,0.745,11,-4.651,1,0.0457,0.12,1.1e-05,0.0551,0.7,106.02,4,chill,0.2747962817637576,0,0
5PwH7G4wPhk11QKx85j5uL,Greg Maroney,Make You Feel My Love,Make You Feel My Love,49,191700,False,0.315,0.0904,10,-20.46,1,0.0424,0.988,0.879,0.11,0.1,97.132,4,new-age,0.5934353153535776,1,1
0bAuzGnpoaZFpfbAhEWjqO,Serhat Durmus,About It,About It,45,187151,False,0.63,0.472,11,-11.289,0,0.0558,0.49,0.555,0.0967,0.185,149.967,4,turkish,0.32167679045954084,0,0
6gStKpgo3H7cC3gYaUqcup,IWL,I Know You so Well,I Know You so Well,49,93134,True,0.717,0.289,2,-9.113,1,0.0452,0.297,0.286,0.0945,0.171,67.037,4,chill,0.3983980709876033,0,1
7mjSHL2Eb0kAwiKbvNNyD9,Yusuf / Cat Stevens,Tea For The Tillerman (Remastered 2020),Wild World,77,200560,False,0.48,0.542,0,-8.51,1,0.0348,0.345,0.000609,0.113,0.567,152.853,4,songwriter,0.2892457828599333,0,0
5HzoZzPiUc9RCNG9SvWtnx,Scott H. Biram,Something's Wrong/ Lost Forever,Judgement Day,31,153506,False,0.352,0.931,10,-6.607,1,0.339,0.328,0.22,0.359,0.499,144.775,4,garage,0.377873736222664,0,1
7kssBDkBUjGrHiQzN2VkYN,Napalm Death,"Fear, Emptiness, Despair",Armageddon X 7,15,196266,False,0.369,0.955,5,-7.553,0,0.0866,3.52e-06,0.0791,0.312,0.213,90.844,4,grindcore,0.3057149830062093,0,0
61mo3ClxUEGhybxs6tJOGC,Ivan Rebroff,Ah ! Si j'étais riche...,"Pojedu, wjedu ja wo liosotschek",7,185306,False,0.278,0.495,9,-9.6,0,0.0384,0.921,0.141,0.749,0.838,86.124,3,romance,0.7257559130632758,1,2
3GnE9RuWJ3DQTA54ELNp6b,EXE ROHIT,Chal Wahan Jaate Hain (Lofi),Chal Wahan Jaate Hain - Lofi,45,256224,False,0.487,0.413,7,-14.143,0,0.249,0.634,0.856,0.189,0.155,149.907,4,indian,0.4631000748845521,1,1
5QeUZ1Z4xSCegBXutW3IIt,A.CHAL,EXOTIGAZ,000000,61,165214,True,0.734,0.472,1,-8.192,0,0.306,0.494,0.00293,0.102,0.387,190.011,4,soul,0.3106481443159606,0,0
6I2tOKBqqIUhxEVKnolGjx,Wiz Khalifa,Hip Hop & R'n'B,Memory Lane,0,166773,True,0.789,0.71,4,-4.574,0,0.353,0.37,0.0,0.155,0.826,95.178,4,dance,0.4252352100524051,0,1
39N0x2bHHkTqTUiI4iYOBl,SLANDER;Dylan Matthew;Armin van Buuren,A State Of Trance Year Mix 2021 (Mixed by Armin van Buuren),Love Is Gone (Mixed) - Armin van Buuren Remix,47,81200,False,0.543,0.944,3,-6.749,0,0.0443,0.000284,0.0396,0.753,0.393,130.011,4,dubstep,0.2978687125331593,0,0
3Dz8VohgvbYkf6OS99H0vT,Bryan Adams,Weihnachtssongs,Christmas Time,0,243057,False,0.503,0.582,0,-4.324,1,0.0253,0.472,0.0,0.103,0.326,77.321,4,rock,0.43158608362488277,0,1
2CTnFfLiRxOHEYaZAJlStu,Александр Цфасман;Vladimir Nechaev,Пионеры советского джаза - Александр Цфасман,Всё равно,0,158406,False,0.523,0.246,5,-10.139,1,0.0382,0.99,0.195,0.0788,0.69,95.6,4,romance,0.5552492782808965,1,1
13cXJfRZBlcLxsWRnooH3j,Son By Four,Católico Soy,Soldado,29,281266,False,0.627,0.73,0,-6.775,1,0.0458,0.342,0.0,0.0751,0.242,114.987,4,salsa,0.281860056445227,0,0
0g2BTqSPGs13jBBOncJSxu,Kacey Musgraves;Camila Cabello,Jingle Bell Rock 2022,Rockin' Around The Christmas Tree - From The Kacey Musgraves Christmas Show,0,124240,False,0.745,0.598,10,-6.053,1,0.0975,0.129,0.0,0.678,0.789,148.906,4,country,0.3422946236953945,0,0
0H8gwQoVfk8pJQkPrDBMs5,Boogie T;GRiZ;Dirt Monkey;Jantsen,Supa Fly,Supa Fly - Dirt Monkey x Jantsen Remix,26,218482,False,0.535,0.933,10,-2.267,0,0.0505,0.000454,0.000837,0.259,0.378,145.005,3,dub,0.2529403796389429,0,0
2fJ448Aj8oYxHKILgqr6Bx,Ninkharsag,Blood Of Celestial Kings,The Sicarii,17,222880,False,0.172,0.951,6,-5.129,0,0.0992,0.0,0.886,0.115,0.197,122.02,4,black-metal,0.3659776252918144,0,1
3bgKVqn6LRjdpuFNpJ3rSq,Cliff Richard,Cuddle Up Christmas,Mistletoe and Wine,0,245333,False,0.498,0.432,9,-14.386,1,0.0345,0.688,0.0,0.136,0.365,135.015,3,r-n-b,0.5066803949032895,1,1
6Bs7CYLm10SUlJNqTSy8hc,Jack Jones,Classic Christmas Music 2022,Do You Hear What I Hear?,0,179066,False,0.304,0.34,3,-12.157,1,0.0298,0.88,4e-05,0.223,0.308,96.632,4,j-pop,0.6372940063724197,1,2
44d9YTzlnG1CX9Y7BLgHUp,Raimu,The Spirit Within,Stuck in Æther,60,155294,False,0.537,0.2,5,-16.798,0,0.0457,0.721,0.952,0.279,0.0964,68.882,4,anime,0.49889626069774834,1,1
5yr3x2a1Qoz3cECLhuAbqa,Plastilina Mosh,Juan Manuel,Graceland,18,217333,False,0.627,0.856,0,-8.674,0,0.0326,0.0203,0.911,0.872,0.777,96.963,4,afrobeat,0.37212431624696735,0,1
74vXy3yK20bkDlaP3FaWo9,Blake Rules;Netherfriends,Kids Trap 3,Dreams,9,183157,False,0.789,0.735,3,-7.557,0,0.108,0.331,0.00203,0.0811,0.69,152.035,4,kids,0.23166642616565697,0,0
6puRC1Wy4BDIf3x81vXPNA,Los Auténticos Decadentes,Cualquiera Puede Cantar,Borracho y Sólo,39,231893,False,0.726,0.736,0,-7.861,1,0.0464,0.0972,0.0,0.0701,0.914,126.067,4,ska,0.14088505756696199,0,0
0EIgCM5mScspP2MnSq2WCT,WEDNESDAY CAMPANELLA,Neon,Orihime,35,164576,False,0.789,0.912,6,-4.458,0,0.0665,0.0907,3.64e-05,0.329,0.672,123.028,4,j-dance,0.18065985057503722,0,0
4CM2CpR5UpFoObTmuFOUIj,Antônio Carlos Jobim,Chill in Brazil,Favela,0,154960,False,0.457,0.224,9,-19.476,0,0.0344,0.715,1.2e-06,0.224,0.48,80.845,4,jazz,0.5038558477658172,1,1
1Ef0TmgS1QrVO6tKHrMMmH,Vishal-Shekhar;Arijit Singh;Shilpa Rao;Kumaar,YRF Top 10 - Nightout Sounds,"Ghungroo (From ""War"")",58,302935,False,0.695,0.729,6,-6.274,0,0.0322,0.0738,0.000182,0.533,0.872,118.028,4,pop-film,0.28889106206240045,0,0
4gvPbKEQyTZBoX2k7P1MFZ,The Orb,Adventures Beyond The Ultraworld,Back Side Of The Moon,22,854933,False,0.292,0.568,5,-18.75,1,0.0718,0.144,0.63,0.177,0.218,119.817,3,trip-hop,0.42116686800826536,0,1
7vI203OsjvK2FFsfDtBYOd,The Beach Boys,Weihnachtslieder 2022,Little Saint Nick - 1991 Remix,0,118840,False,0.602,0.553,11,-9.336,1,0.0328,0.108,0.0,0.0512,0.971,130.594,4,rock,0.34921556126506725,0,0
6b4HcxHTz03nzrBtrRQInX,Barış Manço,Darısı Başınıza,"Domates, Biber, Patlıcan",29,356400,False,0.749,0.681,7,-12.435,0,0.0438,0.725,0.0,0.126,0.963,168.229,4,psych-rock,0.4112670715545371,0,1
7znAjItIP7xKKhyFzF5W1B,Angus & Julia Stone,Down The Way,Big Jet Plane,61,239146,False,0.762,0.387,10,-8.643,0,0.0277,0.239,0.00756,0.13,0.274,109.959,4,folk,0.27058769302530805,0,0
0OZi21h20OgtJzZQeZCaIm,Orbital,Monsters Exist (Deluxe),Dressing up in Other People's Clothes - Bonus Track,13,277173,False,0.527,0.594,8,-6.698,1,0.0329,0.0207,0.834,0.119,0.106,103.996,4,breakbeat,0.3851746023037189,0,1
5LlVixZh85sugPldv7Cxeh,Ella Fitzgerald,pov: you are an christmas elf,Sleigh Ride,0,175986,False,0.593,0.287,1,-12.472,1,0.0469,0.764,0.0,0.153,0.639,77.117,4,jazz,0.5110666402334788,1,1
4QjumZuFhDxilO1OKrK5Pl,Max Wells,Tainted,Tainted,44,175454,False,0.753,0.51,6,-5.501,1,0.0513,0.249,0.0,0.321,0.702,132.04,4,emo,0.2922042072234534,0,0
018RNVupRQz9Vc5unfW8Pq,Basixx;Ella Faye,Basixx,We Came to Party,53,190535,False,0.712,0.819,11,-5.641,1,0.0387,0.119,0.0,0.141,0.701,125.986,4,swedish,0.15980533834759997,0,0
2RbV6HOnfgclD82BuxuKHM,Blackstreet,Blackstreet,Happy Home,22,337306,False,0.548,0.504,6,-7.907,0,0.0567,0.136,0.0,0.145,0.6,188.67,3,j-dance,0.3531389502376654,0,1
4RbUycPJBYlvKj9gNEwZJF,Mike Oldfield,Tubular Bells 2003,Harmonics,21,312386,False,0.521,0.317,0,-13.559,1,0.0299,0.878,0.928,0.193,0.198,84.82,3,new-age,0.4873979531912049,1,1
4tD07t5cucZ9KJTNnxnWJd,Cattle Decapitation,Homovore,Joined at the Ass,11,81160,False,0.411,0.906,1,-11.763,1,0.159,1.87e-06,0.957,0.0755,0.321,122.028,4,grindcore,0.32851457226491143,0,0
03GMatroCPlFP7NsxO7FpJ,Henrique & Juliano,Manifesto Musical (Ao Vivo),Terminei Mal Terminado - Ao Vivo,50,152182,False,0.496,0.7,9,-5.511,1,0.0604,0.623,0.0,0.763,0.485,122.679,4,sertanejo,0.4029534881415929,0,1
3ArvrXVP9QRUmKWRqzNYjO,Zevia,we're all sad here,till death frees me,57,166312,False,0.604,0.122,10,-11.408,1,0.0676,0.917,0.0,0.114,0.135,140.451,4,singer-songwriter,0.4959936438351012,1,1
7H3mfOvtPNA8YDF3EdKy0L,Neeraj Shridhar;Kavita Seth,Cocktail (Original Motion Picture Soundtrack),Tum Hi Ho Bandhu,71,283693,False,0.715,0.89,11,-5.438,0,0.051,0.00111,0.000837,0.0297,0.891,134.994,4,pop,0.16902749821546953,0,0
7xgfSlAPUouBAquQZkAUdq,Morcheeba,Big Calm,Blindfold,52,278679,False,0.572,0.738,7,-6.738,1,0.0348,0.0281,0.0274,0.0555,0.215,161.949,4,trip-hop,0.13526589388642174,0,0
1NNAkE5eukjQpFbZ0DkTmL,Igor Talkov,Легенды всех времен,Ностальгия,8,324310,False,0.503,0.405,7,-13.706,0,0.0416,0.371,0.000873,0.15,0.419,129.0,3,romance,0.38716046477054533,0,1
60xdLXU4rTPmPTPrfelJDf,Mandrill,Mandrill Is,I Refuse To Smile,18,247760,False,0.544,0.697,4,-7.36,0,0.0323,0.205,0.000121,0.193,0.654,87.557,4,afrobeat,0.369767590856952,0,1
7y0dIfW4iEaNjTOEvYQzlD,Eternate;DEATH CODE;Drean,Harder Stylez: We Love The Bass,Let Me Go,0,255843,False,0.453,0.778,1,-5.626,0,0.0367,0.00033,0.0,0.122,0.133,159.676,4,hardstyle,0.317148688457781,0,0
5UbJVD4o55Pjqo2505gidh,Art Of Fighters,#TRAXTORM20Y,Artwork,23,189086,True,0.371,0.982,8,-5.886,1,0.512,0.359,0.543,0.065,0.0785,168.934,4,happy,0.46240368109638574,1,1
1TsBTEIa4jJD7tgD3j6C40,Rend Collective,Good News (Deluxe Edition),Rescuer (Good News),56,208800,False,0.494,0.72,7,-5.093,1,0.0568,0.398,0.0,0.341,0.553,152.049,4,world-music,0.3329163320481047,0,0
06fRsW6JDm7WPQWrmrMak2,Lil Baby,Bad Boy Club,In A Minute,0,200470,True,0.643,0.605,4,-5.968,0,0.297,0.0336,0.0,0.112,0.145,84.216,4,hip-hop,0.37148830895008284,0,1
29CmkuEI5pZkeuxbC607Bc,Chronic Law,Silence,Silence,28,175490,True,0.451,0.471,3,-12.27,1,0.305,0.69,0.000524,0.131,0.389,185.567,4,j-dance,0.4852300817667366,1,1
01p5s1IbneueexPka3Px3O,Charlie Brown Jr.;Marcelo Nova,Música Popular Caiçara: Edição Luxo (Ao Vivo),Coração Satânico - Ao Vivo,43,271533,False,0.284,0.937,2,-4.411,1,0.164,0.00102,0.0,0.934,0.288,181.937,4,r-n-b,0.3344789043755816,0,0
1f0FYo2ou3wnQwnBfnXxzE,Diogo Nogueira;Zeca Pagodinho,Alma Brasileira (Ao Vivo / Edição Especial),Paixão Além Do Querer / Quem Vai Chorar Sou Eu - Ao Vivo,38,241257,False,0.481,0.725,9,-6.621,1,0.0338,0.736,0.0,0.208,0.815,94.909,4,samba,0.3818376773254149,0,1
4DpgPdsES4Hxdz3eqOP3Ac,Juan Atkins;Moritz Von Oswald,Juan Atkins & Moritz von Oswald Present Borderland: Transport,Riod,28,554692,False,0.815,0.396,1,-16.94,1,0.176,0.215,0.884,0.108,0.28,128.046,4,detroit-techno,0.2726931304634192,0,0
2us9GwHgsMdb1ZJnrZiojq,Matthias Carras,Ich Bin Dein Co-Pilot 2010,Ich Bin Dein Co-Pilot 2010 - Radio Edit,30,189873,False,0.692,0.955,9,-3.809,1,0.0418,0.195,0.0,0.134,0.891,132.006,4,disco,0.1910241841961376,0,0
3kZBV0oGGHYvHIDkNOW8tN,Rei Harakami,opa*q,double flat,15,312026,False,0.671,0.686,0,-11.221,1,0.0475,0.00306,0.851,0.112,0.708,143.977,4,idm,0.296812756205929,0,0
2bHGHbsFmjQdmdE7hZSKr6,Stephan Jolk,Freedom,Freedom,45,240000,False,0.626,0.665,7,-10.134,0,0.0574,0.00775,0.756,0.0811,0.0327,125.009,4,techno,0.1932655060642833,0,0
5qNlMrawQu9DeWErxDeKZA,J Balvin,Carrete con besties,Sigo Extrañándote,0,201280,False,0.896,0.859,11,-4.232,0,0.21,0.154,0.000109,0.212,0.938,93.016,4,reggae,0.20121202603567462,0,0
2FKj5mDKGQxwyouzfFhO5Z,Jeff Mills,SIGHT SOUND AND SPACE,Sleepy Time,12,187706,False,0.669,0.67,10,-12.287,0,0.0478,0.85,0.85,0.106,0.739,113.692,4,detroit-techno,0.3698607465991812,0,1
2AEnt9lLKW8BU2OPSvTCyg,Andy Hui,甲乙丙丁,上弦月,18,225266,False,0.68,0.312,5,-10.804,1,0.0294,0.816,0.0,0.082,0.298,111.219,4,cantopop,0.40919487302115554,0,1
1ryUAnJ3gPNtw85hwiVA7Z,Aries,FOOL'S GOLD,FOOL'S GOLD,50,149843,False,0.662,0.525,6,-8.546,0,0.0341,0.281,0.0,0.199,0.577,133.937,4,sad,0.2968116087103086,0,0
6eRPYyh1EPRqDhgb3Nardw,Blackmill,Miracle,Spirit of Life,49,375433,False,0.537,0.596,5,-8.481,0,0.0343,0.276,0.77,0.358,0.109,140.026,4,dubstep,0.3282496904607042,0,0
21tKhyz5X836v1Z33yLpTB,Culture Club,Karneval Klassiker,Karma Chameleon - Remastered 2002,0,256200,False,0.631,0.867,10,-2.207,1,0.036,0.237,0.0,0.12,0.916,92.136,4,synth-pop,0.2530923613432036,0,0
2pahOrjr32LVOBfrpZIeoY,Soda Stereo,Obras Cumbres (Parte 2),No Existes,41,283680,False,0.421,0.858,10,-4.881,1,0.0574,0.0117,0.000458,0.192,0.411,79.868,4,punk,0.18449751023905261,0,0
6fGh3jzYtgX40vC7tS3pvu,Sean Paul,EDM Bangers,She Doesn't Mind - DJ Laszlo Radio Edit,35,250115,False,0.714,0.924,7,-4.227,1,0.0639,0.00722,0.000324,0.0368,0.592,129.035,4,dancehall,0.21430760709620897,0,0
7xosrLdKPAsyfJYJh79Cle,Zate,Als du gingst,Als du gingst,37,216600,False,0.572,0.552,2,-9.699,1,0.123,0.557,0.0,0.0614,0.231,122.656,4,german,0.31067503308855243,0,0
3po0bTgwYIsUIiYPGSJUZr,Upchurch,River Rat,Hank Hill,50,167979,True,0.786,0.798,7,-6.777,1,0.268,0.0579,0.0,0.247,0.714,89.997,4,country,0.1948610036518259,0,0
4GrowvVL3xpUgfnXj6mVRH,Yasser Desai;Aakanksha Sharma,Shaadi Mein Zaroor Aana (Original Motion Picture Soundtrack),Jogi,67,273188,False,0.651,0.562,9,-5.787,1,0.0302,0.601,0.0,0.121,0.607,81.029,4,pop-film,0.3591508593959667,0,1
1MFASTOgDmN4AdjC6aPX3b,Smyang Piano,One Summer's Day,One Summer's Day,50,168168,False,0.686,0.228,0,-18.453,1,0.0494,0.97,0.937,0.0745,0.0968,139.934,4,piano,0.42506601629373986,0,1
4u6uGhLXJuone2YjwHKNWX,The Red Chord,Clients,Love On The Concrete,13,177880,False,0.416,0.912,10,-5.188,1,0.133,4.42e-05,3.73e-05,0.0826,0.352,115.611,4,grindcore,0.3433874074138778,0,0
7m3fDut2mWwaPDQHl2gbU6,Almafuerte,Del Entorno,Amistades de Tierra Adentro,24,197000,False,0.289,0.978,11,-4.042,0,0.117,1.6e-05,0.0,0.0859,0.319,158.696,4,heavy-metal,0.2950784107667312,0,0
4i8tGFpo5YQBYyJLQZlh1V,The Future Sound Of London,Environment Five,Machines of the Subconscious,14,176804,False,0.755,0.41,8,-16.203,1,0.0399,0.211,0.841,0.124,0.505,148.026,4,breakbeat,0.2881488783367241,0,0
1ZfR22scC0K8SMTAlJAZkB,Pickin' On Series;Iron Horse,Pickin' on Modest Mouse,Dark Center of the Universe,22,231546,False,0.615,0.931,9,-7.613,1,0.0393,0.0414,0.000247,0.0973,0.787,119.462,4,bluegrass,0.2643518104927039,0,0
3pHpV3pa96s4vuBP7sQq0V,Whitesnake,Whitesnake (2018 Remaster),Is This Love - 2018 Remaster,69,284496,False,0.263,0.759,0,-7.288,1,0.0431,0.0555,0.0,0.231,0.429,179.904,4,metal,0.32741997150184865,0,0
6ix68x3LqXv1teM1doynXU,Yuvan Shankar Raja;Dhanush;Chinna Ponnu;V.M. Mahalingam,Maari 2 (Original Motion Picture Soundtrack),Maari Gethu,44,226297,False,0.719,0.817,0,-8.511,1,0.0656,0.157,0.00509,0.483,0.645,92.444,4,k-pop,0.25526108588774316,0,0
6blHj7Ow8CSV7frB0n7ncY,John Pizzarelli,Midnight McCartney,No More Lonely Nights,24,307360,False,0.543,0.336,9,-10.701,0,0.0371,0.824,0.0472,0.117,0.292,98.955,4,guitar,0.5518299712390465,1,1
64GiAzZ9JmoBfDxmDTAkBW,Vybz Kartel,Riddim Driven: Beauty and The Beast,Kill Dem,25,161013,False,0.608,0.707,11,-9.369,0,0.266,0.204,0.0,0.362,0.472,112.119,3,dancehall,0.3858062006541698,0,1
7CX8mBRemEzscIgLgzqK7d,Justin Bieber,pov: you have a holly jolly christmas,Mistletoe,0,183066,False,0.623,0.668,6,-7.282,0,0.0531,0.475,0.0,0.0862,0.823,161.948,4,pop,0.3353703161881855,0,0
2epjjOlDk4NrSMPtCvPkSc,Isadora Pompeo,Guia-me,Guia-me,41,248062,False,0.596,0.464,4,-7.512,1,0.027,0.43,0.0,0.109,0.237,115.051,4,gospel,0.3275766966524255,0,0
07VPMBxEAw8opd21Voa6Rv,Ryoko Hirosue,MajiでKoiする5秒前,MajiでKoiする5秒前,38,265026,False,0.694,0.912,0,-3.619,1,0.0297,0.073,0.0,0.0406,0.793,103.966,4,techno,0.08157792947820579,0,0
2o00edfZxmZ1v8NzwKB8rA,Pritam;Shilpa Rao;Darshan Raval;Shashwat Singh;Charan,Tadap,Tere Siva Jag Mein,53,206089,False,0.722,0.821,5,-5.325,1,0.0567,0.0528,3.8e-05,0.196,0.752,121.993,4,indian,0.1948515696913081,0,0
57STxTnU6IFigeip8MxBJC,Saian,Dilimizi Biliyor,Feleğin Çemberine 40 Kurşun,40,193104,False,0.744,0.785,8,-7.417,1,0.36,0.11,4.87e-06,0.0989,0.732,87.952,4,turkish,0.3538930674817149,0,1
4dCrW7sO0ZaFTziu4ZwCAu,Los Ex,Caída Libre,Sacar la Basura,35,162200,False,0.617,0.948,11,-4.069,0,0.085,0.208,0.0,0.865,0.467,114.689,4,punk-rock,0.3773870626858559,0,1
1itG2L5fjV1Ei958Cd6UjL,Anaal Nathrakh,The Whole of the Law,On Being a Slave,18,339625,False,0.273,0.792,5,-3.315,1,0.0864,1.4e-05,0.885,0.709,0.16,120.035,4,grindcore,0.43886290912883597,0,1
1Bpx2MCQg7ZPDtqItp5KV3,Ron White,Truckstop Comedy,Tickler,23,65920,True,0.587,0.406,10,-18.515,1,0.927,0.919,0.0,0.751,0.48,123.621,1,comedy,0.5912356456656283,1,1
6loiMQcxvepOgfASkYH38J,Beenie Man;Mr. Vegas;T.O.K,Penthouse Flashback Series (Reload Riddim),Reel Out,20,222145,False,0.481,0.401,1,-14.62,1,0.338,0.0465,0.0,0.129,0.541,180.549,1,j-dance,0.4719099053402497,1,1
4O0sPAqzasrIPPuDDrlM3r,Inspector,Convaleciente,Convaleciente,36,206694,False,0.713,0.812,9,-3.579,0,0.0402,0.195,2.13e-06,0.0785,0.93,146.015,4,ska,0.1914751041723905,0,0
7G3X5j8V4d9kcdmC4t7rN1,Blaqk Audio,CexCells,Bitter For Sweet,21,369800,False,0.586,0.865,9,-5.987,0,0.0588,0.361,0.000464,0.0919,0.148,120.0,4,industrial,0.38372328473753686,0,1
2ajUPNJCu8TAST7Rgh1DJY,D’MASIV,Perubahan,Dilema,32,232933,False,0.591,0.411,9,-6.597,1,0.0238,0.522,4.91e-06,0.0926,0.601,105.021,3,malay,0.4088484166607972,0,1
0RAKF0lg3EvPQAKHMnsqO2,Dian Pramana Poetra;Deddy Dhukun,5 Bintang Populer,Masih Ada,39,240946,False,0.335,0.376,7,-8.329,0,0.0328,0.558,0.000104,0.172,0.268,121.225,4,jazz,0.49158136411522096,1,1
7ho8AmAGyByBomWJPwThKX,Lynyrd Skynyrd,Sweet Home Alabama,Sweet Home Alabama,2,285373,False,0.614,0.724,7,-7.521,1,0.0247,0.217,0.000256,0.146,0.902,97.863,4,country,0.31671757372154247,0,0
4KcNupwVIuM2AOoiKdgpRf,Sentenced,Frozen,Mourn,45,284133,False,0.447,0.556,4,-8.112,0,0.0306,0.0355,0.894,0.0937,0.13,130.042,4,goth,0.3202586483410225,0,0
5FRIaaCcAlC3GBjqYkVBbm,Bahramji;Maneesh de Moor,Call of the Mystic,Dreamcatcher,50,462493,False,0.753,0.267,4,-12.078,0,0.0602,0.363,0.55,0.122,0.0554,129.985,4,electronic,0.32012083216977694,0,0
5trRvKzwCDZ5yNsHzI40YI,Catupecu Machu,Triste Hora,Cuadros Dentro De Cuadros - Acustico,0,211208,False,0.587,0.419,11,-9.067,1,0.0992,0.624,0.0,0.291,0.607,129.543,4,punk,0.4794140220845569,1,1
3rYDr4Lr3a6WoUPDAMmInV,Ashbury Heights,Take Cair Paramour Alternatives,Invisible Man - Electro Remix,20,216600,False,0.572,0.953,0,-3.634,0,0.0608,0.00588,0.151,0.303,0.912,127.089,4,industrial,0.27399752342867223,0,0
6CxfaUiVzPPjxtyDwjiH6q,Bonobo,Flashlight EP,Return to Air,41,302542,False,0.731,0.671,4,-9.307,0,0.0504,0.213,0.182,0.143,0.055,100.012,4,trip-hop,0.22059054937787875,0,0
70rQq4iMDKjX8UlG7QlHUa,Daddy Yankee;Bad Bunny,Reggeaton Imperdible,X ÚLTIMA VEZ,2,192477,True,0.812,0.855,7,-3.725,1,0.0554,0.0789,0.000167,0.108,0.573,90.04,4,latin,0.28213100306851513,0,0
4PJndg0ihTMvqXYtqk0smJ,Moliy;Juls,Honey Doom,Together,7,114672,False,0.969,0.344,5,-11.164,1,0.12,0.726,0.000514,0.261,0.923,126.975,4,alternative,0.33937209971040627,0,0
4ezDg7oxLnwj53tSi3AIoN,Saxity,Romantic Ocean,Picasso,27,251428,False,0.563,0.548,8,-9.317,0,0.028,0.315,0.906,0.127,0.442,104.993,4,deep-house,0.3619276862575139,0,1
6c3fEqmGtRWXaqANTlwV4o,Official HIGE DANdism,One-Man Tour 2021-2022 -Editorial-@Saitama Super Arena (LIVE),I Love... - LIVE,23,356493,False,0.382,0.86,9,-6.344,1,0.0763,0.0402,0.0,0.736,0.218,171.911,4,j-rock,0.3383858996527714,0,0
7yUMIsz2sdCw17EJz9O8z5,Urszula,Biała Droga (Live),Konik Na Biegunach - Live,29,281849,False,0.566,0.919,8,-4.296,1,0.0999,0.0317,0.0,0.47,0.661,126.039,4,synth-pop,0.35762852574164417,0,1
3m61Zd7H594g7hyC3WiWPI,Milionário & José Rico,Decida,Decida,47,254786,False,0.417,0.559,2,-6.008,1,0.0384,0.619,0.0,0.24,0.601,159.294,3,sertanejo,0.43637705833513696,0,1
0yx5NqfsUHUqkcPSyRiGa5,Novelbright,J-Pop 輕旅行,Sunny drop,1,243506,False,0.483,0.917,6,-1.411,1,0.0397,0.00146,0.0,0.152,0.568,100.06,4,j-rock,0.3140197927052886,0,0
5Gs6NY7QTgEq77V3DtPagv,The Phantoms,The Fight,Unstoppable Now,44,221576,False,0.64,0.791,6,-5.342,1,0.0647,0.000627,0.0636,0.0802,0.311,129.997,4,alt-rock,0.23161996129263937,0,0
2xnlCGTDKbnnVe9sf85RXy,The Acacia Strain,3750,Smoke Ya Later,24,250693,False,0.276,0.934,6,-5.371,1,0.0716,6.41e-05,0.00219,0.297,0.307,137.128,4,death-metal,0.3134119090739242,0,0
3FOR2dT87P5utTulsvpwDr,Piano Peace,Piano Therapy: Spa & Sleep Healing,Release,27,207625,False,0.26,0.0138,6,-29.226,1,0.0389,0.989,0.93,0.0964,0.0759,69.843,3,piano,0.7084985196564964,1,2
5muVpPu8Fj9fXfDbbqDdrZ,Nirvana,Bleach,Love Buzz,65,215203,False,0.479,0.865,5,-8.281,0,0.0339,3.1e-05,0.228,0.182,0.77,137.902,4,grunge,0.2228755483186009,0,0
4ScKb8Z2h4UVxeFTFp1f6I,Pappenheimer,Point Of No Return,Point Of No Return,20,340869,False,0.589,0.899,11,-7.29,0,0.0458,0.000553,0.845,0.122,0.28,138.027,4,minimal-techno,0.204165624303263,0,0
27iksNpaur1CcH0w8703by,Linked Horizon,Shinzo wo Sasageyo! (TV Size),Shinzo wo Sasageyo! - TV Size,61,90000,False,0.435,0.953,0,-5.327,1,0.0423,0.246,0.0,0.123,0.612,79.959,4,anime,0.23510179809977239,0,0
3DlDjARjuTlDaJ7TU1UNtM,Witchery,Nightside,Nightside,17,237800,False,0.422,0.811,0,-6.974,1,0.0429,0.0102,0.0374,0.0781,0.212,135.832,4,black-metal,0.3800754662959562,0,1
7coGhA3MmrmiOuboH32qSY,RADWIMPS,Your Name. (Deluxe Edition / Original Motion Picture Soundtrack),Nandemonaiya - English Version,42,342453,False,0.494,0.464,6,-5.747,1,0.0315,0.153,0.0,0.354,0.471,167.882,4,j-rock,0.34151403184616375,0,0
1ziKQL2UBLKnKFHHuIiQwL,Ponto Nulo no Céu,Pintando Quadros do Invisível,Horizontal,32,216768,False,0.557,0.944,10,-4.04,0,0.08,0.000845,6.28e-06,0.413,0.729,140.04,4,hardcore,0.25199295600124916,0,0
4iFPsNzNV7V9KJgcOX7TEO,Atif Aslam;Pritam,Ajab Prem Ki Ghazab Kahani (Original Motion Picture Soundtrack),Tu Jaane Na,72,341933,False,0.702,0.86,7,-3.969,1,0.0345,0.361,1.33e-06,0.133,0.829,120.042,4,pop,0.23442037027866386,0,0
3YBZIN3rekqsKxbJc9FZko,Guns N' Roses,Appetite For Destruction,Paradise City,79,405640,True,0.273,0.952,11,-8.762,1,0.0843,0.0169,0.0111,0.142,0.472,100.271,4,hard-rock,0.29276252905317746,0,0
41Q87dXXetURXvHWQb3Yuo,Andrés Calamaro,Salmonalipsis now,Tuyo siempre,45,194173,False,0.579,0.648,4,-6.624,0,0.0533,0.247,8.64e-06,0.211,0.74,68.467,4,alt-rock,0.27236082915090826,0,0
3BIzHNxAQbRTY4LCp1oMR1,Mild High Club,Skiptracing,Tesselation,60,152824,False,0.667,0.407,9,-9.467,1,0.0323,0.138,0.118,0.0961,0.551,73.998,4,psych-rock,0.2747502493451418,0,0
2X06Dtn2M8xjRzw35mdU4C,The Skatalites,Ball Of Fire,Confucius,26,359000,False,0.769,0.647,8,-8.527,1,0.0475,0.157,0.654,0.145,0.733,137.058,4,dub,0.2435098446244832,0,0
1OElIWbHrqlzyz5PlPGB6W,Charlie Brown Jr.,Pontes Indestrutiveis,Pontes Indestrutíveis - Versão Acústica,35,247853,False,0.753,0.469,2,-13.787,0,0.0767,0.278,3.68e-06,0.161,0.577,153.04,4,hard-rock,0.328818237922673,0,0
10hMM5nsZQf66ldBlgWBfG,Labrinth;Zendaya,All For Us (from the HBO Original Series Euphoria),All For Us - from the HBO Original Series Euphoria,76,192986,False,0.348,0.652,3,-7.145,1,0.0931,0.0165,0.000264,0.33,0.172,70.956,4,indie,0.3026729347580694,0,0
6mDWvF0ewkcTtu78sfc5lX,Noxa,Grind Viruses,Sinetron Sucks,28,98826,True,0.313,0.981,2,-3.922,1,0.0921,2.19e-05,0.971,0.153,0.149,120.1,1,death-metal,0.29319549567220493,0,0
0nQW6y0Zat25RMPsDamqq1,RDN;Suel;Ferrugem,"RDN & Amigos, Vol. 2",Não Foi a Toa,36,100449,False,0.54,0.506,7,-7.046,1,0.0576,0.29,0.0,0.792,0.618,85.754,4,samba,0.5023871213847857,1,1
4Bm9mh2IiaMU77PuIqIvsR,2 minutos,No Estés Triste,No Estés Triste,43,226041,False,0.572,0.958,0,-5.136,1,0.0709,0.00818,9.75e-06,0.394,0.36,99.963,4,punk,0.3108617315934983,0,0
6eZ9EhaBzlqSehWEdMAIeZ,Pablo,Êee Paixão (A Voz Romântica),Pra Não Chorar um Dia,40,231093,False,0.692,0.603,7,-8.056,1,0.0308,0.335,0.0,0.6,0.66,131.856,4,forro,0.3598482762449929,0,1
1gpKOLsFDK1Gga7wnDcNwT,Feid,Clásicos de ahora: Perreo,Prohibidox,0,166253,False,0.647,0.801,1,-2.946,0,0.249,0.0451,0.0,0.0628,0.517,180.108,4,reggaeton,0.24456941334793336,0,0
3q0VwPWeb3UGR1Ij4oTXWk,Karen Mok,YOU CAN,陰天,47,242293,False,0.72,0.529,10,-8.928,1,0.0406,0.559,2.1e-05,0.163,0.267,133.967,4,cantopop,0.352168840027016,0,1
3uwnnTQcHM1rDqSfA4gQNz,Demi Lovato,Confident,Cool for the Summer,81,214739,True,0.583,0.61,5,-5.639,0,0.0382,0.00425,0.000105,0.14,0.336,114.06,4,dance,0.18424016109449423,0,0
1TRdUF2oyYENzeX30yQtwM,Virginia Lopez,Los Grandes Exitos De Virginia Lopez - A Peticion Del Publici,Tus Promesas de Amor,38,159440,False,0.596,0.807,7,-5.319,1,0.0435,0.447,0.0,0.534,0.804,111.445,4,rock-n-roll,0.4351275859111635,0,1
6quygE0BQuMUY861Crte1N,Sajjan Raj Vaidya,Mooskaan,Mooskaan,50,303529,False,0.623,0.22,2,-16.672,1,0.0423,0.813,5.8e-05,0.107,0.475,136.007,4,indie,0.48615776834531155,1,1
2QGuFhaQDrGKqtkOgItDJS,Charlie Brown Jr.,Acústico (Ao Vivo),Zoio De Lula - Ao Vivo,55,224973,False,0.632,0.866,1,-5.445,0,0.0488,0.0556,5.75e-06,0.518,0.835,87.785,4,alt-rock,0.27988576631776835,0,0
1GbVo45KvYX3chroJggkIx,Martin Garrix,Oops,Oops,46,232509,False,0.618,0.535,1,-6.941,1,0.0421,0.00115,0.0,0.377,0.154,128.022,4,progressive-house,0.3365030811143604,0,0
7mGM85r9ObS1UsZF9bVaS8,Exaltasamba,25 Anos (Ao Vivo),Um Minuto,47,199480,False,0.643,0.905,2,-8.215,1,0.0476,0.551,0.0,0.828,0.892,90.059,4,samba,0.4158559059612612,0,1
0TrTgrUMCL0pMiGtngrUS6,40 Below Summer,Invitation To The Dance (PA Version),Falling Down,25,267613,False,0.341,0.893,11,-4.896,1,0.102,0.00136,1.72e-05,0.0671,0.463,103.782,4,industrial,0.2896603272441033,0,0
7MbfpPG4oVcnyIulMKBkCK,Charly García,Rock x siempre,Ojos De Video Tape,0,217853,False,0.477,0.459,5,-10.214,1,0.0261,0.715,0.000742,0.228,0.326,105.541,4,alt-rock,0.45258945699037945,1,1
3RO0U62c7bMxszdLDd3NXi,The Beach Boys,Classic Christmas Music 2022,Little Saint Nick - 1991 Remix,0,118840,False,0.602,0.553,11,-9.336,1,0.0328,0.108,0.0,0.0512,0.971,130.594,4,rock,0.2781102884544511,0,0
5GCfGYBzhQ2szULHf8wJYm,Faye Wong,Di Dar,曖昧,49,280666,False,0.294,0.467,0,-8.776,0,0.0328,0.312,0.0,0.431,0.322,207.724,4,mandopop,0.4865090309738134,1,1
1GCxIjVR5mYOXU0lpY7YZw,Joshwa;Lee Foss,Night Drive Autumn/Winter 2022/23,My Humps,0,186124,False,0.862,0.79,4,-8.412,0,0.0672,0.0418,0.00615,0.0746,0.587,129.005,4,groove,0.19890042466194557,0,0
5fLunXV4vxS9HDpnUFS1za,Joey Montana;Lalo Ebratt,Hora del taco sin auto,No Te Va,0,204880,False,0.844,0.934,7,-1.223,0,0.078,0.17,0.000121,0.134,0.647,96.983,4,reggaeton,0.17881449046348813,0,0
0LLAn8CfkDPvzcGpXiqGqh,Roni Size;Reprazent;DJ Die,New Forms (20th Anniversary Edition),Watching Windows - DJ Die Gnarly Vocal Mix,18,457746,False,0.634,0.794,7,-4.337,1,0.0415,0.0192,0.708,0.0741,0.205,169.879,4,drum-and-bass,0.23901724616339717,0,0
2IuQINZo9v31DKccEGedoI,"Giuseppe Verdi;Maria Callas;Herbert von Karajan;Orchestra Del Teatro Alla Scala, Milano",Pure - Maria Callas,"Verdi: Il trovatore, Act 4: ""D'amor sull'ali rosee"" (Leonora)",21,247920,False,0.226,0.0992,8,-16.949,1,0.0468,0.987,0.00366,0.11,0.0395,72.791,4,opera,0.60007201112667,1,2
6f2AaCWRNZwTsV6ruoy6FH,Luther,Trame,Savane,37,165917,True,0.726,0.587,5,-9.899,0,0.271,0.149,0.0,0.171,0.432,160.091,4,french,0.4195620264934114,0,1
5uc8qnreoDC8ZxVZ8EjZRc,Annie Lennox,Halloween Party 2022,"I Put A Spell On You (Fifty Shades of Grey) - From ""Fifty Shades Of Grey"" Soundtrack",0,210520,False,0.563,0.383,2,-7.544,0,0.0322,0.283,2.59e-06,0.127,0.358,173.98,3,songwriter,0.45243680215209015,1,1
0qc4QlcCxVTGyShurEv1UU,Sam Feldt;RANI,Magnets EP,Post Malone (feat. RANI),68,174444,False,0.59,0.642,7,-3.87,1,0.122,0.0771,0.0,0.105,0.651,107.356,4,edm,0.24778672177969463,0,0
7A0wK3WqG1SpS3Gle8fWd1,Sem Compromisso,Ao Vivo,"Mariana, parte minha",42,159693,False,0.468,0.94,0,-5.654,0,0.085,0.302,0.0,0.971,0.757,108.338,4,pagode,0.4342492877024449,0,1
619gFMxhEtuhCpRHStYsnz,The Lawrence Arms,Metropole (Deluxe Edition),Drunk Tweets,23,84680,False,0.538,0.95,0,-6.607,1,0.0527,0.000697,0.0,0.963,0.802,109.796,4,power-pop,0.15856039941612718,0,0
1jcW6AjFWRyfnTXwLlMMlJ,Ronghao Li,模特,李白,54,274920,False,0.81,0.543,0,-12.257,1,0.03,0.79,5.67e-05,0.145,0.823,114.934,4,mandopop,0.36509943847265347,0,1
7K0pKyU2oYG8TJHXXyEHGy,Krewella,New World Pt. 1,Be There,41,198822,False,0.583,0.722,6,-4.478,1,0.0322,0.093,9.03e-06,0.359,0.272,145.026,4,dubstep,0.31012642342222113,0,0
67ro5CI8btmAJsYfYKvM29,The Libertines,Can't Stand Me Now,Never Never,52,147133,False,0.688,0.802,11,-4.321,1,0.0683,0.000384,0.0008,0.0652,0.649,111.63,4,garage,0.14262599365221842,0,0
5VLNgfTtg05eImDhEsvSGs,T. Power,Diary of a Digital Soundboy,Mercy,19,284746,False,0.506,0.951,11,-3.285,0,0.19,0.000481,0.0239,0.097,0.277,179.931,4,drum-and-bass,0.33140763867714584,0,0
2gfYscb8H4AdO2agwzXVKr,Bobby Osborne;Alison Brown;Claire Lynch;Rob Ickes;Sierra Hull;Stuart Duncan;Trey Hensley,Original,I've Gotta Get A Message to You,23,278540,False,0.664,0.695,0,-9.387,1,0.0308,0.454,0.0403,0.37,0.887,120.985,4,bluegrass,0.3971421998959005,0,1
60aZLJIMN4SuSp2Qj4Oyx2,Douglas & Vinicius,Ao Vivo Em São Paulo,Tão Na Sua - Ao Vivo,38,168193,False,0.682,0.852,5,-4.585,1,0.0629,0.249,0.0,0.892,0.571,125.772,4,forro,0.3243828830557682,0,0
0Q2gbUVIIOacwCpISsQGn1,Kvatro,"Кватро - XV лет, Часть 1","Всё, что было",6,236871,False,0.306,0.588,10,-7.373,0,0.0625,0.495,0.0,0.178,0.542,76.063,4,romance,0.466277330076433,1,1
476V2d6iA2tWXgQboKmTtA,Yusuf / Cat Stevens,Tea For The Tillerman (Remastered 2020),Father And Son,73,221120,False,0.495,0.326,7,-12.29,1,0.0365,0.541,8.85e-05,0.0996,0.371,136.243,4,singer-songwriter,0.3787810251874037,0,1
4wvWYclqqrSK8FPntPRA6G,Kids Songs Rule!,ABC Songs,The Alphabet Song (ABC Song),48,57585,False,0.839,0.389,6,-6.429,0,0.0736,0.352,0.0,0.097,0.735,119.981,4,children,0.2400704560127045,0,0
68zhLiVF3gEKnmgtfCCsen,Otis Redding,World's Best Christmas Playlist,"Merry Christmas, Baby [take 1] - Take 1",0,152933,False,0.746,0.458,11,-8.844,1,0.0312,0.0631,0.0,0.167,0.942,100.429,4,soul,0.2954917203063452,0,0
2bEyt6qhJkrWwKueiHTF99,Leci Brandao;Grupo ÉD+,Leci Brandão e Convidados,Agenda - Ao Vivo,37,254586,False,0.422,0.903,11,-3.443,1,0.0413,0.302,0.0,0.754,0.649,84.193,4,samba,0.43050098360325506,0,1
2O9O26335YYVckmRgPKY3s,Empire of the Sun,Ice On The Dune,Alive,65,204546,False,0.524,0.882,5,-3.038,1,0.0367,0.108,1.1e-06,0.071,0.399,119.94,4,alternative,0.28067858942979845,0,0
5YaqbhEmoxSpIbdBTPG6KQ,deadmau5;Chris James,> Album Title Goes Here <,The Veldt,48,521891,False,0.739,0.599,9,-10.002,1,0.0335,0.158,0.393,0.0679,0.318,128.03,4,progressive-house,0.31341418028137075,0,0
75CAWvWD9ATXlcPHhD7qp9,Stephan Bodzin;Ben Böhmer,Boavista Remixes,Lll - Ben Böhmer Remix,38,392404,False,0.57,0.681,8,-11.716,0,0.0365,0.33,0.862,0.108,0.25,124.002,4,techno,0.32092704370077973,0,0
7mCs2Eai4oIX9q4SNJirjo,Toquinho,"Obrigado, Vinicius",Chega de Saudade,40,152880,False,0.66,0.543,11,-12.914,0,0.0457,0.628,0.0135,0.0834,0.423,86.994,4,samba,0.33046717323226704,0,0
23bpCCVsTUKviTEfoy4tbM,Harris Jayaraj;Chinmayi,Yennai Arindhaal (Original Motion Picture Soundtrack),Idhayathai Yedho Ondru,57,235391,False,0.721,0.496,4,-8.063,1,0.0508,0.845,0.0,0.11,0.217,131.969,3,pop-film,0.39402190556866684,0,1
7GPKkJbfSduDWyoVvuaGq9,Nina Simone,Top Trending Romania - Vara 2022,Strange Fruit,1,209578,False,0.445,0.0553,11,-10.806,0,0.053,0.938,0.0,0.0865,0.22,87.228,1,soul,0.6176545922966284,1,2
16168M9xvIA5FqGlurQfsv,Salim–Sulaiman;Harshdeep Kaur;Labh Janjua;Amitabh Bhattacharya,Band Baaja Baaraat,Baari Barsi,43,282697,False,0.668,0.596,1,-10.061,0,0.204,0.105,5.43e-06,0.318,0.786,109.947,4,folk,0.31003319458116435,0,0
42WpwYm7DYxbbVbUO35LUX,Yiruma,Yiruma 2nd Album 'First Love' (The Original & the Very First Recording),May Be,53,240533,False,0.467,0.124,1,-22.377,1,0.0516,0.992,0.879,0.0912,0.123,112.598,4,new-age,0.51864774613078,1,1
4wrBDkZ0ntiBdu7hpHSuAG,Marvin Gaye;Salaam Remi,Soul Christmas Greatest Hits,I Want To Come Home For Christmas - SaLaAM ReMi Remix,0,299829,False,0.288,0.675,6,-4.514,0,0.0577,0.0741,0.0,0.527,0.337,179.475,3,indie,0.4432209531364965,0,1
2VCBznqS9pHibDerZgZNoO,Jorge & Mateus,10 Anos (Ao Vivo) - Deluxe,Seu Astral - Ao Vivo,45,198749,False,0.49,0.923,11,-3.774,0,0.0722,0.251,8.52e-06,0.982,0.703,137.903,4,sertanejo,0.32801716915551804,0,0
3FG44adkUaqTJr8N8ObzxV,Peter Cat Recording Co.,Bismillah,Vishnu <3,40,265453,False,0.415,0.219,11,-13.636,0,0.0475,0.36,0.288,0.203,0.0516,114.203,4,electronic,0.5715234723399634,1,1
4XcxgZSriCYamtIA7BgT7V,B.I;Soulja Boy;DeVita,BTBT,BTBT,69,219549,False,0.766,0.664,9,-6.932,0,0.177,0.334,0.0,0.115,0.509,109.946,4,k-pop,0.2546495167496726,0,0
6lLFoPjzGTSNr3m0IZfJqp,David Ogden Stiers;Tony Jay;Paul Kandel;Chorus - The Hunchback Of Notre Dame,Walt Disney Records The Legacy Collection: The Hunchback of Notre Dame,The Bells of Notre Dame,19,382666,False,0.362,0.222,2,-18.202,0,0.0622,0.842,6.91e-06,0.643,0.266,72.805,4,disney,0.7269202301584727,1,2
7wRmKBCJ8gupcDydBB0XVS,Jebroer,ZES,Naar De Hel,21,185200,True,0.699,0.707,7,-5.592,1,0.0452,0.00792,2.72e-05,0.0699,0.187,150.036,4,hardstyle,0.20926390079439977,0,0
2wrthwkXNBuyKWd3chV33u,Bee Gees,Best Of Karneval,"Night Fever - From ""Saturday Night Fever"" Soundtrack",0,212800,False,0.726,0.779,1,-7.057,0,0.0251,0.0178,0.00178,0.104,0.841,109.133,4,rock,0.27081352934241276,0,0
4TuolvR6umOx58y53a9Vak,Feine Sahne Fischfilet,Sturm & Dreck,Ich mag kein Alkohol,37,215718,False,0.406,0.966,2,-3.515,0,0.0768,0.00113,0.0,0.0714,0.497,171.966,4,german,0.3350866483300631,0,0
00J8yszzb5PR6ZIvSBtg0Y,BLACKPINK,THE ALBUM,You Never Know,66,229201,False,0.527,0.462,5,-5.504,1,0.0494,0.227,0.0,0.164,0.334,144.573,4,k-pop,0.33971624067577927,0,0
2a9PQ4QZSyshworACYBA0u,Germaine Franco,Encanto: La fantastique famille Madrigal (Bande Originale Française du Film),Las hermanas pelean,23,77933,False,0.582,0.142,0,-16.699,1,0.038,0.868,0.903,0.114,0.179,97.029,4,disney,0.5066202022793367,1,1
6UU4YtTESGEJijifUjCKdy,Horcas,Eternos,Golpe a Golpe,24,221453,True,0.453,0.95,2,-7.697,1,0.102,6.22e-05,0.00037,0.348,0.24,144.913,4,heavy-metal,0.33884195117633087,0,0
13bdSVP2YguoHwN4BIFnOT,HammerFall,Renegade,Always Will Be,49,289560,False,0.494,0.437,11,-9.18,1,0.0265,0.15,0.0,0.109,0.304,133.879,4,goth,0.37708657091758685,0,1
0ZVlFLp6Yl9nHhAcqMzmS9,Rick James,80s Bangers Vol. 2,Give It To Me Baby,0,248626,False,0.693,0.77,11,-6.98,1,0.0762,0.0127,0.000613,0.0655,0.883,119.533,4,disco,0.2654097652900553,0,0
0GyQ8MCMcla38fjfBZ5y7Y,9mm Parabellum Bullet,Helloween Party,Vampiregirl,1,191786,False,0.378,0.934,11,-3.702,0,0.107,0.0013,0.0149,0.322,0.602,159.829,4,hardcore,0.3098166965129853,0,0
5MN4Z7ZCqfL0XMKsmR3l8o,Art Popular,Eu Sou O Samba - Art Popular,Agamamou,41,236520,False,0.753,0.888,4,-6.049,0,0.0984,0.629,0.0,0.531,0.648,100.034,4,samba,0.3043150881187414,0,0
22Dglcz1VwyXTCEBt6PIdG,Fish Leong;Crowd Lu,親親,不是我不明白,51,281573,False,0.625,0.341,7,-6.949,1,0.0291,0.796,0.0,0.0764,0.199,130.127,4,mandopop,0.3455496268622468,0,0
5mY3UCVhLzKlOmLvKEWKgj,Jürgen Drews,Ballermann Hits Party 2023,Was einmal war das kommt nie wieder,0,190847,False,0.659,0.975,5,-2.704,1,0.0356,0.0295,0.0,0.254,0.768,130.012,4,party,0.27193141467457116,0,0
15zQwrNlaEAZRcqi1PVEaw,Filip Mota,Le Gusta,Le Gusta,31,191489,False,0.672,0.691,8,-4.546,0,0.195,0.276,0.0,0.138,0.812,93.567,4,dancehall,0.31091765276177646,0,0
21HfdERaOGBeHWf06igIzs,Prashant Soni,College Romance: Season 2 (Music from the Series),Tujhse Mehka,38,158117,False,0.494,0.419,11,-9.345,1,0.0333,0.626,4.39e-06,0.178,0.373,84.608,4,songwriter,0.45612790556638877,1,1
6IBcJbetgmkM0tLna5rq1q,twocolors,pov: it's 2021,Bloodstream,0,180619,False,0.586,0.715,11,-5.962,0,0.159,0.013,1.15e-06,0.54,0.59,120.971,4,house,0.281900252919837,0,0
7ywbvFsilDcWyGwZWGdxmK,Purples,nada além de um instrumento,salmo 139,30,291000,False,0.436,0.755,8,-6.447,1,0.0835,0.314,0.0,0.113,0.505,93.02,4,groove,0.4287405536484704,0,1
4sebUbjqbcgDSwG6PbSGI0,Cage The Elephant,Melophobia,Come a Little Closer,74,229346,False,0.44,0.778,1,-1.786,0,0.0327,0.0265,1.04e-06,0.151,0.304,148.038,4,punk,0.309773348733568,0,0
3VSQJhXdcJZOLyTLPbmxDr,Ben Lukas Boysen;Kiasmos,Clarion (Kiasmos Remix),Clarion - Kiasmos Remix,44,343278,False,0.609,0.651,6,-14.3,0,0.0419,0.509,0.837,0.107,0.195,122.014,4,idm,0.2970340480412029,0,0
7cT99a1NDf5NZE7apkm1mu,Jamie Cullum,JULPYNTA,It's Christmas,0,194706,False,0.598,0.447,8,-7.932,1,0.0404,0.224,0.0,0.0704,0.365,123.855,4,jazz,0.40307628056144607,0,1
7gG236x66Jq6AYSP0jW8k0,Sweet Little Band,Babies Go Coldplay,God Put A Smile Upon Your Face,36,169226,False,0.546,0.257,9,-14.826,1,0.0298,0.932,0.886,0.131,0.0965,126.129,4,children,0.5206615020935356,1,1
1HUONmrq0euHYmiIrmYqPq,XXXTENTACION,Tik Tock 2021,Hope,33,110886,True,0.598,0.457,9,-6.081,0,0.0602,0.661,0.000331,0.146,0.225,146.052,4,emo,0.41811869086118275,0,1
2pAkvdCFORWTiFJHVjojdC,Paloma Faith,Do You Want the Truth or Something Beautiful?,Upside Down,56,189186,False,0.618,0.842,9,-4.384,0,0.0772,0.0452,0.000216,0.0737,0.734,175.989,4,british,0.19092236593926354,0,0
6aohbLHV7VC1QcgwXPcwjO,Paulo Diniz,Preferencia Nacional,José,43,185800,False,0.667,0.372,9,-12.071,0,0.0568,0.732,0.0,0.128,0.551,129.197,4,mpb,0.4356550565847967,0,1
61QSuw5VlC0LTS8WMO356g,Fat Joe;Remy Ma;French Montana;InfaRed,All The Way Up (feat. Infared),All The Way Up (feat. Infared),66,191942,True,0.536,0.721,10,-6.44,0,0.386,0.062,0.0,0.824,0.393,117.139,5,hardcore,0.40897854712631215,0,1
095nyFKlTwa9JIp9cVrHOF,Gesaffelstein;Pharrell Williams,Blast Off (feat. Pharrell Williams),Blast Off (feat. Pharrell Williams),49,215973,False,0.627,0.505,6,-12.659,1,0.0549,0.197,0.0149,0.0583,0.146,100.005,4,club,0.31462174355055883,0,0
2Pg712fUtRTDii6O8Nt39a,Alphaxone,Edge of Solitude,Lost Horizon,7,348821,False,0.0919,0.222,5,-30.436,1,0.0817,0.61,0.961,0.157,0.0484,88.0,4,iranian,0.7170077723694082,1,2
15C4vddZCuFqVNwDCSUXdn,Norman Blake,Whiskey Before Breakfast,Fiddler's Dram / Whiskey Before Breakfast,20,214000,False,0.422,0.419,10,-18.244,1,0.0464,0.831,0.766,0.263,0.972,114.252,4,bluegrass,0.5841502348587404,1,1
5cLepYKVvnwoW0CflglNui,Chorus - Pocahontas;Mel Gibson,Pocahontas Original Soundtrack (English Version),"The Virginia Company (Reprise) - From ""Pocahontas""/Soundtrack Version",23,35572,False,0.4,0.212,7,-17.638,1,0.0516,0.776,5.37e-06,0.185,0.597,181.803,4,disney,0.4321095554696289,0,1
0jJLwPDpyuZRpd800yScN0,Kiasmos,Blurred,Blurred,50,305546,False,0.853,0.406,4,-11.658,1,0.0483,0.587,0.855,0.09,0.0825,122.009,3,minimal-techno,0.3292449806724161,0,0
2KezizwgtM5kC8ZQxcBf0T,Weslei Santos,Pra Todo Mundo Cantar (Ao Vivo),O Seu Amor por Mim - Ao Vivo,47,362734,False,0.459,0.399,6,-9.954,1,0.0339,0.433,0.0,0.682,0.374,139.792,3,gospel,0.47356647087198284,1,1
1MQG7HhFWHp71lxOUj9S51,Hank Williams,The Complete Hank Williams,You Broke Your Own Heart,12,123760,False,0.398,0.356,2,-11.305,1,0.0306,0.989,2.22e-05,0.214,0.775,164.013,4,honky-tonk,0.6301719383347865,1,2
4wvrMJx6Y1Vc5ZZ2KR518W,Bruno Mars;Anderson .Paak;Silk Sonic,New RnB,Skate,0,203122,False,0.708,0.598,5,-8.365,1,0.0291,0.037,0.0,0.17,0.698,112.027,4,pop,0.28446186407029944,0,0
6RmlwVOAFy5wRNqGiJZC6H,Jaska Mäkynen,Espanjan Yöt,Minä tuun nelostietä,32,177120,False,0.485,0.608,4,-7.177,0,0.0275,0.464,0.0,0.278,0.823,181.547,4,tango,0.467772416967611,1,1
4EwSqnjnXCG7NqY08RRSKq,Zeds Dead;ILLENIUM,Where The Wild Things Are,Where The Wild Things Are,50,299240,False,0.344,0.672,6,-5.888,0,0.0586,0.00877,1.04e-06,0.196,0.133,164.197,4,dubstep,0.35966813148111343,0,1
2dmQ9121BRJqzo6p4CLiMx,Nabzy,How I feel,How I feel,38,193714,True,0.812,0.516,6,-10.386,0,0.377,0.0913,0.0,0.119,0.792,140.094,4,swedish,0.2627161448814252,0,0
2EZy2nbJyUpIfPdbTyZbRO,Ollie,Feelings,Feelings,50,202869,False,0.828,0.313,2,-10.054,1,0.0666,0.322,0.0,0.126,0.518,82.022,4,sad,0.32413990683684807,0,0
2byj1f7sfew1edzk5NrHoe,Rick James,Workout Hits 2023,Super Freak,0,204600,False,0.857,0.796,9,-6.866,0,0.0527,0.079,0.0,0.0503,0.944,132.528,4,funk,0.18382821705918925,0,0
1hqiUgSEsjZlpQPZ85I61N,Charlie Brown Jr.,Transpiração Contínua Prolongada - Edição Comemorativa,Quinta-Feira,47,290200,False,0.724,0.646,11,-4.495,1,0.0658,0.0977,0.179,0.0647,0.824,143.674,4,alt-rock,0.25316043367214425,0,0
1GW9HiviLL0kWgcKhzpfoE,Gaab;MC Hariel,Só Por Hoje,Só Por Hoje,50,193422,False,0.624,0.337,11,-11.117,1,0.463,0.834,0.0,0.106,0.614,179.994,4,funk,0.4417778126324417,0,1
5lar0mCUejpILVkAz50s2J,XXXTENTACION,SKINS,Train food,58,164082,True,0.492,0.712,9,-7.278,0,0.691,0.564,9.1e-05,0.357,0.23,137.453,3,emo,0.40809362901645524,0,1
1dUnlxfjj3PGcHTCiYvZf1,Blue Highway,Still Climbing Mountains,Union Man,26,214840,False,0.553,0.567,0,-7.814,1,0.0294,0.262,5.69e-05,0.143,0.404,122.828,4,bluegrass,0.38011334623535853,0,1
1asN0PoTPoBW2uoCHcpVzY,Ferrugem,Casa do amor,Casa do amor,43,218456,False,0.633,0.636,9,-6.805,1,0.0413,0.497,0.0,0.168,0.548,123.908,4,pagode,0.23592272404206988,0,0
7Bhs5TjC7FouUwrKVBdSpW,Flying Lotus;Thundercat,Yasuke,Black Gold,50,95973,False,0.412,0.916,8,-5.596,1,0.298,0.0234,0.826,0.408,0.464,86.115,4,j-dance,0.3288528061347173,0,0
2tTqRYug0P0AstbsXf8AOd,Sergei Lemeshev,Russian horses,Three horses,0,204878,True,0.408,0.166,11,-15.823,0,0.0562,0.941,0.0,0.327,0.39,104.8,3,romance,0.6510062739475955,1,2
2azALCaOh8XVnlk4eVCmbx,Stevie Wonder,pov: you bake cookies,Someday At Christmas,0,169293,False,0.325,0.536,5,-6.04,1,0.0323,0.614,0.0,0.251,0.218,101.483,4,indie,0.49111004923109614,1,1
7Kqr46BBaC5UOdnDkL65YG,RaeLynn,Good Times Country,The Apple,0,213413,False,0.593,0.646,4,-5.251,1,0.0396,0.173,0.0,0.112,0.571,80.016,4,country,0.21835067650573203,0,0
2NrxTwhqku87YfIPa2EcPF,Town Mountain,Heroes & Heretics,Snowin' On Raton,39,230746,False,0.565,0.208,10,-12.778,1,0.0323,0.823,5.14e-06,0.109,0.449,148.024,4,bluegrass,0.4399787863861613,0,1
1Uv7heWWlrbpcyPhIVN3Pr,Mipso,Old Time Reverie,Honeybee,23,201716,False,0.571,0.316,7,-9.215,1,0.0274,0.641,3.54e-06,0.153,0.512,92.115,4,bluegrass,0.47472152674950113,1,1
51xCJIB6whswDNw6tdbF97,Shlømo,Welcome Back Devil,Welcome Back Devil,47,320917,False,0.595,0.96,10,-7.336,1,0.0675,0.00133,0.926,0.13,0.0999,144.023,3,minimal-techno,0.1623946799035028,0,0
51ShzPG95eEY7rARzuxehl,Empyre One;Maxtreme;DROPiXX,Just Dance (Maxtreme & Dropixx Mix),Just Dance - Maxtreme & Dropixx Mix,56,149913,False,0.657,0.944,1,-6.753,0,0.0552,0.0025,0.0,0.371,0.442,149.994,4,party,0.20926747262834003,0,0
3c7zJGosiz8oYHwVez1UzG,Blaine,"Sincerely, Blaine",Imperfect Timing,38,197649,True,0.733,0.452,8,-9.27,0,0.155,0.668,0.0,0.0925,0.294,99.964,4,sad,0.3198259682263486,0,0
4G9XPPPqE2kOAdTNNNESsZ,George Jones,Hits I Missed And One I Didn't,Skip A Rope,15,174146,False,0.661,0.531,7,-8.866,1,0.0351,0.731,0.0,0.103,0.621,138.988,4,honky-tonk,0.38572849570751,0,1
0SlwcOEjRSEdkOD7DRcPvg,Jordan Sandhu;Zikar Sandhu,Blood Talks,Blood Talks,58,188000,False,0.763,0.735,11,-3.9,0,0.185,0.154,0.0,0.391,0.532,89.967,4,hip-hop,0.317575672563706,0,0
45R2F2lLUgTPjReGCmwdNi,Kenny & Amanda Smith Band,Always Never Enough,A Thousand Miles Ago,21,180293,False,0.583,0.749,10,-6.92,1,0.0333,0.358,0.606,0.243,0.961,120.187,4,bluegrass,0.453176839433694,1,1
5l4BfhtIdieXJkfJsDYNER,Laus Høybye;Krummerne,- Det' Ikke Så Svært...,Kærlighed,24,216133,False,0.687,0.252,2,-15.706,1,0.0304,0.267,0.0,0.0782,0.391,131.598,4,disney,0.397533740958058,0,1
1EKNUMaRRxclLETULcps5s,The Shins,Christmas Eve At Home,Wonderful Christmastime,0,146520,False,0.634,0.689,11,-5.406,1,0.0307,0.0109,0.0,0.114,0.899,140.071,4,indie-pop,0.27166844466851364,0,0
5GDDF32NiahByKYUFPR9Z3,Fiersa Besari,Konspirasi Alam Semesta,Epilog,40,284247,False,0.643,0.4,7,-8.87,1,0.0325,0.355,0.0,0.0728,0.177,123.057,4,punk,0.34075803537593113,0,0
2EVZJ77JRXgrt8Mvt3jRa5,Piero Cappuccilli,Rigoletto - Highlights,Rigoletto - Pari Siamo!,19,232666,False,0.439,0.133,0,-15.374,1,0.0697,0.994,0.0129,0.347,0.0711,89.6,4,opera,0.6326286295062067,1,2
4ljZ7YR85Qh9zXdCdsUeYF,CPM 22,Pregur,Pregur,35,112400,False,0.334,0.879,7,-6.921,1,0.0359,5.66e-06,0.016,0.0506,0.947,114.974,4,emo,0.2590740104279044,0,0
3GIhgMadHu26VHLEeXviGD,DISH//,No.1 -Special Edition-,No.1,53,232906,False,0.498,0.879,1,-4.3,1,0.057,0.0216,0.0,0.112,0.64,90.495,4,j-pop,0.24679353944137125,0,0
42ffsPSafzOh9OWlrGBYzY,CRASPORE,Asocial,Flashbacks,52,282000,False,0.564,0.824,6,-4.803,1,0.0294,7.41e-05,0.92,0.122,0.229,80.004,4,electronic,0.2857524304191396,0,0
6T7MAQCekVb3UnCykjX3BP,My Chemical Romance,The Black Parade,Disenchanted,65,295000,False,0.343,0.692,2,-3.926,1,0.0355,0.00218,0.0,0.112,0.153,174.07,4,punk,0.31502440210885446,0,0
3wDqial0Fb4LQirrPNpqDh,Julio Sosa,Julio Sosa: Discografía Completa Vol.1,Justo El 31,19,170906,False,0.496,0.418,0,-7.518,1,0.0417,0.902,0.0,0.111,0.791,119.487,4,tango,0.5587253909894419,1,1
4bayyxzcVfy6yE8UDTamjU,Deep Sleep Hair Dryers;Hair Dryers for Background Noise;Hair Dryer Collection,Hair Dryer Collection for Background Noise,Hotel Hair Dryer - Non-Stationary,32,81548,False,0.0,0.999,7,-7.477,1,0.0,0.358,0.999,0.965,0.0,0.0,0,sleep,0.5506088461110175,1,1
5hnzpC8Fp3BzDgaacxGItd,Jack Hartmann,Counting Piggy Tails,We Are a Family,10,194320,False,0.731,0.515,0,-6.135,1,0.0344,0.757,0.000315,0.125,0.717,156.079,4,kids,0.3570202477902884,0,1
4RMURwDMQR8ppYYnR0Jdiz,Sumo,Divididos Por La Felicidad,Debede,43,172253,False,0.704,0.773,4,-7.454,0,0.119,0.0238,9.82e-05,0.0868,0.791,114.714,4,ska,0.19800590401798682,0,0
2z89w2POOafemX8yVmaA21,Mr. Fingers;Ron Wilson,Vault Sessions 1,Chains,10,378549,False,0.815,0.681,11,-10.065,0,0.0693,8.43e-05,0.201,0.05,0.547,122.753,4,chicago-house,0.2744283660045119,0,0
1k5YcZkESDSl6iJylkoOOK,R3HAB;A Touch Of Class,All Around the World (La La La),All Around the World (La La La),50,147840,False,0.733,0.859,9,-5.03,0,0.033,0.479,0.0645,0.105,0.52,124.948,4,house,0.3436458606213959,0,0
6iTgzWuj97nE1NhyiMlJcF,Leftfield;Skream,Leftism 22,Open Up - Skream Mix,18,455600,False,0.81,0.683,5,-7.73,0,0.0338,0.000313,0.578,0.103,0.0701,124.888,4,trip-hop,0.21739575282865162,0,0
6az5WAcx20hzYkvSDOkj7n,Miranda!,Safari,Extraño - Versión Acústica,37,232672,False,0.731,0.567,7,-6.862,1,0.0376,0.779,2.51e-06,0.0726,0.818,118.001,4,electronic,0.31387647129628404,0,0
3yPQrLnNIthn4I5wQ51X26,Soilwork,Figure Number Five,Distortion Sleep,55,225933,False,0.368,0.949,2,-6.178,1,0.141,7.76e-05,0.00429,0.0341,0.347,160.27,4,death-metal,0.3087403969111997,0,0
0Cro1lolgliyLKxGptK6RZ,Zeca Baleiro,Top Hits,Proibida Pra Mim,46,195000,False,0.65,0.361,7,-10.614,1,0.0328,0.722,0.0,0.097,0.54,132.839,4,mpb,0.4660259501068291,1,1
6kZfjIUmJqQAosGKyOcOIk,Jacky Cheung;Anita Mui,他在那裡,"相愛很難 - 電影""男人四十""歌曲",52,223253,False,0.495,0.559,0,-8.888,1,0.047,0.613,0.0,0.141,0.322,134.508,4,cantopop,0.4419678414738586,0,1
5vOVMNYDam6F6jtemqnNX2,Antônio Carlos Jobim;Frank Sinatra,christmas but not christmas songs,The Girl From Ipanema,0,200360,False,0.541,0.321,5,-14.418,1,0.0329,0.714,0.00345,0.101,0.549,133.537,4,jazz,0.6320023844395729,1,2
5zqJlEJcn0EfnvAScH8swK,The Beatles,Yellow Submarine Songtrack,All You Need Is Love,53,226666,False,0.364,0.483,7,-8.22,1,0.0317,0.281,1.53e-06,0.113,0.7,102.967,4,british,0.44030460496286683,0,1
769FKNYCb8aXyg5bYVAE7u,Yiruma,Room With A View,Berrylands Rd.,46,223000,False,0.435,0.0519,1,-21.756,1,0.0452,0.982,0.937,0.102,0.035,127.001,3,new-age,0.5882275795642945,1,1
0s3DYFA62sx5dUfPPRucOR,Elvis Presley,Elvis 30 #1 Hits (Expanded Edition),Are You Lonesome Tonight?,49,186506,False,0.428,0.201,0,-12.399,1,0.044,0.917,0.000436,0.116,0.187,88.752,4,rockabilly,0.5477400210888773,1,1
40L8OVaEpyF7KTRWTNvJGY,The Platters,Classic Christmas Music 2022,"Rudolph, The Red Nosed Reindeer",0,112960,False,0.576,0.682,3,-4.212,1,0.0369,0.726,0.0,0.236,0.919,145.274,4,r-n-b,0.4106398685490232,0,1
1ZncGj6fmxAvJka0i86ONx,Mariah Angeliq,Feliz Cumpleaños con Perreo,La Tóxica,0,171280,True,0.536,0.723,6,-4.761,0,0.268,0.0149,7.78e-05,0.0952,0.724,91.761,4,latin,0.3915811736898385,0,1
2lLM66gVTrcgJHU4zOZJ64,Hoodoo Gurus,Stoneage Romeos,Tojo - Remaster 2005,32,201240,False,0.259,0.828,0,-3.894,1,0.0756,0.0101,1.82e-06,0.147,0.713,168.123,4,power-pop,0.34334910395263074,0,0
6nvbYcbL79UQ5VFKE0aeeq,Kari Jobe,Sad Love Songs 2022,In The Name Of Love - Recorded At Spotify Studios NYC,2,205738,False,0.675,0.375,6,-8.985,1,0.0452,0.542,2.5e-06,0.0951,0.187,134.023,4,alternative,0.43750560027117247,0,1
3qrdLVOClRU4yPkcXZ7c5u,Ayushmann Khurrana;Tanishk-Vayu,"Mere Liye Tum Kaafi Ho (From ""Shubh Mangal Zyada Saavdhan"")","Mere Liye Tum Kaafi Ho (From ""Shubh Mangal Zyada Saavdhan"")",72,132158,False,0.701,0.638,6,-3.711,1,0.302,0.492,0.0,0.153,0.813,177.867,4,pop-film,0.3720453132161825,0,1
4Bf8V74IfPyObOehyJveKy,Mord'a'Stigmata,Dreams of Quiet Places,Between Walls of Glass,16,523351,False,0.248,0.534,6,-8.27,1,0.0523,0.0438,0.633,0.119,0.0357,113.97,4,black-metal,0.42899655419335964,0,1
0YwbtJsL5CMCnOJUxVJimu,Sodagreen,夏 / 狂熱,無眠,50,226453,False,0.46,0.29,11,-10.357,1,0.0318,0.904,0.0,0.103,0.371,143.899,4,mandopop,0.5108221146726609,1,1
1AnHrytA5dLlTpioOamUiG,Dead Fish,Zero e Um,Zero e Um,40,129000,False,0.414,0.986,10,-2.777,0,0.129,0.00194,1.08e-06,0.376,0.273,106.016,4,hardcore,0.37867971847614845,0,1
6ZahaGPhyiXTi1pLEtGM6e,bülow,Sweet Little Lies,Sweet Little Lies,62,175066,True,0.648,0.727,0,-3.791,1,0.142,0.229,0.0,0.17,0.689,160.024,4,indie,0.3813939846008077,0,1
1T8IRUJBga0JXioJZvxjBR,Rammstein,Deutschland,Deutschland,60,322339,False,0.521,0.895,7,-5.242,1,0.0442,5.54e-05,0.349,0.0985,0.237,120.117,4,industrial,0.2612009649624871,0,0
6YOOCjjIb0pBZXbJjYgUlP,Sara Farell,Dancing With A Stranger,Dancing With A Stranger,43,188735,False,0.595,0.18,9,-11.391,1,0.0298,0.89,0.0,0.113,0.261,79.922,3,acoustic,0.4674137308117652,1,1
3OMIYDXn48Zbb29wRZzgsM,Lorenz Büffel,Der Baumgart Marsch - Made in Colonia,Der Baumgart Marsch - Made in Colonia,35,203285,False,0.422,0.93,7,-3.521,1,0.35,0.0163,0.0,0.251,0.636,133.179,3,party,0.3769756319866331,0,1
1VXPKfgMIAn95PFK4TlyDD,Francisca Valenzuela,La Fortaleza,La Fortaleza,39,235800,False,0.737,0.684,4,-4.357,0,0.044,0.0161,0.00215,0.114,0.402,104.016,4,electronic,0.22517140608354663,0,0
1xddmaN7Ivc2SQ940oBskZ,ILLENIUM;Matt Maeson,Heavenly Side,Heavenly Side,51,240000,False,0.442,0.748,2,-5.632,1,0.0538,0.0129,0.0,0.0917,0.191,134.176,4,dubstep,0.23583612216812608,0,0
4yf6kr6pFc26AzMkIoSs8A,Darkthrone,Circle The Wagons,Circle The Wagons,21,166826,False,0.217,0.936,9,-4.072,1,0.0734,0.0442,0.00813,0.308,0.333,73.833,4,black-metal,0.4046772167755163,0,1
06mcgnr3eJ8cF8ed0WfdPA,Peruzzi;Fireboy DML,Rum & Boogie,Southy Love,53,210048,True,0.848,0.875,10,-5.018,0,0.0702,0.174,0.00709,0.0741,0.431,113.035,4,dancehall,0.21335133370023815,0,0
0NTTfLoedCixGKsVjN2mRx,Anal Cunt,Fuckin' A,Loudest Stereo,13,176413,False,0.227,0.995,4,-5.943,0,0.222,0.000342,0.0248,0.247,0.0383,186.073,4,grindcore,0.3688036301904773,0,1
3UzG9lnmUswPscvRfVmHcv,Tim Maia,Chill in Brazil,Acenda o farol,0,192026,False,0.574,0.883,9,-6.686,0,0.136,0.0606,0.0,0.0524,0.692,123.095,4,samba,0.2113910434921486,0,0
1t055EdeL1r5DfORFy0UXX,Elton John,Diamonds (Deluxe),Circle Of Life - Remastered,57,293268,False,0.27,0.612,10,-6.101,1,0.0336,0.174,0.205,0.119,0.116,160.417,4,piano,0.4464073355778961,0,1
7fY8qVujvm5lZBrt5Y1sIJ,Arijit Anand;Ankita Barwad,Khayaal,Khayaal,56,149749,False,0.702,0.326,1,-11.575,1,0.0313,0.731,0.000287,0.146,0.556,110.022,4,songwriter,0.395700479462568,0,1
4U3Oavt5yvwIOy6lTTiBIU,The Prophet,The Hardcore Archive Part 2 (1995 - 1996),Big Boys Don't Cry - Original Mix,41,233370,False,0.516,0.964,6,-4.21,0,0.0736,0.00109,0.518,0.188,0.195,181.061,4,hardstyle,0.304864082962182,0,0
3vPUCrcr6J25qlFOCPjZWS,Lars Winnerbäck,Själ och hjärta,Kallt regn som faller,38,193234,False,0.439,0.689,7,-6.592,1,0.034,0.0524,0.0,0.136,0.641,134.182,4,swedish,0.32132842058711514,0,0
1kBYtTpdLEb7dkry8HYFJ3,Einherjer,North Star,Stars,17,332213,False,0.47,0.869,2,-8.245,1,0.0376,5.15e-05,0.0914,0.0801,0.448,144.471,4,black-metal,0.1626124495524709,0,0
7ltz6HMfuFZH67aBeYEtsO,Doce Encontro,Esperando Aviões - Single,Esperando Aviões,41,228440,False,0.644,0.553,0,-6.756,1,0.0271,0.778,1.19e-06,0.106,0.551,126.058,4,pagode,0.29889943431202837,0,0
4g4VMpPM8CJAL38LeXl97p,Pritam;Rahat Fateh Ali Khan,Once Upon A Time In Mumbaai,Tum Jo Aaye (Reprise),47,267513,False,0.49,0.819,9,-4.239,1,0.0884,0.328,0.0,0.288,0.803,83.274,4,indian,0.3124982379510879,0,0
1YxJ0LwE6HQM8COctgjZVo,Don Omar,Perreo Tenebroso Vol. 4,Guaya Guaya,0,194013,False,0.787,0.872,9,-2.117,1,0.143,0.0067,0.000193,0.136,0.696,92.025,4,hip-hop,0.20313973769376875,0,0
53ZlW7K2N8TBFonJLLruLw,Hillsong Worship,let there be light.,Elohim,44,269546,False,0.349,0.242,3,-9.713,1,0.028,0.763,1.12e-06,0.218,0.0749,134.114,4,world-music,0.558294037426863,1,1
3vVRfT1O4KbAAhHTmzc5Sc,Faber,Orpheum (Live),Es könnte schöner sein - Live,41,249560,False,0.531,0.794,4,-9.402,0,0.0608,0.206,0.0393,0.983,0.59,92.44,4,german,0.3000831972362976,0,0
34HzaozRuzF3BSjsMrBqIs,Vanguart,Beijo Estranho,E o Meu Peito Mais Aberto Que o Mar da Bahia,41,289560,False,0.299,0.663,7,-7.279,1,0.0409,0.0288,0.0,0.48,0.427,127.249,4,r-n-b,0.40230062013855195,0,1
7nnWIPM5hwE3DaUBkvOIpy,Incubus,Make Yourself,Drive,75,232453,False,0.645,0.792,4,-7.34,0,0.036,0.0562,0.0121,0.119,0.666,90.565,4,alt-rock,0.20002515216424777,0,0
20uDfvpjbtEFz4AeC9O7AQ,Megadeth,Halloween Metal Nights,"The Sick, The Dying… And The Dead!",2,304053,False,0.303,0.976,5,-3.583,0,0.225,0.00266,0.135,0.0707,0.193,88.536,4,alternative,0.3425356509034411,0,0
4iaAPRycdaqdtKukfa34ve,Viva La Panda;Next to Neon,With Or Without You,With Or Without You,40,194934,False,0.673,0.713,3,-7.04,1,0.0423,0.0927,0.000197,0.141,0.169,119.992,4,deep-house,0.2832898732932632,0,0
3EGW6TGGbdk6Ys1Y3HU3lj,Melanie Martinez,Cry Baby (Deluxe Edition),Training Wheels,75,205680,True,0.571,0.481,9,-7.179,1,0.0444,0.697,0.0,0.089,0.0807,113.753,4,electro,0.4557442475285468,1,1
1G3kwVs3JHqN5UPiFXcAID,Swedish House Mafia;Adriatique;The Weeknd,Moth To A Flame (Adriatique Remix),Moth To A Flame (feat. The Weeknd) - Adriatique Remix,59,389956,False,0.663,0.817,0,-7.793,0,0.0332,0.000118,0.37,0.0683,0.113,120.013,4,progressive-house,0.17585883887723372,0,0
1NPvaOBF5y6HxKDOEAbUp7,poofi.,get u the moon,get u the moon,41,162192,False,0.75,0.158,6,-24.285,0,0.337,0.964,0.922,0.223,0.507,97.567,4,sad,0.4599598459613176,1,1
0DqtrUrETNaLhUNfUjrltF,Chicão dos Teclados,Repertório de Fevereiro 2021,Cabaré,39,111595,False,0.727,0.821,5,-8.491,1,0.04,0.305,0.0,0.798,0.963,168.047,4,forro,0.3180075987640328,0,0
4ZbIwC19U5soz0akMfbUqD,Rob Zombie,Rock & Halloween,Living Dead Girl,2,201400,False,0.518,0.948,6,-5.579,0,0.0676,0.00512,0.0996,0.228,0.548,103.025,4,alt-rock,0.30981104466259485,0,0
7MYwLsNvA6e9xCFuWY24qo,Aaron Smith;Luvli;Patrick Hagenaar,Dancin (Remixes) - EP1 (feat. Luvli),Dancin (feat. Luvli) - Patrick Hagenaar Colour Code Remix,21,266666,False,0.626,0.856,5,-4.634,0,0.0678,0.0299,0.0145,0.648,0.386,126.047,4,chicago-house,0.29130939033118824,0,0
4i3xoVyj8Ws3wJllgOHSTI,salem ilese,Mega Hits Autumn/Fall 2022,Hey Siri,0,140000,False,0.633,0.372,2,-11.809,1,0.0413,0.534,0.0,0.13,0.362,97.951,4,indie,0.47030691674698566,1,1
6Qq8lIoV6gHc77GSjacOHP,AA Apres-Ski!,Apres-Ski Lawine 2010,Er hat ein knallrotes Gummiboot,29,208946,False,0.779,0.98,4,-4.86,1,0.0429,0.166,0.0,0.338,0.891,129.996,4,disco,0.28428635761051557,0,0
23ZMKlQGiMebjuPWEcf7UP,The Cassandra Complex,Theomania,One Millionth Happy Customer,20,379733,False,0.497,0.691,5,-13.981,0,0.0321,0.0086,0.00611,0.0843,0.0956,120.505,4,industrial,0.35030157588374033,0,1
1T6928Jai5vaFUIP7XhXhS,Simon Webbe,Sanctuary,No Worries,58,209586,False,0.602,0.893,0,-5.113,1,0.0327,0.0938,0.00474,0.348,0.845,91.296,4,british,0.25440838036249236,0,0
3BIigRWvCUldxIeQkzSEMa,Jobii,Llama Drama,Llama Drama,39,127900,False,0.487,0.682,0,-6.373,0,0.075,0.369,0.566,0.134,0.446,173.985,3,study,0.39614100600432944,0,1
4j8eSVaX2p102JkNGTFusi,Vybz Kartel,School,School,21,153242,False,0.585,0.757,8,-2.869,0,0.402,0.363,0.0,0.0649,0.969,193.67,4,j-dance,0.4654929584055949,1,1
7C8NhwOrNbsqi9YcF2rstE,Magnus Uggla,35-åringen,Jag mår illa,42,246626,False,0.699,0.783,3,-10.002,1,0.0502,0.217,0.0,0.164,0.656,128.122,4,swedish,0.1406919148119109,0,0
3FUCuf498nFHJXFYR1V9Bd,YOASOBI,三原色,三原色,64,224066,False,0.443,0.893,5,-3.496,0,0.154,0.128,0.0,0.328,0.826,127.999,4,j-pop,0.31964010762137707,0,0
5SmuxMLo0LJzOAp0SvqoA9,arai tasuku,Alice,Dreamland is Falling Dawn,20,110000,False,0.682,0.722,0,-9.216,1,0.0472,0.381,0.933,0.158,0.207,131.926,4,idm,0.338308058254347,0,0
3HPPcZ9oK7yGmy5vn7OMLC,Dirtyphonics;Sullivan King,Vantablack,Hammer,51,197333,False,0.486,0.878,0,-3.068,1,0.151,1.52e-05,0.533,0.124,0.205,180.008,4,drum-and-bass,0.3024147383683639,0,0
4Wk8q8GQ5NquENUcvzcCJA,Breakfast For Brunch,Coffe Cup Spots,Coffe Cup Spots,24,130369,False,0.44,0.351,5,-17.708,0,0.0768,0.826,0.939,0.12,0.147,79.937,4,study,0.5450648105183674,1,1
4yT5usLhavd4mzP14LSiPU,Elvis Presley,"From Elvis Presley Boulevard, Memphis, Tennessee",I'll Never Fall In Love Again,56,224680,False,0.295,0.374,2,-11.457,1,0.0293,0.836,0.385,0.137,0.293,145.302,3,rock-n-roll,0.5348358630424812,1,1
41gUDddcY9nBBuazuG20eD,Galantis;Ship Wrek;Pink Sweat$,Modern R&B Love,Only a Fool,0,166687,False,0.729,0.619,5,-6.155,0,0.0346,0.0451,0.0,0.0953,0.623,123.061,4,house,0.20897123065617265,0,0
1MLSapqfstkBKQHYThLere,The Saints,Eternally Yours,Private Affair - 2004 Remaster,27,125026,False,0.255,0.955,4,-4.835,1,0.0946,3.55e-05,0.828,0.398,0.748,188.441,4,garage,0.4128854498952852,0,1
2cWXl5L4cL4dY88oU1qjnU,Dj Thera,Remixed 2022,Wasteland - Dj Thera 2022 Remix,24,255600,False,0.419,0.951,1,-5.33,1,0.0407,0.00156,0.888,0.109,0.173,149.981,3,hardstyle,0.30221043985322765,0,0
1XigMhsDWjz3GlY3tVIFhS,Robert Hood,Mirror Man,Black Mirror,7,338426,False,0.725,0.538,8,-13.905,1,0.0342,0.501,0.594,0.106,0.372,108.013,3,detroit-techno,0.33219470230023196,0,0
7i8l9o6EtdeTnD1id65IxF,The Acacia Strain,Continent,The Combine,25,122160,True,0.622,0.92,10,-4.745,1,0.0815,0.0117,2.37e-05,0.36,0.49,112.109,3,metalcore,0.33514448848008493,0,0
7h0d2h0fUmzbs7zeFigJPn,Travis Scott;ROSALÍA;Lil Baby,JACKBOYS,HIGHEST IN THE ROOM (feat. ROSALÍA & Lil Baby) - REMIX,68,244873,True,0.559,0.491,2,-6.406,0,0.0346,0.0567,0.0,0.0992,0.114,153.131,4,house,0.37153951049684497,0,1
43IXaq37yKxPHHFYLIx5iU,Alphaxone,Absence of Motion,Space Continuum,7,356065,False,0.145,0.276,5,-19.913,0,0.0409,0.304,0.915,0.223,0.0335,76.794,4,iranian,0.5108436008491365,1,1
7is7eKcjZJ9YHHFEEEc8KB,Nina Simone,Twisted Halloween Hits,I Put A Spell On You,0,156266,False,0.429,0.477,6,-6.225,0,0.0311,0.766,0.000638,0.16,0.327,88.534,3,jazz,0.5193744618615995,1,1
4SLWJ2ff0RHSJOSp2MPIHH,Atif Aslam,Rafta Rafta,Rafta Rafta,58,203750,False,0.647,0.792,11,-5.103,0,0.0372,0.389,1.65e-05,0.147,0.499,96.073,4,pop-film,0.34379343298876563,0,0
083NgQVgEwEpXrpnz2nr5z,Pinkfong,Baby Shark Special,Pirate Baby Shark,52,93195,False,0.751,0.87,7,-3.582,1,0.0796,0.409,4.42e-05,0.315,0.941,115.032,4,children,0.3623677094340386,0,1
280zqg7gblMTRU1Hc5VxpY,Santino Fontana;Laura Osnes,Rodgers + Hammerstein's Cinderella (Original Broadway Cast Recording),"""Loneliness Of Evening""",29,113400,False,0.389,0.373,3,-6.627,1,0.0317,0.907,0.00041,0.334,0.272,93.327,4,show-tunes,0.5662468832638023,1,1
6J4oLY2GEwOsUgEd50IpKy,Twin Strings,Baarish Ka Asar,Baarish Ka Asar,59,245500,False,0.59,0.63,9,-6.735,1,0.0279,0.469,1.02e-05,0.15,0.227,119.962,4,indie,0.33317952127358613,0,0
54tHbuVRyr4HwyEvpBdi4k,Stephen Lynch,The Craig Machine,Pierre,23,121080,False,0.391,0.384,9,-12.102,0,0.931,0.812,0.0,0.756,0.241,170.27,3,comedy,0.6783839295437193,1,2
59WN2psjkt1tyaxjspN8fp,Rage Against The Machine,Rage Against The Machine - XX (20th Anniversary Special Edition),Killing In The Name,80,313573,True,0.466,0.833,7,-4.215,1,0.304,0.0266,0.0,0.0327,0.661,88.785,4,funk,0.2747675509984479,0,0
2VvTMIXG760UiG9OSiFt9j,Adam Melchor,Real Estate,Real Estate,60,216000,False,0.493,0.284,2,-12.815,1,0.0309,0.953,0.00739,0.151,0.199,79.959,4,j-pop,0.5117720301452527,1,1
1SqYuY5S4sRHcccnjckhhm,Hans Zimmer;Adam Lukas;James Everingham,Frozen Planet II (Original Television Soundtrack),Hunting Grounds,26,244494,False,0.111,0.284,2,-15.98,1,0.038,0.396,0.95,0.0726,0.0787,180.118,3,german,0.5700448547823812,1,1
52C6LHzXagtDAfa7N9EGST,Brian Culbertson,Ultimate Calm Christmas Jazz,Jingle Bells,0,251506,False,0.664,0.744,0,-8.318,1,0.0543,0.284,0.858,0.937,0.463,95.138,4,jazz,0.3980504795484824,0,1
77I8biel8soo1I8zqiDNRP,Nogizaka46,Time flies (Complete Edition),走れ!Bicycle,24,222266,False,0.516,0.944,2,-2.793,1,0.0672,0.0724,0.0,0.245,0.597,165.044,4,j-idol,0.22895568406758657,0,0
7EjatvVN2Y2GjpvKSyWJR4,Pritam;KK,Life In A Metro (Original Motion Picture Soundtrack),Alvida,54,338586,False,0.287,0.654,2,-5.57,1,0.0374,0.593,7.3e-06,0.11,0.241,84.015,4,indian,0.4103240999060426,0,1
2vCWLIZ7wdJ71KNmpfZWAQ,Joan Sebastian,Joan Sebastian Con Tambora,La Timotea,44,140718,False,0.728,0.5,10,-9.436,1,0.0534,0.76,0.0,0.0379,0.938,94.078,4,r-n-b,0.34931866426664987,0,0
0GO8y8jQk1PkHzS31d699N,Grouplove,Never Trust a Happy Song,Tongue Tied,79,218013,False,0.56,0.936,3,-5.835,1,0.0439,0.00847,0.0,0.161,0.371,112.96,4,indie-pop,0.21235213118490112,0,0
5PSJKA91GvoI3CRmlUBLyE,Napalm Death,From Enslavement To Obliteration,Musclehead,12,50226,False,0.254,0.928,1,-7.543,1,0.0768,1.43e-06,0.966,0.2,0.454,106.79,4,grindcore,0.34700984445878313,0,0
7MbfpPG4oVcnyIulMKBkCK,Charly García,Rock x siempre,Ojos De Video Tape,0,217853,False,0.477,0.459,5,-10.214,1,0.0261,0.715,0.000742,0.228,0.326,105.541,4,punk-rock,0.49268849257546443,1,1
7eFHtwwiE2T4YAoUw7bItr,DJ PATRICK ZS;MC Caja,Assobio Sombrio (Remix),Assobio Sombrio - Remix,44,156479,True,0.76,0.571,4,-3.074,1,0.0409,0.234,0.0,0.116,0.212,130.129,4,funk,0.3123523067476286,0,0
6ESRaxcp7REupnmyNYnJw0,"Fast Eddie;Steve ""Silk"" Hurley","The Chicago LP, Volume 3 of 4",Chicago House Scene - Freaky Mix Silk Extended Edit,6,290145,False,0.961,0.877,11,-5.38,0,0.151,0.00166,1.54e-05,0.275,0.365,117.507,4,chicago-house,0.16733942171723562,0,0
2olkWk6OjJvsQ9DHb7Qv3u,Libin Scaria,Ennittum,Ennittum,17,203538,False,0.459,0.172,11,-13.136,0,0.0427,0.806,0.0,0.108,0.306,127.395,5,malay,0.4647448963025188,1,1
1fxoKxiNKMaHoR561zHi19,Oleg Pogudin,"...Я клянусь, что это любовь была... Песни Булата Окуджавы",Прощание с новогодней елкой,1,254320,False,0.389,0.105,0,-13.362,0,0.0465,0.931,0.0,0.122,0.27,149.111,3,romance,0.5979342964151007,1,1
1hzG75FpGksAvkeSg6SDj6,Eason Chan,rice & shine,你給我聽好,50,288400,False,0.429,0.356,7,-11.524,1,0.0362,0.891,0.0,0.115,0.431,96.798,4,cantopop,0.47287177152890003,1,1
6Hx9gLuAKkOfoZoL79OSI1,DJ Snake;Marshmello;Justin Bieber,Let Me Love You (Marshmello Remix),Let Me Love You - Marshmello Remix,56,180013,False,0.66,0.814,8,-3.179,1,0.0382,0.0183,0.0,0.139,0.248,120.005,4,electro,0.2047483205201173,0,0
6XipzjrsT6p1zVKzrNHpNx,Worakls;Ben Böhmer;Eivør,Red Dressed (Ben Böhmer Remix),Red Dressed - Ben Böhmer Remix,40,358587,False,0.588,0.492,9,-9.111,0,0.0931,0.000573,0.726,0.256,0.328,123.991,4,minimal-techno,0.29195989492861946,0,0
24Jh5ZcRVUQCFnWVO1j8DY,Gerson Rufino,Hora da Vitória,Eu Vou Vencer,48,311750,False,0.605,0.828,0,-4.932,1,0.0403,0.278,0.0,0.38,0.555,149.947,4,brazil,0.2959696990145046,0,0
1H8lL6KK0auSsErQb0V83H,Blondie,Blondie (Remastered),X Offender - Private Stock Single Version / Remastered,21,193706,False,0.32,0.783,4,-6.834,1,0.059,0.0088,0.000484,0.165,0.852,154.123,4,power-pop,0.38606507381614474,0,1
1hBdAohS9PQAmIOGe98SbL,Bayside,Vacancy,Two Letters,34,245946,False,0.424,0.96,7,-4.13,0,0.14,0.00101,0.0,0.0935,0.412,165.046,4,emo,0.29239416620163045,0,0
6IYrkhrJZlDUcUpz0sl21d,Hillsong Young & Free,All Of My Best Friends,World Outside Your Window - Studio,36,298764,False,0.414,0.639,9,-6.234,1,0.0305,0.0684,0.0,0.102,0.347,136.789,4,world-music,0.3442008631091758,0,0
1ChulFMnwxoD74Me8eX2TU,Dead Or Alive,Evolution: The Hits,You Spin Me Round (Like a Record),76,195146,False,0.554,0.963,6,-3.762,0,0.035,0.000244,0.0702,0.431,0.918,128.175,4,synth-pop,0.2342323773397725,0,0
2ftKsLTGZDgFw5BuBL2ixy,Phil Wickham,Hymn of Heaven,Falling In Love,37,285586,False,0.321,0.123,5,-14.226,1,0.0354,0.918,8.49e-06,0.0934,0.192,146.611,4,world-music,0.5851471403481114,1,1
5erkBzi1uzfVzRotIEDevu,Jamie Jones,My Paradise,My Paradise,59,211029,False,0.749,0.74,10,-8.528,0,0.0313,0.0005,0.154,0.112,0.887,128.012,4,deep-house,0.1949876104138498,0,0
6CEXs4A3QhmQ4LLBXl096K,Nani Azevedo,Excelência,Adorador por Excelência,50,333546,False,0.376,0.364,9,-10.742,1,0.0347,0.817,0.0,0.794,0.389,179.995,4,brazil,0.635616932676149,1,2
1r5O1Q66t0THBMKChJLyOS,Leftwing : Kody;Paul Woolford,I Feel It (Paul Woolford Remix),I Feel It - Paul Woolford Extended Remix,30,369189,False,0.673,0.885,6,-7.007,1,0.0327,0.000975,0.807,0.0845,0.549,125.984,4,deep-house,0.1960289628271612,0,0
37qR4gabbE17D48m0aerCq,Hyjacked,Heroes Arising,Heroes Arising,56,270967,False,0.552,0.967,11,-2.01,0,0.0607,0.0207,2.2e-05,0.355,0.451,155.022,4,hardstyle,0.3324706600492677,0,0
6VaZ84jVkpCXUf5IFXcW2K,Johann Sebastian Bach;Boston Pops Orchestra;Arthur Fiedler,Classical Christmas,"Herz und Mund und Tat und Leben, Cantata BWV 147 - Arr. Robert Bockholt: Jesu Joy of Men's Desiring",0,204666,False,0.138,0.173,7,-17.603,1,0.0371,0.955,0.928,0.161,0.159,100.657,4,german,0.6514088899772797,1,2
3DqMNZ8U8j5Fpk6OzPUjjj,Lacrimosa,Testimonium,Zwischen allen Stühlen,25,256799,False,0.587,0.65,2,-8.891,0,0.0296,0.00118,0.223,0.137,0.358,120.013,4,goth,0.2335516272173547,0,0
0E1MMx1sGNutWgkNpgDRml,Willie Colón,Corazón Guerrero,Corazón Guerrero,27,472506,False,0.467,0.483,2,-10.804,0,0.0482,0.748,0.013,0.0369,0.723,95.889,4,salsa,0.4284322588739573,0,1
7i06j7x2UzGnURlzGV37WL,Daddy Yankee;Bad Bunny,Frescura y Perreo,X ÚLTIMA VEZ,5,192477,True,0.812,0.855,7,-3.725,1,0.0554,0.0789,0.000167,0.108,0.573,90.04,4,latino,0.2040781018412176,0,0
52BLAD9ywTCjpAFZHXJFLJ,The Louvin Brothers,Reelin' and Trippin' (Classy Road Trip Songs),Kentucky,0,159893,False,0.491,0.379,9,-8.686,1,0.0334,0.515,0.0,0.345,0.61,177.08,4,bluegrass,0.5301509681133815,1,1
6zXyPzGp9AjpbrOYMQ1sc9,Hogland;Mark Klaver,Perfect Stranger,Perfect Stranger,55,150000,False,0.605,0.649,5,-5.794,1,0.151,0.0253,0.0,0.136,0.547,126.029,4,deep-house,0.284111291709682,0,0
6yb0QZdAhqirrsrsN35WTz,Wolfgang Amadeus Mozart;Erik Smith,Mozart - Inspiring Classics,"Modulierendes Präludium, K.deest",1,98000,False,0.278,0.145,9,-29.531,0,0.0394,0.807,0.004,0.271,0.61,90.405,4,classical,0.5401733316565641,1,1
1Kg1pUYOa3mYdQG9zi7SjV,Feid,Bájale como 7500,Prohibidox,7,166253,False,0.647,0.801,1,-2.946,0,0.249,0.0451,0.0,0.0628,0.517,180.108,4,latino,0.3048252996977892,0,0
2Zj30DnM86JYR91PAlHyRW,BigRicePiano,Memories in the Rain,First Rain in Spring,47,176982,False,0.407,0.0605,11,-24.98,0,0.0361,0.978,0.719,0.279,0.328,56.605,3,piano,0.5717977498347414,1,1
605FZvNjey90GecOzwChB9,Tulsi Kumar;Arjun Kanungo;Vayu;Diksha C,Killer Haseena,Killer Haseena,56,160380,False,0.615,0.785,1,-6.151,0,0.0402,0.00244,0.0,0.16,0.376,96.946,4,pop-film,0.24089224532588147,0,0
2MEkSPRGkN6rTJ8cMNqbnk,Exaltasamba,Exaltasamba Ao Vivo,"Como Nunca Amei Ninguém - Live From Olimpo,Rio De Janeiro,Brazil/2002",38,235133,False,0.477,0.755,0,-8.496,1,0.0377,0.599,5.31e-06,0.761,0.669,147.796,4,samba,0.40289316936559816,0,1
3cz6xsRlGrajBGplo0WcpJ,Luis Aguile,Ven a Mi Casa Esta Navidad,Ven a Mi Casa Esta Navidad,28,285773,False,0.503,0.483,0,-6.693,0,0.0349,0.95,0.0324,0.146,0.375,86.037,4,spanish,0.5279133647228039,1,1
0X5nCsCCqboEL7AbvyxGuS,El Bordo,Instante Eterno (acústico en Vivo),Himno de Mi Corazón - Acústico en Vivo,41,222960,False,0.554,0.702,7,-10.33,1,0.0304,0.17,5.73e-05,0.986,0.359,103.984,4,punk,0.34367246394724305,0,0
6SwLbGkrXDW8DzYGhqhxGD,Deru,1979,1979,36,291146,False,0.299,0.128,5,-16.762,1,0.0367,0.949,0.876,0.118,0.0369,139.45,4,idm,0.582172939099648,1,1
3qUDe886N8w7vTWYDLY7X3,Fábio Jr.,Íntimo,Casinha branca,42,231813,False,0.578,0.757,5,-6.481,1,0.0344,0.575,0.0,0.154,0.652,123.944,4,mpb,0.44981365612186114,0,1
6VDdsnE5y6OYV9UTyvv8p6,Juanes,Halloween 2022 Pop Vol. 1,Vía Láctea,0,213186,False,0.671,0.575,7,-8.998,1,0.0575,0.0046,0.000217,0.123,0.647,160.976,4,rock,0.2287742025336087,0,0
2woOC3CRkSj2Mac0mazL7b,Eason Chan,"陳奕迅2011 ""?"" 國語專輯",孤獨患者(國),41,273466,False,0.348,0.497,8,-6.496,1,0.0328,0.783,0.0,0.0643,0.207,136.309,4,cantopop,0.46097169851202213,1,1
4HAAeaaufqcx91HCLEIYHt,Alfredo De Angelis;Juan Carlos Godoy,"Alfredo de Angelis, Vol. 2",Obsesión,23,197520,False,0.717,0.353,3,-6.821,0,0.1,0.861,0.0146,0.141,0.789,114.961,4,tango,0.48825978635238515,1,1
20SGd8qUkKOBwoJ8LNUT0y,Floyd Cramer,The Essential Floyd Cramer,Georgia on My Mind,12,226106,False,0.32,0.127,7,-13.535,1,0.0298,0.86,0.815,0.113,0.217,181.143,3,honky-tonk,0.7004817696828867,1,2
7q6WQDxck4kIeoACgtV2Gs,Wänderlost;MEDEIA,Take Me,Take Me,55,136800,False,0.593,0.683,6,-7.616,0,0.0285,0.0431,0.122,0.247,0.303,100.024,4,chill,0.2952825769392434,0,0
5bNeopFRcJDHsdKwfLr3rV,Anxious,Little Green House,Afternoon,31,231513,False,0.234,0.99,4,-5.627,1,0.0825,2.53e-05,0.213,0.343,0.21,92.245,4,hardcore,0.41337066462351973,0,1
0vR2rIVORmgeKiGIgNT0fV,Calvin Harris;Tom Grennan,By Your Side (feat. Tom Grennan),By Your Side (feat. Tom Grennan),74,189671,False,0.733,0.96,7,-3.597,1,0.0295,0.0514,0.00199,0.287,0.811,124.01,4,house,0.14427575190803293,0,0
7nTy3uP0gaUjQsPaRT5Xf9,GAYLE;The Wild,From The Ashes - New Beats,abc - The Wild Remix,0,182903,False,0.693,0.874,1,-3.923,0,0.0693,0.034,8.33e-06,0.289,0.647,123.979,5,alternative,0.20651150857348155,0,0
3JeByA3x9clmj4LmwwVJe0,Riff,Ruedas de Metal,Sordidez,22,322693,False,0.37,0.631,9,-12.23,1,0.0919,0.168,0.169,0.104,0.506,182.032,4,heavy-metal,0.3780109181180579,0,1
3nxiy8C130o1rYuUCPb9qc,Sarah Connor,Christmas Songs 2022,Christmas In My Heart,0,288440,False,0.649,0.517,9,-5.227,0,0.0273,0.54,0.0,0.0601,0.185,119.968,4,german,0.3710502079850263,0,1
3pcVsf6ibPqtCuHyJHfJpg,Eason Chan,認了吧,紅玫瑰(國),46,239973,False,0.425,0.583,9,-6.971,0,0.04,0.744,0.000689,0.116,0.345,128.05,4,cantopop,0.4036485548842514,0,1
0pw2SQhAtP0zblvVFQfr3n,J Balvin;Dua Lipa;Bad Bunny;Tainy,Esto No Se Le Dedica A Cualquiera,UN DIA (ONE DAY),7,232146,False,0.58,0.695,6,-8.244,0,0.0671,0.00638,0.0,0.174,0.402,168.124,4,reggae,0.32100217715651336,0,0
0OtXJQBLb7wPXL2XyN2cFW,Porcupine Tree,Deadwing,Lazarus,53,258586,False,0.354,0.581,9,-6.074,1,0.0302,0.201,0.661,0.177,0.338,171.961,4,alternative,0.3773389233453971,0,1
3H5r6FYXFJ47M2QHqOK3n2,Sumo,Llegando Los Monos,T.V. Caliente,36,278986,False,0.646,0.458,2,-9.319,1,0.0304,0.00362,0.0,0.239,0.628,101.68,4,ska,0.3065568922895922,0,0
03UOeGWSA5tOf1PyG7kf6O,Joey Montana;Sebastian Yatra,Perreo en Halloween,Suena El Dembow,1,195760,False,0.69,0.858,0,-4.431,1,0.0529,0.189,0.0,0.113,0.755,91.884,4,reggaeton,0.22673704407933748,0,0
5fVZC9GiM4e8vu99W0Xf6J,The Fray,How To Save A Life,How to Save a Life,80,262533,False,0.64,0.743,10,-4.08,1,0.0379,0.269,0.0,0.101,0.361,122.035,4,piano,0.3410914288357334,0,0
2jRlS0Dwiwkni1lLrtGj5z,Tim Toupet;DJ Padre,Ballermann Stars - Die Apres Ski Party Hits 2012 - Die Karneval und Apres-Ski Schlager bis 2013,Humba Täterä - Stadion-Mix,28,189026,False,0.764,0.986,1,-2.677,0,0.165,0.165,0.0,0.0951,0.384,127.974,4,party,0.18642482081438583,0,0
0tngt6JLxGR62PA5cLPTNH,Terrorgruppe;Skinhead Black,Tiergarten,Schmetterling,37,204427,True,0.453,0.959,7,-3.597,1,0.0928,0.0433,0.0,0.398,0.625,186.142,4,punk-rock,0.23589076659300737,0,0
55yvzYuvJYG2RUEnMK78tr,Nirvana,Nirvana,About A Girl,74,166640,False,0.409,0.932,11,-4.538,0,0.0339,1.87e-05,1.6e-06,0.31,0.591,131.761,4,grunge,0.20147527942091953,0,0
4dvRowqJbGcM9LtMnTWYf2,Noyade;Cinnamonrolls,In My Mind,In My Mind,58,181565,False,0.663,0.642,3,-8.107,1,0.0343,0.835,0.101,0.11,0.102,115.006,4,french,0.3639758903561474,0,1
0buZaW6BTtH4iVwCkk8llf,Bernard Adamus,C'qui nous reste du Texas,Casa,32,205264,False,0.762,0.63,9,-7.401,1,0.243,0.532,0.0,0.0727,0.819,102.23,4,blues,0.3636047624003096,0,1
63Nv0kF5Pcw887NqMAzT44,The Breakfastaz,FABRICLIVE 19: The Freestylers (DJ Mix),Midnight - Mixed,10,292173,False,0.573,0.874,1,-7.135,1,0.0345,0.000146,0.199,0.146,0.648,137.998,4,breakbeat,0.30276002479775155,0,0
264PIvfCX9wSiYs7wOk3aY,Nat King Cole,Xmas Classics 2022,Joy To The World - Remastered 1999,0,84986,False,0.553,0.337,10,-10.334,1,0.0303,0.818,0.0,0.113,0.664,102.213,4,jazz,0.4597181822582956,1,1
6DzTcRWP7CANKh7Vbd2mig,Santesh;Amos Paul,Yaaro,Yaaro,29,225333,False,0.801,0.673,7,-4.989,0,0.0657,0.569,0.0,0.101,0.789,90.008,4,malay,0.2531747210043087,0,0
4V5qbn05Agwhbr7cKxTHxs,Japãozin,Brabo dos Paredões,Posto dos Cornos,48,138750,True,0.684,0.832,5,-4.44,1,0.0351,0.275,0.0,0.0278,0.96,163.98,4,forro,0.23505435217804516,0,0
45FE28csfhMjmWQV6REREg,Omar S;L'Renee,S.E.X - The Remixes,S.E.X - C.G.P (Conant Gardens Posse) Remix,34,260047,False,0.914,0.505,6,-10.435,1,0.0516,2.83e-05,0.0773,0.0665,0.964,120.971,4,detroit-techno,0.2172148056834328,0,0
2UUp0OyN2T6eZ2aGctT6tS,Kevin Bloody Wilson,Rides Again,A Place Called...,25,282760,True,0.692,0.643,9,-7.102,1,0.0627,0.549,0.0,0.245,0.8,135.947,4,comedy,0.35159402960292413,0,1
2AAgUikfQ4kTuLEnW5Aqr8,Morcheeba,Charango,Sao Paulo,18,268999,False,0.462,0.688,1,-7.369,0,0.0355,0.499,0.0553,0.131,0.387,168.036,4,trip-hop,0.3966078795517037,0,1
2JNFlKC59hJL6JmWSrvBwv,Rahul Rajeev;Sibi Mathew Alex,Ennai Thalattum Sangeetham,Ennai Thalattum Sangeetham,58,120737,False,0.5,0.184,8,-13.323,0,0.0381,0.926,0.0,0.16,0.493,144.322,4,malay,0.5143159922856263,1,1
5ZpoxUzB2ARcXGMmGJRvKi,Kronos,Harder Stylez: We Love The Bass,INSANE,0,225338,False,0.469,0.984,11,-2.954,0,0.255,0.00672,0.000836,0.337,0.237,155.094,4,hardstyle,0.36627654518646885,0,1
1ZPeaPDjQOOC8hw1mNjyjF,BTS,Love Yourself 承 'Her',Pied Piper,75,245620,False,0.583,0.712,2,-4.942,0,0.0326,0.2,0.0,0.268,0.778,94.051,4,k-pop,0.4076068305693,0,1
6FX1AR4pKmvTM8DmqDWkP8,Within The Ruins,Black Heart,Outsider,23,255500,False,0.422,0.997,5,-3.17,0,0.169,7.26e-05,0.0318,0.341,0.044,145.011,4,death-metal,0.36368370040703185,0,1
5sfj4DRNPROOx3ZVM093rP,OnDaMiKe;Tooltime,Bomb,Gloria - Bassline Mix,10,236363,False,0.705,0.922,10,-3.957,0,0.0429,4.94e-05,0.78,0.101,0.614,131.99,4,breakbeat,0.24039896929568844,0,0
6Bd4eccfo1gmRDCmqYStQQ,Charly Black;Chris Martin,Whine up Fimi,Whine up Fimi,44,212210,False,0.688,0.675,1,-3.929,0,0.0826,0.297,0.0,0.0761,0.605,94.936,4,dancehall,0.2790266075343913,0,0
1eLgThRQFLPLIP0nEMMrY4,ChuChu TV,"ChuChu TV Nursery Rhymes, Vol. 4",Mary Had a Little Lamb Song,35,154666,False,0.939,0.566,11,-6.296,1,0.0546,0.0413,2.21e-06,0.0782,0.857,109.963,4,children,0.11638390069953557,0,0
5QdyS3AH83MKFLn5KmRABQ,Popcaan,Remedy Riddim,Dem Sell We Out,20,136646,False,0.738,0.718,7,-3.166,1,0.309,0.269,0.0,0.0912,0.46,98.332,4,j-dance,0.3672422598993335,0,1
4PGkzWsCmmUpwTsQPMFRCq,Jeff Mills,Three Ages,Dagma,11,330760,False,0.685,0.468,10,-17.205,0,0.0401,0.00527,0.902,0.0706,0.648,124.756,5,detroit-techno,0.2317649731839985,0,0
4Zj78Sz461BM6sd9JH7c1M,Sorriso Maroto,É Diferente (Ao Vivo),Tenho Medo - Ao Vivo,46,203893,False,0.548,0.952,7,-6.934,1,0.339,0.182,0.0,0.971,0.635,143.968,4,pagode,0.3756957624538447,0,1
2DhcpitZoR2mDalUWFUbBG,Felix Da Housecat;Chuckie;Silvio Ecomo,The Glitz Part Deux Remix Edition,Silver Screen Shower Scene - Chuckie & Silvio Ecomo Dirty Acid Remix,16,349456,False,0.766,0.722,7,-5.652,0,0.0505,0.00106,0.49,0.0865,0.709,124.978,4,chicago-house,0.22815178774970976,0,0
2DcmVSLAg0ZzfOQxDshZHY,A-Lin,寂寞不痛,給我一個理由忘記,57,285546,False,0.399,0.512,8,-5.801,1,0.0357,0.583,0.0,0.104,0.197,133.175,4,mandopop,0.38831595125098395,0,1
5R234KEG9dj0MhKE5grfZV,Korsakoff;Broken Minds,300 (The Remixes),Lyra - Broken Minds Remix,58,155076,False,0.299,0.982,9,-2.197,0,0.135,0.000352,0.293,0.118,0.0398,195.14,4,techno,0.3490195652428014,0,0
7Lf5l4hbjlZIV6iQ3nR0YV,J Balvin;Bad Bunny;Marciano Cantero,FELIZ CUMPLEAÑOS,UN PESO,3,277106,False,0.627,0.675,5,-7.125,0,0.212,0.125,0.0,0.0784,0.961,79.31,4,latin,0.3031908935513718,0,0
3k7tKpRxM3oBd9BlMw4rRa,B12,Time Tourist (Expanded Edition),Phett,14,352966,False,0.686,0.494,10,-10.809,0,0.0431,0.332,0.871,0.127,0.706,122.745,4,idm,0.3951069775316547,0,1
1AxJxTBaz5gga6s0XObpZF,Ocean Waves For Sleep,Instant Sleep,Waves Meditative Spirit,32,75658,False,0.155,0.176,9,-32.33,1,0.0881,0.161,0.169,0.384,0.00492,103.511,4,sleep,0.580408021505244,1,1
38dVRTsxBhJl2yTbSAyuya,Paradise Lost,Shades Of God,Pity the Sadness,21,302333,False,0.28,0.98,7,-8.968,0,0.0859,0.00728,0.606,0.152,0.0662,122.891,4,goth,0.304358109993017,0,0
57CIHoD2aM7QHNjQpBPTio,aus,ReCollected,Summe Volume - Aus Remix,11,246480,False,0.543,0.388,6,-13.5,1,0.0512,0.851,0.0911,0.136,0.063,77.025,4,idm,0.536491308759775,1,1
11D34qsYDowIcDVzJaHz1X,Jillian Rossi;Caleb Hearn,under the weather,under the weather,57,151459,False,0.514,0.512,1,-8.775,1,0.135,0.434,0.0,0.112,0.213,184.978,4,singer-songwriter,0.37824738159278837,0,1
3DpGyWrBsi29h0ee7KldAe,Elaine de Jesus;Vanilda Bordieri;Eliane Silva;Lydia Moisés;Suelen de Jesus;Célia Sakamoto;Elaine Martins;Shirley Carvalhaes,Elaine de Jesus - Manifestação da Glória (Ao Vivo),"Deus Tremendo (feat. Vanilda Bordieri, Eliane Silva, Lydia Moisés, Suelen de Jesus, Célia Sakamoto, Elaine Martins & Shirley Carvalhaes) - Ao Vivo",38,232146,False,0.575,0.898,10,-4.158,1,0.0446,0.256,6.14e-05,0.88,0.619,109.963,4,gospel,0.3615358779626366,0,1
62eMpHTC584YQztqxELhmK,Gal Costa;Criolo,Paula e Bebeto,Paula e Bebeto,41,191418,False,0.706,0.563,7,-9.806,1,0.0382,0.0117,0.000115,0.126,0.806,140.015,4,samba,0.31212128889485014,0,0
48gmTNjtEFROuEWHegOASs,Chimaira,Metal,Disposable Heroes,0,500306,False,0.183,0.986,6,-5.133,0,0.0692,1.75e-05,0.000106,0.179,0.291,187.989,4,groove,0.37324691741539423,0,1
4cXnUi6qulwgj0fLSu0VYE,Elvis Presley,Almost in Love,Rubberneckin',59,133813,False,0.623,0.613,10,-10.099,1,0.0698,0.231,0.0,0.12,0.918,144.334,4,rockabilly,0.19151547348569609,0,0
5GjPQ0eI7AgmOnADn1EO6Q,The Beatles,Revolver (Remastered),Eleanor Rigby - Remastered 2009,69,126533,False,0.581,0.28,4,-9.091,0,0.0381,0.936,1.56e-05,0.305,0.813,137.831,4,psych-rock,0.4936579365972047,1,1
3UQAKY0SUEonxneROvv4jy,The Notorious B.I.G.,Ready to Die (The Remaster),Ready to Die - 2006 Remaster,59,264546,True,0.727,0.831,6,-5.713,1,0.31,0.0632,3.63e-05,0.487,0.504,84.991,4,hardcore,0.2435379485004899,0,0
1NM2NUzlN9SY8z5k4ZfRJB,Armin van Buuren;Hardwell,Ping Pong (Hardwell Remix),Ping Pong - Hardwell Remix,55,180923,False,0.575,0.985,6,-3.493,1,0.0747,0.00379,0.155,0.0471,0.0762,129.956,4,trance,0.23628451400476025,0,0
0EpPEltnPHAE58h4Q2BVTu,Skurken,Grundstuff,Kriminologi,10,248240,False,0.393,0.601,1,-8.019,1,0.289,0.0922,0.0,0.369,0.571,82.889,4,idm,0.37108633222262694,0,1
63m4kjPpyOlrprRJXSZjPC,Annie Lennox,Christmas Songs 2022,Angels From The Realms of Glory,0,240146,False,0.523,0.322,0,-8.957,1,0.0285,0.535,0.0,0.132,0.3,126.002,4,songwriter,0.4635374542182269,1,1
6tAWgyIwWB6f1ozhA0tadW,Monkey Majik,"MONKEY MAJIK BEST (Special Selection Edition by Maynard, Blaise, TAX&DICK)",Eden,48,271519,False,0.53,0.746,11,-5.196,1,0.0281,0.156,0.0,0.362,0.435,84.018,4,j-rock,0.32238655407940486,0,0
4kepi2oc1V51oU3h8iaJ24,Arz,Mega Hits Autumn/Fall 2022,Alone With You,0,195200,True,0.768,0.374,7,-12.49,1,0.723,0.288,1.67e-06,0.111,0.398,75.503,4,chill,0.4212691271718356,0,1
5XxPwkvvnJ7swgUthyCQh6,Embody,Losing Sleep,Silent,50,186428,False,0.808,0.742,11,-4.227,1,0.118,0.118,0.0,0.118,0.561,99.961,4,deep-house,0.25326031352908424,0,0
1ycVm22vaPFNMjgnsGHYjJ,beosound,Syphone,Soul Kitchen,30,86717,False,0.644,0.562,1,-11.125,0,0.0394,0.648,0.837,0.123,0.384,154.999,4,study,0.33887004944370264,0,0
5R8LaP3fPOrj7bRmdG4nKy,MARLENA,bailamorena,bailamorena,57,168434,False,0.479,0.673,1,-4.977,1,0.0531,0.000568,6.13e-05,0.093,0.747,151.799,4,spanish,0.3978671299764163,0,1
0OP07gLuFKLHyV2GhdzyMd,Zezé Di Camargo & Luciano,Zezé Di Camargo & Luciano 1992,Leva Minha Timidez,44,232133,False,0.621,0.53,4,-10.788,1,0.0367,0.102,0.0,0.239,0.768,119.044,3,sertanejo,0.3734735237617737,0,1
5soMJpcVhSrGrB4prvPL6P,Mick Gordon,Doom (Original Game Soundtrack),Rip & Tear,67,257734,False,0.506,0.882,9,-8.683,1,0.0737,0.000655,0.795,0.174,0.14,107.994,4,electronic,0.24436021791947946,0,0
1jg1PPD8oocBDxQt7gLV2o,Sarah Connor,Weihnachtspop 2022,Christmas In My Heart,0,288440,False,0.649,0.517,9,-5.227,0,0.0273,0.54,0.0,0.0601,0.185,119.968,4,german,0.40241885639728575,0,1
2pahOrjr32LVOBfrpZIeoY,Soda Stereo,Obras Cumbres (Parte 2),No Existes,40,283680,False,0.421,0.858,10,-4.881,1,0.0574,0.0117,0.000458,0.192,0.411,79.868,4,punk-rock,0.2539241595747521,0,0
1zxThQ8TWAQOOSn2isGPk0,Jay Chou,葉惠美,以父之名,50,342000,False,0.432,0.564,2,-7.369,0,0.0407,0.298,0.233,0.356,0.398,174.96,4,mandopop,0.4930218387464768,1,1
4OtSo1ZTQWRWE53ZvBfBTV,R.E.M.,90's Music Grandi Successi,It's The End Of The World As We Know It (And I Feel Fine),0,246933,False,0.381,0.894,7,-8.638,1,0.037,0.0258,0.0,0.0251,0.797,205.528,4,rock,0.4371396386054399,0,1
1xeJGNdKyEqqhWfkR31jM2,Los Caligaris,Circología,Aunque No Quiero,48,215626,False,0.605,0.79,7,-5.675,1,0.0348,0.0229,0.0,0.0955,0.644,141.819,4,ska,0.22762283726309535,0,0
0ADZ5dmXhlfzjMw6lefoPl,Nickelback,All the Right Reasons,Far Away,73,238173,False,0.518,0.797,6,-5.153,1,0.0309,0.000681,0.0,0.107,0.293,132.918,4,metal,0.2893672463788398,0,0
4nzIpIeHWiuFQnOV5ZELnj,Deftones,Metal Lives!,Ohms,0,250222,False,0.112,0.978,4,-2.64,1,0.117,0.000108,0.0241,0.117,0.371,173.097,3,rock,0.3860300849926044,0,1
79D1gWUL04fImvO1jlVhOG,Theo Parrish;Lori;Silentjay;Simon Mavin;Perrin Moss;Paul Bender;Dego,What You Gonna Ask For,What You Gonna Ask For - Dego,16,607121,False,0.789,0.84,4,-8.457,0,0.061,0.178,0.0396,0.0602,0.697,120.076,4,detroit-techno,0.2524802780816122,0,0
3dE99KYI09Vu4EkTTyi6sQ,Márcia Fellipe;Os Barões Da Pisadinha,Status,Status,45,151817,False,0.817,0.871,6,-2.072,1,0.0798,0.581,0.0,0.275,0.967,155.038,4,forro,0.28909129781514364,0,0
2Dnz0styXaskjv7NmUhYBT,Hozho,Yin Yang,Errors on a Canvas,32,560734,False,0.757,0.673,11,-8.338,0,0.0428,0.0111,0.781,0.115,0.447,126.993,4,techno,0.25336945486227863,0,0
1SSSyYRtTNmrelUuqnv59h,Chicane;Kryder,Armada Music - ADE 2022,Offshore - Kryder Remix,2,196012,False,0.63,0.967,5,-4.835,0,0.0488,0.0104,0.784,0.104,0.0743,126.007,4,trance,0.18452979789273793,0,0
1OQd3XxyHNH6eJmqp5RXfc,Brothers In Crime,Happy Hardcore Top 100,Hallucinating,17,145120,False,0.644,0.964,2,-7.143,1,0.057,0.0198,0.291,0.3,0.241,172.1,4,happy,0.20738763241611297,0,0
4LqkHTCD7pwRtSkrIQSwk2,Noisia,Devil May Cry (Original Game Soundtrack),Lilith's Club,40,326400,False,0.543,0.794,7,-5.369,1,0.297,0.00304,0.801,0.168,0.174,124.981,4,breakbeat,0.3265078002273982,0,0
2mkyXUPD2ndw3hf8Gk6gFP,Huichol Musical,Mañana Que Ya No Estés,Mañana Que Ya No Estés,45,201770,False,0.736,0.495,9,-5.128,1,0.0425,0.156,0.0,0.125,0.846,168.023,3,latino,0.3221533062324229,0,0
6AiSx2D70Z5aFCHXWM1by7,Banda Cuisillos,Banda Cuisillos,Mi Mejor Amiga,45,178329,False,0.4,0.521,0,-8.986,1,0.0404,0.657,9.2e-05,0.34,0.639,174.086,4,r-n-b,0.4162647875190003,0,1
3r9TfIOkOIM2Uwr5IW0sxP,Unni Menon,Rhythm,Nadhiyae Nadhiyae,56,409306,False,0.398,0.39,2,-11.841,1,0.097,0.424,0.0,0.946,0.266,74.727,5,pop-film,0.46958289953425214,1,1
3W73vndiqDkaYwYjSMaSWu,Rend Collective,Santa's Christmas List,Ding Dong Merrily On High (The Celebration's Starting),0,117226,False,0.696,0.715,7,-7.741,1,0.0314,0.34,0.0,0.18,0.959,130.021,4,alt-rock,0.3386029983284268,0,0
1RLLZU8KLPbezWwPQU0aJg,"""Weird Al"" Yankovic","The Essential ""Weird Al"" Yankovic",The Night Santa Went Crazy,26,241720,False,0.593,0.663,3,-7.396,1,0.0329,0.158,0.0,0.0887,0.426,120.372,4,comedy,0.23236543751267952,0,0
20DMYgVdOaR7sjsu8QMSoH,Portishead,Dummy,Pedestal,46,220400,False,0.411,0.464,0,-10.568,0,0.076,0.154,0.721,0.117,0.377,84.125,4,trip-hop,0.4153261599437833,0,1
67VWcesScZvjGPpyXSDSSW,Combichrist,Everybody Hates You,feed your anger,20,289986,False,0.586,0.986,4,-7.549,0,0.061,0.092,0.123,0.316,0.248,109.995,4,industrial,0.25791349993930685,0,0
3p8iG863bPsafyReUXaqXO,Powfu,Breakfast With the Moon,Breakfast With the Moon,50,163108,False,0.697,0.354,5,-15.064,1,0.206,0.892,2.48e-06,0.0539,0.575,78.007,4,sad,0.4170743640686465,0,1
56GFlp1dkt7dw56pQdTwqW,Arctic Monkeys,"Whatever People Say I Am, That's What I'm Not",Red Light Indicates Doors Are Secured,58,143626,False,0.622,0.846,11,-4.831,0,0.0311,0.00316,0.0,0.0989,0.914,110.683,4,garage,0.13222280601326364,0,0
0YhWnmiXMwmSVQU9KL1cdf,DVBBS;Space Primates;GASHI,SLEEP,Say It (feat. GASHI),46,192755,False,0.698,0.846,4,-4.245,0,0.0465,0.041,0.0,0.166,0.11,127.012,4,progressive-house,0.15024699683465545,0,0
7kdY5acuwyv39miZaewnwr,Seekae,The Worry,Test & Recognise,33,215208,False,0.619,0.601,0,-8.727,0,0.0333,0.148,0.00235,0.146,0.373,126.993,4,idm,0.26897272564494795,0,0
5ZsAhuQ24mWHiduaxJqnhW,Ritviz,Ved,Udd Gaye,67,180413,False,0.595,0.817,11,-6.187,0,0.0474,0.000712,0.0386,0.142,0.483,144.961,4,indian,0.1387651416900298,0,0
1mKn5hUaKv6R4DSLB3i4Z2,Annie Lennox,Christmas Vibes But Not Christmas Songs,In The Bleak Midwinter,0,210840,False,0.322,0.189,0,-13.902,1,0.0331,0.774,0.0,0.108,0.158,141.791,4,singer-songwriter,0.539874993210444,1,1
0SJiu39u0VPgtUEfNWtuW1,Michael Ray,Cozy Country,One That Got Away,0,218733,False,0.566,0.825,10,-4.245,1,0.0416,0.00308,0.0,0.0779,0.609,160.003,4,country,0.2544617702257513,0,0
7mu3izFaaBjVHvsXkhArLK,Månegarm,Vargstenen,Vedergällningens Tid,19,226280,False,0.217,0.965,7,-2.378,0,0.0605,8.89e-06,0.688,0.237,0.253,110.454,4,black-metal,0.3615178422086092,0,1
3uJSlXVVZvIz7mqp4ujysy,La Rue Kétanou,Los Pájaros,Los Pájaros,30,268482,False,0.638,0.65,5,-7.266,1,0.0337,0.813,0.00764,0.21,0.904,88.945,4,french,0.4457213031649369,0,1
63nlJMaoiGYK6jnPzBr7UV,Osho Jain,Uljhe Hue (Original Motion Picture Soundtrack),Uljhe Hue (Raw),33,86000,False,0.434,0.0658,5,-14.271,1,0.0429,0.901,0.0,0.351,0.286,104.835,3,songwriter,0.5500189758607819,1,1
3gi7gH8JbG0QdBM4Suf3lr,ADL;MC Cabelinho;Kmila Cdd;Orochi;Cesar Mc;Edi Rock,Favela Vive 4,Favela Vive 4,44,759036,True,0.498,0.498,8,-8.809,1,0.424,0.42,0.0,0.101,0.367,76.093,1,funk,0.3999046922653232,0,1
3g83boWaVYaeEm5fORdbj4,Paul Kalkbrenner,Zeit,Frühling,23,314226,False,0.758,0.481,11,-10.637,0,0.0365,5.16e-05,0.949,0.615,0.44,129.98,4,minimal-techno,0.3311808288342206,0,0
5y6DhwlDmP9BX83aD5BZnS,Morbid Angel,Illud Divinum Insanus,Nevermore,18,307840,False,0.546,0.897,1,-5.875,1,0.0786,1.31e-05,0.00668,0.629,0.244,116.957,4,black-metal,0.2823784538553002,0,0
5KyvxpYGgAUY55lDfnSROX,Chuck Berry,The Very Best Christmas Songs 2022,Run Rudolph Run,0,162897,False,0.647,0.876,10,-5.662,1,0.185,0.881,3.59e-05,0.26,0.949,151.925,4,rockabilly,0.39957400230791973,0,1
20DAUWeuFdO4AWfUVgWpTO,Beniamino Gigli,La Leggenda di Beniamino Gigli,Torna A Surriento,25,195813,False,0.314,0.465,4,-5.115,1,0.0333,0.973,0.059,0.233,0.325,86.561,3,opera,0.537914609292328,1,1
3hEoFyE40yESyQXOALuI3n,Re-Style,Pussy Lounge 2019,Get It Crackin' - Sefa Remix,18,188400,False,0.472,0.929,1,-4.439,1,0.0412,0.0137,0.0262,0.166,0.0663,100.035,1,happy,0.2757749788358444,0,0
0EQEzy3PNr0jple5OeghES,Forrozão Tropykalia,"Campeões do Forró, Vol. 02",Não Dá Prazer,41,218906,False,0.731,0.85,11,-5.067,0,0.0412,0.141,0.0,0.272,0.835,108.113,4,forro,0.29058892540611064,0,0
23BU6vssuoPppnNsBwFgQ3,Şanışer,Umut,Kuytu Köşelerde,43,235651,False,0.697,0.376,1,-10.987,1,0.0821,0.565,0.0,0.118,0.14,126.034,4,turkish,0.406791611288621,0,1
1sPt1dWvsRSet11IR1x2PJ,Samuel Kim,"The Very Very Very Strongest - Epic Version (from ""One Piece"")","The Very Very Very Strongest - Epic Version (from ""One Piece"")",49,160270,False,0.489,0.859,0,-7.783,0,0.0327,0.273,0.976,0.0856,0.425,97.555,4,anime,0.2645989742382827,0,0
1YUn8WogP40RYJNSidN0lJ,Said The Sky;FRND,Sentiment,Bittersweet Melody,38,210668,False,0.594,0.727,7,-4.507,1,0.0536,0.311,0.0,0.0662,0.277,127.91,4,dubstep,0.3711994910002707,0,1
5YmCD6XNHTWgQqoxwLGmHG,Elizeu Alves,Furioso Amor,Furioso Amor,47,411457,False,0.438,0.568,0,-8.865,1,0.033,0.089,0.0,0.0879,0.14,140.073,4,brazil,0.3126445806343497,0,0
69iWQWwGVlbTycJgF9ISXn,Lars Winnerbäck,Eldtuppen,Hur och vem och vad,41,302680,False,0.367,0.469,7,-8.293,1,0.0275,0.0705,0.0179,0.118,0.28,175.128,4,swedish,0.45015573468684067,1,1
1gtl58TMl0fzivv3jO2IE9,Eli Young Band,Sad Country Songs,Break Up In A Bar,1,216133,False,0.602,0.831,4,-4.887,1,0.0365,0.0164,0.000736,0.184,0.722,119.935,4,country,0.21878147182424718,0,0
03eOOLSkBHwjAO05bfhuPy,Kojo Funds;RAYE,Internet Sensations,Check,1,215573,True,0.414,0.718,3,-6.295,0,0.116,0.21,0.0,0.079,0.566,94.124,4,dancehall,0.33654351609608474,0,0
4MO8ZfoBPueBLS7dIm99MM,PartyfrieX,Partyfreak,Vreten,26,189600,False,0.546,0.887,2,-5.684,1,0.114,0.114,0.0,0.847,0.626,134.076,4,happy,0.35137990317519485,0,1
4RJv0GUJMeuxpPMFw8Mh8Z,Ángeles Del Infierno,Joven Para Morir,No quiero vivir sin ti,29,179533,False,0.625,0.638,9,-12.998,0,0.0406,0.183,0.0,0.0798,0.661,135.665,5,spanish,0.21783075885057662,0,0
3Ta5ZwFTSBbClZ2ezFjyTy,Mabel,Beginner Ride (Mixtape Vol. 1),Don't Call Me Up,0,178480,False,0.636,0.88,9,-2.853,1,0.137,0.296,2.97e-06,0.0793,0.228,98.855,4,edm,0.33494841491069316,0,0
35kyf1sus3TW7ot6wqqjun,Enigma,"Le Roi Est Mort, Vive Le Roi!","Le Roi Est Mort, Vive Le Roi!",37,117973,False,0.254,0.208,4,-23.672,1,0.0429,0.922,0.613,0.634,0.145,129.63,4,new-age,0.7062167989811224,1,2
7qDP0W2eaxIMvbcsYW7T56,Carcass,Necroticism - Descanting the Insalubrious,Carneous Cacoffiny,17,403493,True,0.223,0.897,9,-11.907,1,0.0971,8.42e-06,0.191,0.131,0.221,95.002,4,grindcore,0.27982513835773637,0,0
6HBgYcsC4NqTeHYKmnwOPf,Ribin Richard;Nihal Sadiq,Kollappedum,Kollappedum,48,140800,False,0.586,0.856,2,-3.224,1,0.257,0.0172,2.95e-05,0.118,0.31,74.958,4,malay,0.23488320251917078,0,0
0M6TVQKZLvsk3AVEtqOWKu,Les Ramoneurs De Menhirs;Gilles Servat,Amzer an dispac'h !,La blanche hermine,37,306813,False,0.39,0.997,10,-0.198,1,0.333,0.0942,0.0,0.0829,0.158,172.034,4,french,0.3350959497404221,0,0
0y0X9xN3fUVd9CVxOs3aXQ,Najand,Spectre of Revolution,Ranjha Anbashte Bishomar,0,60107,False,0.163,0.815,1,-1.066,0,0.084,0.106,0.632,0.219,0.167,128.107,4,iranian,0.49844915762847647,1,1
6JlGpQNMYS1iVjcGArDAfn,The Beach Boys,Home For Christmas 2022,"Merry Christmas, Baby - 1991 Remix",0,146093,False,0.695,0.494,9,-11.419,1,0.058,0.31,0.0,0.0888,0.816,127.382,4,rock,0.37868772134135104,0,1
0k6oKzcvfTJh59e20ouMHH,Snake-Bite,Full Throttle,Rockabilly Kangaroo,22,160026,False,0.486,0.755,7,-9.549,1,0.0463,0.111,2.76e-05,0.233,0.966,179.482,4,rockabilly,0.33992354986688655,0,0
3aaoirIsvuAPSO0CEBvaMq,Felix Mendelssohn;Arioso Quartett Wien,Encores,"4 Pieces for String Quartet, Op. 81, MWV Sdr 44: No. 3 in E Minor, Capriccio",0,349653,False,0.458,0.231,4,-16.326,0,0.0376,0.855,0.885,0.075,0.232,146.337,4,classical,0.512992649820561,1,1
4JsjeOfvN5zzni6LVw4yLl,Annie Lennox;African Children's Choir,Weihnachtslieder 2022,Universal Child,0,254320,False,0.516,0.172,0,-12.172,1,0.0264,0.767,0.0,0.113,0.152,78.018,4,singer-songwriter,0.5423912052511862,1,1
3A5vbV1V6TrF7S0sg1cHDJ,Владимир Бунчиков,Зимнее утро (1936 - 1958),Белокрылые чайки,0,169875,False,0.33,0.367,11,-13.211,1,0.0461,0.975,0.0,0.359,0.394,83.298,5,romance,0.5974969786054705,1,1
5pYBqgsV99GhopdSJE4dVI,Blake Rules;Netherfriends,Kids Trap 7,The Birthday Party Song,9,132173,False,0.852,0.468,11,-8.738,0,0.257,0.00555,0.0985,0.123,0.532,138.035,4,kids,0.32038458693066485,0,0
0yS0XhFaCIq85IYdxfVN76,The Gathering,How to Measure a Planet? (Deluxe Edition),Probably Built In the Fifties,21,446133,False,0.243,0.793,2,-7.546,0,0.0502,0.0225,0.153,0.0522,0.116,154.057,4,goth,0.38722919765207686,0,1
43UwresvfvNPDl8BQruk4L,Chuck Berry,Christmas time but not Christmas songs 2022,You Never Can Tell - 1964 Single Version,0,163066,False,0.572,0.848,7,-10.054,1,0.125,0.739,4.67e-06,0.245,0.927,157.621,4,blues,0.4123823855046132,0,1
70Qlewy7XO46zijMHSjbOG,Tisoki;byblood;Cry4Tre,01953,ALL NIGHT,53,172137,True,0.723,0.89,6,-4.83,1,0.0606,0.157,0.0,0.0571,0.836,144.99,4,dubstep,0.2547014413673829,0,0
1dtTRXifeGC51adYy0902s,Yung Bae;bbno$;Billy Marchiafava,Bad Boy,Bad Boy,62,187570,False,0.861,0.82,1,-4.807,0,0.0728,0.032,4.76e-06,0.0706,0.781,118.04,4,funk,0.05247636338545775,0,0
0jo0auZLLZL4PK9ybxkWeH,John Doan,Eire: Isle of the Saints,Resting Upon Jacobs Pillow,21,255080,False,0.338,0.193,6,-14.908,0,0.0314,0.775,0.857,0.109,0.066,135.894,1,new-age,0.5865746801854879,1,1
26X6cHqqfUz9i9YKkZO8Dq,Jeff Mills,Three Ages,Roman Age,9,242506,False,0.7,0.549,1,-17.226,1,0.0324,0.541,0.833,0.129,0.831,122.883,4,detroit-techno,0.32723618267285065,0,0
6IskNuvBwK8YzFrjvXIp5h,The Local Train,Aalas Ka Pedh,Yeh Zindagi Hai,45,249160,False,0.633,0.616,9,-7.395,1,0.0288,0.126,0.0,0.078,0.7,131.072,4,indian,0.25757712184426146,0,0
3EPyTBUgWMA2Ib2vT6XHIt,Manila Killa;Kwesi,Dark Places,Dark Places,39,235012,False,0.614,0.857,6,-5.751,0,0.0356,0.0109,0.33,0.116,0.21,125.004,4,dub,0.2124394552929115,0,0
4Yf9QLUM8EeHaCS7EnaHnX,Christian Löffler,Versailles (Hold),Versailles (Hold) - Edit,53,218727,False,0.425,0.375,0,-13.693,0,0.0353,0.467,0.525,0.133,0.179,116.99,4,techno,0.3552838468163124,0,1
2cnMg4R1oPiZ9eQ6q8keTI,Jorge Aragão,Todas,Doce amizade,41,213426,False,0.663,0.621,0,-10.973,1,0.0347,0.786,0.0516,0.214,0.973,162.034,4,samba,0.4271600477903155,0,1
6ZT8IQupnDF9yoXSfddZSv,Joachim Pastor;Mischa,Fever,Fever,55,212869,False,0.807,0.485,3,-10.631,0,0.04,0.146,0.19,0.111,0.196,115.017,4,techno,0.22899446523790165,0,0
0EQ7IBLaVhxF8qOA4E4sF8,JJ Lin,進階,進階,37,218040,False,0.558,0.757,7,-4.404,1,0.05,0.304,0.0,0.139,0.147,92.035,4,mandopop,0.40489508178123623,0,1
39tUHDzQ5nlGPtYaA71Y9v,Rival Consoles,Persona,Untravel,42,351948,False,0.504,0.271,5,-19.877,1,0.045,0.846,0.815,0.0872,0.0564,125.942,4,idm,0.45026030011071466,1,1
6utIEcZZHk4AbF3fBVIlNM,Soothe My Soul,Eternal Glow,Eternal Glow,58,167500,False,0.0791,0.00782,3,-38.003,1,0.0594,0.973,0.94,0.107,0.0345,83.457,4,sleep,0.7359077042427273,1,2
52xFsSvboxrO24hiwSO9x3,Crazibiza;Supersavage,"Amsterdam After Disco, Vol. 5",Higher - Supersavage Remix,0,299520,False,0.731,0.951,5,-5.779,0,0.0463,0.00262,0.642,0.163,0.585,124.992,4,disco,0.11877704644960406,0,0
4iZMmS1vpXOoxlBTCFquSD,Mandragora;Devochka;Tripo,Aladin Remixes,Aladin - Tripo Remix,21,338321,False,0.669,0.678,9,-6.929,1,0.0764,0.000686,0.831,0.425,0.0354,140.053,4,trance,0.28552733300789745,0,0
5X15W4gnll2D1vUaWkYKtO,Koil,Blacklight,Aku Rindu,38,247200,False,0.503,0.533,7,-8.722,1,0.0279,0.000937,0.112,0.207,0.439,149.999,4,hardcore,0.38637029984567983,0,1
1mecmGWlkkXnSWbvcP7ArF,The Acacia Strain,Wormwood,The Carpathian,27,197906,False,0.511,0.986,2,-4.232,1,0.121,3.64e-05,0.00662,0.437,0.286,109.993,4,metalcore,0.29903017149145095,0,0
52qkmQRIc05KdnaY4CO8cJ,Mike Laure,Lo Mejor De Mike Laure,La Cosecha De Mujeres,44,103096,False,0.738,0.671,9,-8.821,1,0.127,0.72,2.06e-06,0.0593,0.967,95.059,4,rock-n-roll,0.3829352721799698,0,1
6rmlfJjZ2kmMIjKFtOQWjZ,Promoting Sounds;Eredaze,They Distort My Reality,They Distort My Reality,42,185576,False,0.659,0.462,5,-11.42,1,0.11,0.113,0.0,0.115,0.423,155.877,4,emo,0.33998862080860565,0,0
0FhO4w1pI55ftgMVj8BlWn,D-Block & S-te-Fan;Josh & Wesz,Scantraxx Evolutionz 006,Let It Go,21,338240,False,0.724,0.873,4,-7.402,1,0.155,0.00103,0.514,0.0843,0.492,147.994,4,hardstyle,0.30277668302687893,0,0
6SDsOrnIDb3f1Pkaqbt34D,Mickie Krause,Karneval 2022 100%,"Biste braun, kriegste Fraun - Version 2015",0,185217,False,0.819,0.708,0,-4.706,1,0.0605,0.0157,8.62e-05,0.081,0.363,127.992,4,party,0.1385484031428757,0,0
5v8LWqqEVnbwCFGqp7jVXP,#Kids;Nursery Rhymes;Nursery Rhymes and Kids Songs,Nursery Rhymes For Young Kids,Wheels on The Bus Go Round and Round (Instrumental),34,104000,False,0.58,0.494,7,-13.402,0,0.0453,0.0488,0.787,0.114,0.908,149.908,4,children,0.2735694996476037,0,0
74egVDiYlOVreXboKMNPXB,The Interrupters,The Interrupters (Deluxe Edition),Judge Not,31,178933,False,0.642,0.877,7,-2.218,1,0.172,0.117,0.0,0.331,0.934,159.92,4,ska,0.2977469266787974,0,0
4J5w43yUOPzxRg5je5tDG4,Beat Oven,Beat Soup,Zipbag Happiness,15,96000,False,0.752,0.313,10,-13.688,0,0.078,0.398,0.847,0.198,0.359,79.961,4,study,0.3740448460746699,0,1
5PjdY0CKGZdEuoNab3yDmX,The Kid LAROI;Justin Bieber,F*CK LOVE 3: OVER YOU,STAY (with Justin Bieber),86,141805,True,0.591,0.764,1,-5.484,1,0.0483,0.0383,0.0,0.103,0.478,169.928,4,hip-hop,0.2466649923501706,0,0
7MjekTAw5llsv2XasOOjD1,Rotersand,Truth Is Fanatic Again,Truth Is Fanatic Again,23,289853,False,0.646,0.852,4,-5.111,0,0.0457,0.0965,0.752,0.0962,0.277,130.001,4,industrial,0.2020659795041071,0,0
1X31OKPeVnHC8X1F7YwOPT,Henrique & Juliano,Novas Histórias (Ao Vivo / Deluxe),Nada Nada - Ao Vivo,50,156721,False,0.607,0.948,9,-3.282,1,0.0509,0.295,0.0,0.368,0.883,169.863,4,sertanejo,0.3117404814064767,0,0
0LteBf3TS8NSQISDf887Ph,Róisín Murphy,The State of Pop,Overpowered,0,308106,False,0.74,0.818,3,-6.283,0,0.0366,0.0972,0.00424,0.267,0.889,117.02,4,electronic,0.2524315580349613,0,0
712Hktc9DnU5u9uOSn1q1Y,KSHMR;Marnik,Bazaar (Official Sunburn Goa 2015 Anthem),Bazaar - Official Sunburn Goa 2015 Anthem,51,172500,False,0.582,0.979,11,-2.492,0,0.0714,0.125,0.00152,0.339,0.196,128.01,4,progressive-house,0.21036718125856685,0,0
298atiKYvG84VfbXNbZiX5,Vishal Dadlani;Alyssa Mendonsa,Break Ke Baad,Adhoore,60,264210,False,0.799,0.542,0,-7.142,1,0.0308,0.0858,1.5e-06,0.126,0.673,107.993,4,hip-hop,0.1976568970378052,0,0
2ZWg239gHVNGV8t2h0ci29,Jim Brickman,Winter Chill,I'll Be Home For Christmas,0,225131,False,0.248,0.0657,0,-18.973,1,0.0318,0.968,0.877,0.111,0.0793,91.47,4,piano,0.6754377828896028,1,2
7uyLL06kbAC4DuTctZCA6B,Study Music & Sounds;Study Alpha Waves;Binaural Beats Study Music,"Study: Binaural Beats Alpha Waves Music For Reading, Focus & Relaxing Studying Music",Deep Focus,44,123363,False,0.147,0.00604,6,-40.227,1,0.0442,0.95,0.853,0.114,0.035,70.804,4,sleep,0.6189572269741185,1,2
3NigHcNkAIUpS1cNbiqNl8,AJJ,Christmas Island,Angel of Death,28,174709,False,0.645,0.626,7,-7.551,1,0.0364,0.259,0.00887,0.115,0.307,118.585,4,acoustic,0.2778690711152161,0,0
2m2QV4YsDoVNQ9Y6THdSg4,Charlie Brown Jr.,Imunidade Musical,Aquela Paz,49,176960,False,0.586,0.487,11,-9.29,1,0.0341,0.769,0.0001,0.181,0.693,123.897,5,hard-rock,0.40118586079749696,0,1
2IgcJ36zkTppzy7rwOWwva,The Decemberists,Christmas Rock 2022,Jesus Christ,0,181693,False,0.484,0.782,2,-4.656,1,0.0252,0.149,0.004,0.191,0.753,101.06,4,r-n-b,0.40753715577231986,0,1
1FWsomP9StpCcXNWmJk8Cl,Cigarettes After Sex,Cigarettes After Sex,K.,78,320030,False,0.454,0.4,3,-10.261,1,0.0265,0.139,0.846,0.137,0.327,93.719,4,indie,0.34847302674464636,0,0
6Xqr4ZNyNs82araxoyT4PT,Lithe,Numb,Numb,55,158677,True,0.903,0.241,0,-12.643,0,0.0833,0.62,0.00298,0.109,0.275,121.006,4,soul,0.36884263247091487,0,1
1ydKLmtx7LYnDe1udTu96w,Hayd,Suffocate,Suffocate,58,241967,False,0.653,0.0584,4,-21.98,1,0.0442,0.847,0.000361,0.175,0.163,122.057,4,songwriter,0.5220496066835622,1,1
54U0kh2xXLPoGT9WZrO5U4,Energyzed,Timeless Worlds,Timeless Worlds - Radio Edit,20,192812,False,0.364,0.92,5,-6.584,0,0.0687,0.00768,0.0738,0.378,0.163,149.895,4,hardstyle,0.30895945038998385,0,0
228ZhwXbX1nzXDlRHwJoDk,ShitKid,This Is It,High Way,26,166624,False,0.602,0.935,5,-0.971,1,0.0412,0.000803,0.079,0.722,0.187,130.221,4,goth,0.2751521410198625,0,0
7mbd55vVvtqHOfxL2L5zRM,R3HAB;TINI;Reik,Fiesta portatil,Bésame (I Need You),0,136200,False,0.839,0.701,9,-6.029,1,0.0944,0.0165,0.00365,0.0513,0.273,99.984,4,edm,0.3052886620060205,0,0
5qRRnuJuzSzGOCAbCCeuqn,Alexander Alar;Sonita,Tokyo,Tokyo,34,445052,False,0.789,0.853,10,-6.294,0,0.0485,0.000345,0.818,0.0431,0.317,122.003,4,techno,0.1492972278307665,0,0
6RWhxVhLfVNxvE3ubp97SN,AJ Ghent [ j-ent ],AJ Ghent Presents: Let the Guitar Sing (Live at American Sushi),Mercy (Live),25,457738,False,0.453,0.27,11,-9.874,1,0.0457,0.122,9.13e-05,0.0865,0.378,118.181,4,guitar,0.41257277228582134,0,1
7EsVGqMKR6ZpGTIoeITKPj,Becky Hill;Just Kiddin,EDM Hits,Losing - Just Kiddin Remix,0,369611,False,0.738,0.617,8,-8.334,0,0.0377,0.000152,0.129,0.0651,0.624,120.017,4,edm,0.2796741142179294,0,0
4aoN6rHl9SkAZJw8BFh4yf,Zülfü Livaneli,Nefesim Nefesine,Nefesim Nefesine,38,338866,False,0.398,0.318,3,-12.283,1,0.0299,0.544,6.02e-06,0.0875,0.137,105.849,4,jazz,0.468483476022461,1,1
2TtezxgSqQUpkTuomfiJDM,Royal Republic,Back from the Dead,Back from the Dead,41,182866,False,0.571,0.944,7,-5.28,1,0.196,8.57e-06,0.692,0.442,0.616,97.984,4,swedish,0.23556862348612914,0,0
0xad4yuDkjVlI53EIIkoIW,Biquini Cavadão,Ao Vivo,Carta Aos Missionários,41,216893,False,0.436,0.981,2,-5.52,1,0.104,0.0217,5.03e-06,0.91,0.489,157.986,4,ska,0.2913657320769973,0,0
2E1mx4rDATTPxZV1ANsXCL,Sujatha,Nammal Thammil (Original Motion Picture Soundtrack),Priyane,32,262013,False,0.587,0.726,4,-4.345,1,0.0301,0.372,0.000744,0.12,0.527,92.03,4,malay,0.2482511097097284,0,0
2bIllkzKKCotWs0AuCsIoh,Burna Boy;Wizkid,2Step - Pop R'n'B,B. D’OR,2,189800,False,0.873,0.658,4,-8.031,0,0.108,0.00858,0.0061,0.0999,0.483,104.033,4,hip-hop,0.16638031555129562,0,0
6IPNp9PfaEqrzotY47TIWy,DJ Snake;Ozuna;Megan Thee Stallion;LISA,"SG (with Ozuna, Megan Thee Stallion & LISA of BLACKPINK)","SG (with Ozuna, Megan Thee Stallion & LISA of BLACKPINK)",77,225600,True,0.8,0.837,6,-2.807,0,0.0491,0.00406,0.00313,0.0904,0.702,100.015,4,dance,0.19323854720409894,0,0
15ymCBGBgIGXLPNKMbA8k1,Ed Solo;Deekline;Upgrade (UK);T.I,"Welcome To The Jungle: Drum & Bass X Jungle: Mixed By Deekline, Ed Solo & Serial Killaz",Top Ranking - Upgrade & T>I Remix,19,267589,False,0.701,0.829,10,-0.564,0,0.052,0.152,9.23e-05,0.36,0.333,87.007,4,drum-and-bass,0.3263273633143112,0,0
0v9JszVQes7SlJ3UKqkdt2,Feid,Esto No Se Le Dedica A Cualquiera,TENGO FE,4,146426,False,0.757,0.571,7,-4.547,0,0.0906,0.264,8.97e-06,0.313,0.538,159.933,4,reggae,0.3424587158288433,0,0
43qIVkhox6QU979YJHCW3E,B'z,SURVIVE,FIREBALL,36,252502,False,0.466,0.926,7,-4.457,1,0.114,0.194,0.0,0.0837,0.509,98.049,4,j-pop,0.27544179779533406,0,0
6yJBlQBjdYtzNai4lLyiRf,David Bisbal,Romances,Mi Princesa,36,202853,False,0.528,0.374,4,-8.554,1,0.0364,0.781,0.0,0.243,0.49,102.74,4,spanish,0.42297820902045424,0,1
772RNUmhqPXcPX10OCJfnf,Deterioration,Retaliatory Measures,Artillery Stockpile,11,103005,False,0.302,0.828,6,-8.878,1,0.0953,0.0252,0.293,0.387,0.557,130.706,4,grindcore,0.37471396860419454,0,1
5hSPcIoXyAMn8qkhxi0dI6,Momoiro Clover Z;Funky Kato,吼えろ 2021,吼えろ 2021,18,261932,False,0.602,0.867,3,-1.859,1,0.054,0.153,4.91e-06,0.145,0.686,134.013,4,j-idol,0.28181955856475144,0,0
5C0ngbdNdOEfnB64DyQQhO,Ole Ole,La Colección Definitiva,Bailando sin salir de casa,25,239320,False,0.619,0.95,9,-5.294,0,0.0874,0.00552,0.0169,0.188,0.872,128.129,4,synth-pop,0.2786809501398185,0,0
1mIs4BBwwlXS0A4UT7RbaC,Mokhov,Memories 2010-2013 Two,Destiny,7,266379,False,0.484,0.76,7,-6.752,1,0.223,0.00177,0.0105,0.0907,0.194,73.014,4,idm,0.27151728392763963,0,0
6CmuT4GB0mCTviUq2jB9Fe,Joy Division,Planet 80's,Atmosphere,1,249478,False,0.616,0.387,6,-11.813,1,0.0314,0.227,0.514,0.116,0.435,120.03,4,punk,0.2983150013522011,0,0
4nbQx3shQNLs8ySv4uUV9L,Jorge Aragão;Elza Soares,Ao vivo convida (Redux),Malandro - Ao vivo,42,334586,False,0.533,0.697,10,-8.384,1,0.101,0.59,0.043,0.869,0.636,84.298,4,pagode,0.4554096755077315,1,1
7Lhg4PKia0fKjv7A9jDHBk,Audio Bullys,Generation,Generation,15,204146,True,0.789,0.661,5,-2.798,0,0.283,0.0888,1.87e-05,0.0645,0.65,124.964,4,breakbeat,0.1948843068826935,0,0
6yz2HojEuzMLx1yJoMYVSH,Confess,Eat What You Kill,Eat What You Kill,27,315789,True,0.419,0.95,3,-4.41,0,0.0847,0.000853,0.679,0.112,0.105,95.065,4,iranian,0.3161342558665744,0,0
7HEU8bKdVH2esVY6c0RKqK,Colombo,Abandoned Factory II,Cuckoo - Original Mix,18,376571,False,0.749,0.821,1,-6.497,1,0.0571,0.00132,0.862,0.0602,0.539,133.984,4,breakbeat,0.33304158954528557,0,0
0FLBNqc5oAiTt4J2e3fe3y,Puddle Of Mudd,Come Clean,Blurry,65,303920,False,0.432,0.936,3,-4.537,0,0.0562,0.00691,0.0,0.14,0.499,157.469,4,grunge,0.24881162635856716,0,0
2TjnCxxQRYn56Ye8gkUKiW,Eagles,Desperado (2013 Remaster),Desperado - 2013 Remaster,68,213712,False,0.228,0.224,7,-12.749,1,0.0311,0.946,0.000222,0.273,0.18,60.3,4,singer-songwriter,0.6350200588322613,1,2
5jWlcGpLaRs4Rd8JXrm4xE,Péricles,Nos Arcos da Lapa,Pot-Pourri: No Compasso Do Criador / Recado a Minha Amada,44,208026,False,0.571,0.761,2,-6.512,0,0.0385,0.486,0.0,0.554,0.881,79.896,4,pagode,0.3671345665260976,0,1
4txD6pWjdumTnNVr7pxZrQ,Traditional;Les Chanteurs de la Vierge,"Classical Christmas, Vol. 2","Ding, Dong (Remastered 2014)",0,103237,False,0.403,0.367,10,-15.286,1,0.0425,0.992,0.0117,0.287,0.153,91.099,4,sleep,0.5436755533740127,1,1
7gyhWg9k5HkgWZq9V8nsrT,Everclear,Fiesta temática 90s,Santa Monica,0,191506,False,0.491,0.942,7,-5.333,1,0.109,0.156,0.0,0.367,0.398,100.441,4,alt-rock,0.32989914747878146,0,0
37yh5wsdlKofBy3uyCqUzt,Manger Cadavre?,Decomposição,Epílogo,13,215293,False,0.244,0.939,7,-4.964,1,0.126,4.91e-05,0.532,0.0819,0.0546,101.255,4,grindcore,0.3215655743654866,0,0
06Q3gof2rs8ErXzBrW1aVg,Sly Withers,Gardens,Breakfast,39,174480,True,0.531,0.876,3,-4.253,1,0.0382,0.003,1.67e-06,0.127,0.205,130.969,4,garage,0.2558619608574853,0,0
412luShbmlgqqgYFStIB1s,Philip George,Wish You Were Mine,Wish You Were Mine - Radio Edit,67,177560,False,0.654,0.832,7,-4.164,0,0.0293,0.0126,0.0901,0.102,0.407,123.002,4,deep-house,0.20173506471323646,0,0
70ctQzBQmXnX5lnHfm2EFp,Gilberto Gil,Refazenda,Ela,37,175760,False,0.643,0.886,0,-8.651,1,0.0536,0.226,0.0,0.0461,0.961,86.247,4,samba,0.21745415160933915,0,0
2xM5sYHiXYo2baYbC3tiC2,Dissection,Reinkaos,Maha-Kali,41,364460,True,0.569,0.836,1,-4.912,0,0.0296,4.69e-05,0.0862,0.1,0.655,109.01,4,black-metal,0.19369801727802066,0,0
6RXI2dGFYwWNdi2fWthp2w,Teuterekordz,Kein Nirvana,6 Atzen,40,173725,False,0.965,0.482,4,-8.959,1,0.356,0.112,3.78e-06,0.0784,0.424,125.058,4,german,0.2692731415042153,0,0
0DHOIbYfrjzlhF6IFEH08c,Kato,Anime & Chill 2,The World (Death Note),46,83999,False,0.645,0.406,11,-11.286,0,0.0381,0.882,0.899,0.0887,0.226,120.006,4,anime,0.43365209555299405,0,1
4dVbhS6OiYvFikshyaQaCN,Foo Fighters,The Colour And The Shape,My Hero,76,260026,False,0.398,0.927,9,-4.212,1,0.0567,6.2e-05,0.000177,0.0575,0.311,77.106,4,grunge,0.18354249351243254,0,0
3FOaym5lHj9N5QcDIgQXQ0,Otto,Certa Manha Acordei De Sonhos Intranquilos,Janaina,39,280440,False,0.499,0.705,7,-6.589,0,0.0548,0.355,0.000107,0.135,0.881,172.355,4,mpb,0.3845510851805729,0,1
2YwZnJ1nlsP5gJA2NbxOy0,Deekline;Ed Solo;Benny Page,Junglist Workout (DJ Mix),Bam Bam - Benny Page & Deekline Remix - Mixed,12,120685,False,0.871,0.719,5,-6.124,1,0.0508,0.115,0.0,0.281,0.249,87.503,4,breakbeat,0.31977899610624355,0,0
4TNZTT33erLVg31KU4RJvf,Mohan,London Dreams,Khanabadosh,32,279475,False,0.734,0.867,11,-5.632,0,0.0456,0.0968,0.0,0.1,0.962,131.947,4,ambient,0.1910478747181771,0,0
51QVVAL3beHaRsoVRadDYo,Bigwig,Stay Asleep,Smile,29,202187,False,0.372,0.976,2,-3.367,1,0.0664,0.0138,0.0,0.332,0.699,104.733,4,hardcore,0.36015021301481065,0,1
1BkY0N8ChFk2mdLbAUu8ZK,Musical Youth,Anthology,Pass The Dutchie,78,205426,False,0.805,0.418,7,-14.374,1,0.0979,0.459,0.0,0.288,0.966,149.724,4,reggae,0.29499094079792615,0,0
3kqgRB172POGve1EgmYnrJ,Rain for Deep Sleep,Soft and Gentle Rain Sounds for Deep Sleeping,Loopable Soft Rain,32,201198,False,0.185,0.994,10,-23.446,1,0.0475,0.805,0.988,0.278,1e-05,80.462,5,sleep,0.38149756079169966,0,1
2MjnGtsgfqllql2ndWdGn8,Lata Mangeshkar;Udit Narayan,Dilwale Dulhania Le Jayenge,Ho Gaya Hai Tujhko To Pyar Sajna,56,347680,False,0.404,0.662,7,-8.606,0,0.059,0.547,2.99e-05,0.346,0.507,100.195,4,pop-film,0.4277099060268212,0,1
18lSBq4bUQg32GeQ8gIu1e,Shinedown,Rock - Best of 2022,Planet Zero,6,222738,False,0.416,0.964,9,-2.967,1,0.112,2.35e-05,0.000875,0.473,0.212,157.925,4,grunge,0.4674555409273474,1,1
1iQ1BpOGF1Umd3lpTV4OPO,Roses & Frey,With or Without You,With or Without You,55,166943,False,0.641,0.147,11,-14.812,1,0.0337,0.954,1.91e-06,0.111,0.287,111.913,4,acoustic,0.49238105848507346,1,1
70rtpDRKKrpw7sx5U8OQAc,Nat King Cole,Christmas Faves 2022,The Christmas Song (Merry Christmas To You),0,192373,False,0.525,0.0623,1,-16.836,1,0.05,0.994,0.157,0.106,0.17,91.205,3,jazz,0.6104324748014107,1,2
2kK1gF7qxgcoTUYy4i1xyT,Dream Your Dream,25 Years Bonzai Classics,Soushkin - Original Remastered Mix,23,389572,False,0.714,0.891,1,-7.649,0,0.119,0.315,0.788,0.389,0.106,156.049,4,happy,0.23924487009704953,0,0
1zj4qCcAbMer2WEYD27Rp2,The Beach Boys,Rock Christmas 2022 - The Very Best Of,Little Saint Nick - 1991 Remix,0,118840,False,0.602,0.553,11,-9.336,1,0.0328,0.108,0.0,0.0512,0.971,130.594,4,psych-rock,0.3681360257254596,0,1
1OMyYLAtYUlAKmZjnDKNgP,Bon Jovi,Fiesta temática 90s,Say It Isn't So,1,213333,False,0.454,0.805,7,-4.947,1,0.0313,0.0229,0.0,0.358,0.591,91.251,4,rock,0.2928966962641858,0,0
7CYS0ibZaJm201ZKonnqih,Enrico Sangiuliano,Sound Of Space EP,The Sound Of Space,56,498461,False,0.707,0.893,7,-7.449,1,0.0543,0.00712,0.819,0.0802,0.159,130.009,4,minimal-techno,0.14100620439091696,0,0
73z1JwmldEYCqPfvpcUxr7,KC Lights;Leo Stannard,Toolroom Amsterdam 2022,Daydreamer - Night Mix,4,202250,False,0.563,0.916,9,-6.58,0,0.0397,0.00139,0.37,0.356,0.19,126.0,4,deep-house,0.2043134038609226,0,0
7hqnPCIIWfEa6x9ygnhZen,VNV Nation,Noire,Immersed,26,384680,False,0.632,0.694,9,-10.35,1,0.0331,0.000324,0.612,0.117,0.117,123.995,4,industrial,0.28938013717880284,0,0
5cinRwHiqT4b1CpOlDdLWx,Todd Terry;DJ Pierre;Vonny;Clyde;Jerry Ropero,Nightlife London (Tech House Couture),Elevator (Lift Me Up) - Jerry Ropero Tech Boom Mix,0,403809,False,0.798,0.698,7,-7.823,1,0.0971,0.0285,0.837,0.686,0.202,125.994,4,disco,0.46920870981064167,1,1
4bY2oZGA5Br3pTE1Jd1IfY,Nogizaka46,バレッタ TypeD,月の大きさ,57,236293,False,0.555,0.941,9,-3.294,0,0.0481,0.484,0.0,0.266,0.813,92.487,4,j-pop,0.24517301941884878,0,0
1P0ooWu6ITsbPpJ7B51bYq,boom boom kid,Okey Dokey,I Do,38,139733,False,0.383,0.599,7,-5.511,0,0.11,0.197,0.0,0.0747,0.419,163.172,4,punk,0.3011803170520928,0,0
6zFUmsa8mXX1bF4jRAYHI5,Moodymann,Silence In The Secret Garden,P.B.C.,15,78933,False,0.795,0.729,5,-17.626,1,0.0542,0.0235,0.939,0.0733,0.747,110.204,4,detroit-techno,0.23002044580054282,0,0
0FXEr1tdiBcLsnLSG8ol2l,Feder;Ofenbach;Dawty Music,Call Me Papi (feat. Dawty Music),Call Me Papi (feat. Dawty Music),58,140631,False,0.868,0.634,4,-6.122,0,0.212,0.0493,0.000383,0.085,0.352,120.949,4,french,0.1393880285105824,0,0
0KOIFcNVh1vALklJ9Stwyr,Wraith,Faster Than the Fucking Devil,Seven Serpents,18,235416,False,0.493,0.937,10,-6.66,0,0.0592,0.00381,0.283,0.137,0.345,105.033,4,black-metal,0.2266525075461961,0,0
2BnKcgWGYRgUnvzjhECMAv,Sayaka Yamamoto,identity,春はもうすぐ,21,353613,False,0.467,0.653,7,-4.288,1,0.03,0.156,0.0,0.112,0.262,74.972,4,j-idol,0.3353437257010505,0,0
6YNdQ5utvFnK4CTAnBga06,Jillian Rossi,Fever Dream,Fever Dream,64,171000,False,0.561,0.519,2,-8.467,1,0.0395,0.223,0.0,0.156,0.2,119.882,4,songwriter,0.2393583986329263,0,0
18cXHds9l6ZlzXgO78D2aW,Laurent Garnier,Unreasonable Behaviour,Communications from the Lab,18,315200,False,0.549,0.694,1,-7.444,1,0.0591,0.00072,0.818,0.415,0.122,196.112,4,minimal-techno,0.18638710216822119,0,0
0PNUZ8Pjm0ilxRB0poWXtt,Andy & Lucas,Éxitos del Pop en Español de los Años 2000,Son de Amores,0,232426,False,0.684,0.824,2,-5.723,0,0.164,0.447,0.0,0.529,0.704,81.94,4,spanish,0.35270500005764116,0,1
1ntcV7ah5Bgh3xacDcR8qP,Kawe;KayBlack;Vulgo FK;Lucas Lucco;OTRAFITTA;Pedro Lotto,Cabelo Rapunzel,Cabelo Rapunzel,45,253333,False,0.635,0.577,2,-5.913,0,0.286,0.297,0.0,0.103,0.574,144.052,5,brazil,0.3266648283001046,0,0
1C64MJBqmR3kl32px5BX3r,Maceo Plex;Faithless,Insomnia 2021,Insomnia 2021 - Epic Mix,42,465865,False,0.719,0.948,9,-5.591,1,0.0613,0.0024,0.226,0.0875,0.19,126.001,4,minimal-techno,0.21038891364347584,0,0
4BoFJMLSO3ZoD48KgnslSe,Yashal Shahid,Mere Humsafar (Original Score) [Female Version],Mere Humsafar (Original Score) [Female Version],68,351250,False,0.442,0.444,4,-9.804,1,0.042,0.744,0.0,0.0671,0.386,143.691,3,pop,0.5438286636006301,1,1
0kHwTHf8ye0mSd66pwcrEN,The Heavy,The House That Dirt Built,How You Like Me Now,61,217493,False,0.647,0.71,0,-4.692,1,0.029,0.000973,0.703,0.0777,0.268,110.059,4,blues,0.09692318136042438,0,0
6BeODAFUXgrscucnq8xDAs,lullaboy,someone like u,someone like u,59,232000,False,0.588,0.178,8,-17.502,1,0.0489,0.877,0.0,0.107,0.358,129.763,4,chill,0.4395828420925024,0,1
5UkeMZvaNppcttFM9O6qzN,Weekend Nachos,Worthless,Obituary,27,71760,False,0.29,0.946,4,-2.736,1,0.0899,1.08e-05,0.601,0.126,0.0486,62.659,4,grindcore,0.28792157281802605,0,0
6Ug8Q77sgu81hEjiVH96t6,Schwesta Ewa;Adones,190 Tage,190 Tage,41,265116,True,0.678,0.721,0,-5.237,0,0.376,0.526,8.91e-06,0.152,0.36,85.647,4,german,0.29172507613884446,0,0
5unjgc6VkA0TqDfxZiOBYy,Videoclub,Euphories,Mai,50,218706,False,0.622,0.697,5,-8.666,1,0.0285,0.401,0.00163,0.339,0.316,105.005,4,synth-pop,0.2359071755423584,0,0
3EtXo9cEurLpblcdWHuBjT,Dallerium;Olive,How Do I Sleep Now,How Do I Sleep Now,57,194362,False,0.74,0.759,0,-7.911,1,0.0379,0.139,0.116,0.0707,0.147,123.992,4,deep-house,0.1652121628015033,0,0
0ar1TXFVks0WAjJAjkNByF,Tony O'Connor,Windjana,Afterstorm,20,603000,False,0.215,0.158,7,-25.836,1,0.0436,0.947,0.846,0.691,0.238,95.096,3,new-age,0.7351480073992195,1,2
2gmXozUIMGUCj36u5ARhB4,Orquesta Juan D' Arienzo,Orquesta Juan D' arienzo - La puñalada,Canaro en Paris,23,161000,False,0.679,0.466,4,-9.988,1,0.0495,0.544,0.683,0.06,0.7,128.306,4,tango,0.4164737548718318,0,1
4sAgnJgFJjhG8wNfqc1tlj,Gunna;Chlöe,Hip Hop Slow Jamz,you & me,0,144373,True,0.744,0.535,6,-9.499,0,0.0736,0.279,0.0,0.143,0.106,132.86,4,hip-hop,0.2876592366142626,0,0
2EstAAPQZJAFF1MYDZJmJB,Najand,The November Revolution,Farda az Ane Shorahast,0,53098,False,0.24,0.907,4,-4.051,1,0.0941,3.15e-05,0.757,0.421,0.0357,75.748,4,iranian,0.4441920530417688,0,1
1srXTfCSDQZZcIdaLNpgSz,Burgerkill,Venomous,Only the Strong,23,346186,True,0.3,0.997,5,-2.443,1,0.095,0.000166,0.0241,0.463,0.196,122.021,4,death-metal,0.3232876428859414,0,0
7aAUBn95iXUX67K9AzUyzN,sadeyes,dropout,dropout,43,121575,True,0.541,0.849,5,-6.773,0,0.146,0.00487,5.09e-06,0.126,0.498,150.285,4,sad,0.2883148806055075,0,0
4yZFRsi0Jn2Ws7bLeyY67b,Felon;EKE,Fine Lines,Fine Lines,60,189910,False,0.64,0.945,10,-3.359,0,0.0678,0.0113,0.00025,0.0627,0.261,125.005,4,deep-house,0.21611719261807594,0,0
0uIYFHlplgxgrJDD7XgMt4,Bruno Mars;Anderson .Paak;Silk Sonic,Upbeat 20's,Skate,4,203122,False,0.708,0.598,5,-8.365,1,0.0291,0.037,0.0,0.17,0.698,112.027,4,dance,0.2817800114039057,0,0
4bTvf4iHFXDGvaeUfrhJjh,DJ Icey,Catalysts of the Catalog,I Dreamt Music,11,116345,False,0.765,0.742,1,-5.462,1,0.145,0.012,0.0896,0.103,0.508,131.912,4,breakbeat,0.2486943792185779,0,0
2AHctrKhJekyp7wIykP83U,Red Hot Chili Peppers,Return of the Dream Canteen,Shoot Me a Smile,62,222737,False,0.576,0.798,9,-6.691,0,0.0351,0.125,0.134,0.137,0.399,146.8,4,funk,0.26053049142116647,0,0
61n7TIudKqHdaIZwCIS8IL,Antonio Tarragó Ros,Taipero Poriahu,El Toro,42,163986,False,0.67,0.521,10,-13.571,1,0.119,0.122,0.742,0.315,0.788,95.868,4,folk,0.4116069566012468,0,1
69bWj2jifC1fbuiMxyGcw5,Jaska Mäkynen,Alla Etelän Taivaan,Alla Etelän Taivaan,18,193293,False,0.558,0.552,0,-9.254,0,0.0248,0.125,0.0,0.146,0.748,102.544,4,tango,0.27550328274471264,0,0
24vNJIb0lDqw9R084eYiQ6,Omar S;John FM,The Best!,Heard'chew Single,39,592085,False,0.808,0.727,6,-8.291,0,0.0841,0.00619,0.784,0.198,0.303,122.982,4,detroit-techno,0.20037455448282476,0,0
0q7oMII7kWTj1ZSX6GT6LU,ILLENIUM;Annika Wells,Awake,Crawl Outta Love,59,242011,True,0.377,0.723,7,-2.951,1,0.046,0.181,0.0,0.0815,0.167,84.139,4,dubstep,0.296320468312191,0,0
1TdHueeRrDSNQd7xiK7UUC,Cradle Of Filth,Thornography [Special Edition],Stay,34,296240,False,0.532,0.772,2,-7.622,0,0.0434,0.0168,0.0164,0.112,0.189,120.077,4,black-metal,0.2744214399730214,0,0
0bhf5QzhPVVDrRnEK938gx,Zoe Wees,pov: it's 2021,Girls Like Us,0,190668,False,0.529,0.648,1,-4.955,1,0.0422,0.288,0.0,0.0569,0.164,100.146,4,german,0.3815421795597513,0,1
4a0qRi121ryIbl3jfcSROV,Keen' V;Dely Kate,Dilemme (feat. Dely Kate),Dilemme (feat. Dely Kate),33,191500,False,0.788,0.673,0,-4.98,1,0.095,0.0787,8.26e-06,0.123,0.361,90.013,4,french,0.20948696040127912,0,0
0FYD3N8NI3yQ8mKvIMDJol,Feid,El perreo es el futuro,Normal,0,171880,True,0.709,0.56,4,-4.867,0,0.171,0.034,0.0,0.315,0.541,170.082,4,reggae,0.4353050294208483,0,1
5dzKCZHfugPNGZn6VolIiE,Gary Stadler,Fairy Lullabies,For Tammi,22,264760,False,0.231,0.0404,0,-21.792,1,0.0387,0.853,0.884,0.114,0.179,52.347,4,new-age,0.6003370716804579,1,2
5nbzkaoGC4Ga3mxgezGo51,Tierra Whack,Best R&B Tunes,Link,0,129505,False,0.86,0.547,0,-10.638,1,0.0786,0.231,1.02e-06,0.146,0.467,150.074,4,soul,0.34696511782063066,0,0
37EJtTS7jT5WUyXGZzrwnI,Everclear,Sparkle And Fade,Santa Monica,71,191506,False,0.491,0.942,7,-5.333,1,0.132,0.156,0.0,0.367,0.387,100.446,4,grunge,0.32839528779842697,0,0
64IW9B6v46KqKD3DadcQ7g,GReeeeN,イカロス,イカロス,35,190360,False,0.605,0.941,0,-3.391,1,0.0869,0.136,0.0,0.391,0.612,159.932,4,j-rock,0.3178495531207982,0,0
399qLycR0H4b1fN0FZTLy5,Balsam Range,Papertown,Any Old Road (Will Take You There),23,206280,False,0.635,0.627,4,-8.103,1,0.0313,0.874,4.55e-05,0.311,0.619,119.529,4,bluegrass,0.3568511546094223,0,1
0MCmBvjVa6Jzo1az3uWghV,Wehbba,Dynamo,Dynamo,42,253880,False,0.644,0.979,7,-7.925,1,0.0531,0.000593,0.844,0.184,0.0383,134.021,4,techno,0.1387279729851673,0,0
7lTWdUAtKRdaRS0UbQD9y7,J Balvin,Noche de Halloween Latino,Morado,2,200666,False,0.881,0.696,11,-3.838,0,0.0797,0.136,4.06e-05,0.0927,0.781,97.002,4,latin,0.20909677896988668,0,0
0uyvc0R0wJ6Fu3E01UtlzJ,Miss May I,Shadows Inside,Shadows Inside,54,236549,False,0.381,0.969,10,-4.956,0,0.141,4.59e-06,1.47e-05,0.143,0.338,179.987,4,death-metal,0.2812353994981406,0,0
42wrGE9uzMGFettCcPThfl,The Beach Boys,Jingle Bell Rock 2022,God Only Knows - Mono / 1997 Remastered,0,173040,False,0.524,0.487,6,-7.525,0,0.0299,0.253,0.0,0.0579,0.482,117.108,4,rock,0.419026465361733,0,1
5tzcReCKuj6qYbQQVS0ehG,UMEK,Cryptic Speech EP,Cryptic Speech - Original Mix,50,354503,False,0.741,0.948,2,-4.822,1,0.0439,0.00398,0.827,0.103,0.177,131.011,4,minimal-techno,0.16409759402994814,0,0
0FkcmHJOsWE80rlpzfT0Pq,Marilyn Manson,God's Gonna Cut You Down,God's Gonna Cut You Down,57,160538,False,0.504,0.754,8,-5.182,1,0.0424,0.139,0.0,0.126,0.583,82.009,4,industrial,0.30086184525251325,0,0
0nSda38ueNMdJgoSkwhC8u,Henrik Janson,Classical Baby Sleep Music,Orchestral Suite No. 3- II. Air on a G String,28,198128,False,0.741,0.0484,8,-18.962,0,0.0596,0.961,0.899,0.107,0.202,117.062,4,guitar,0.41567386800716954,0,1
7DYaCUAbEaQoEcVVOF81BS,Banty Foot;Thunder,#CCC,All The Best For Me,20,167151,False,0.641,0.538,5,-5.208,1,0.0415,0.469,0.0,0.204,0.762,101.894,4,j-dance,0.37026144942877026,0,1
55KYlnsC6nYnr3IykbmJwE,Three Days Grace,Life Starts Now,The Good Life,64,173173,False,0.548,0.911,10,-3.701,1,0.0397,0.000345,0.0,0.23,0.654,128.036,4,grunge,0.22066514153080527,0,0
1PpdWBJtZLDqDncfPOJH3p,Seinabo Sey,REGNIG DAG,Blue,0,143455,False,0.509,0.287,5,-11.02,1,0.0636,0.693,0.0,0.335,0.545,134.254,4,soul,0.44236756977808966,0,1
6hwWPRDh6wL6VsemOZEsl8,Zaunpfahl,Leben ist,Polizisten,39,118413,False,0.384,0.927,9,-4.997,0,0.136,0.188,6.99e-06,0.428,0.479,145.27,4,german,0.3181234303533343,0,0
0bbaUMJLmpkzBpsGN6rjdE,N.O.R.E.;Daddy Yankee;Nina Sky;Gemstar;Big Mato,Latin Urban Christmas Party,Oye Mi Canto,32,240973,True,0.677,0.946,6,-2.887,1,0.0548,0.184,3.73e-06,0.274,0.948,96.011,4,hardcore,0.35538376427965157,0,1
4jQCJchULcVfb3LTjJ5rn1,Bleeding Knees Club,Virginity,Have Fun,28,112640,False,0.149,0.981,9,0.803,1,0.0552,0.0768,0.0872,0.12,0.915,197.893,4,garage,0.4206687359393339,0,1
3Jm1zyEniYRhfjdTuzqqaa,Maurice Ravel;Michael Davis;London Symphony Orchestra;Claudio Abbado,Clásica para los niños de hoy,"Ma mère l'Oye, M. 60: Apothéose: Le jardin féerique",0,223266,False,0.182,0.0436,0,-20.946,1,0.0358,0.908,0.82,0.112,0.0391,100.533,4,classical,0.7348707119543081,1,2
0CDucx9lKxuCZplLXUz0iX,Buena Onda Reggae Club,Disco 2,Song for Rollins,16,219346,False,0.841,0.577,0,-7.544,1,0.0438,0.238,0.86,0.0571,0.843,90.522,4,afrobeat,0.32979543730598043,0,0
4QNnM083UVPRBh6vDZzKTo,BAJOREK,Jestem niewinny,Jestem niewinny,29,195772,False,0.844,0.737,0,-7.398,1,0.0405,0.0584,0.0,0.122,0.954,140.001,4,disco,0.161612074181936,0,0
3ksIpMf8hNYWAyTiMZJ6Xb,MEDUZA;Goodboys,Beginner Ride (Mixtape Vol. 1),Piece Of Your Heart,0,152913,False,0.677,0.744,10,-6.806,0,0.0296,0.0405,0.000153,0.074,0.631,124.077,4,house,0.2373505934351618,0,0
3M9Apu4OZfylLTFKvgEtKa,Tiësto;Jonas Blue;Rita Ora,Ritual,Ritual,67,198995,False,0.647,0.726,3,-4.389,0,0.0552,0.157,0.0,0.0844,0.767,114.996,4,trance,0.2649427723476389,0,0
4g1dMXihqGqrl3LCyvnXhb,Rusko,Everyday,Everyday - Netsky Remix,50,251669,False,0.363,0.934,2,-5.034,1,0.0485,0.000341,0.777,0.329,0.132,173.965,4,dub,0.20816139106667536,0,0
5momcZeBnYAHWzxTxVO0pq,Planet Hemp,Usuário,Fazendo a Cabeça,42,200106,False,0.698,0.73,4,-8.146,0,0.094,0.00786,8.57e-05,0.214,0.537,116.189,4,punk,0.1964568617675216,0,0
3vICQMmq6wjrPrbwsv6wSZ,Александр Цфасман;Владимир Захаров,Александр Цфасман и звёзды советской эстрады,Письмо к любимой,0,171976,False,0.432,0.227,8,-12.213,1,0.0554,0.993,0.00165,0.413,0.282,126.018,4,romance,0.5749213646610151,1,1
2wHTMZwkLbpM6LNkUBs2Xt,Sidhu Moose Wala,Moosetape,Calaboose,60,245200,False,0.747,0.758,11,-6.289,0,0.0742,0.0568,0.0,0.331,0.56,149.776,4,hip-hop,0.2484581940239195,0,0
0JCerv0mCCyf5IBIny6sYh,Dusty Decks,Cue Points,Cue Points,21,145219,False,0.648,0.357,0,-8.105,1,0.0399,0.597,0.835,0.169,0.528,83.084,4,study,0.4385901497504829,0,1
3DjikuHBJ4XGVgKBDjOxzy,Central 3,Estremecem (Ao Vivo),Estremecem - Ao Vivo,40,306689,False,0.266,0.563,9,-7.234,0,0.0333,0.341,7.77e-06,0.26,0.255,147.925,4,gospel,0.3896185027595579,0,1
63zBKEb0jpYXYrasyfGr4S,Rvssian;Future;Lil Baby,GANG GANG - HIP HOP & RAP,M&M,1,192301,True,0.739,0.525,2,-5.52,1,0.386,0.257,0.0,0.111,0.418,139.086,4,latino,0.4142965963180153,0,1
4vuJBFn3pjgac1NPJoVvly,Planetshakers,Greater (Live),It Is Done - Live,41,213523,False,0.5,0.937,0,-4.606,1,0.0886,0.00633,0.0,0.686,0.341,131.988,4,world-music,0.27683355224339146,0,0
7mMkw0JFKnyMS6oGRT6b3O,A.R. Rahman;Shreya Ghoshal,Vinnathaandi Varuvaayaa (Original Motion Picture Soundtrack),Mannipaaya,61,416320,False,0.389,0.485,3,-8.961,1,0.0348,0.7,3.28e-05,0.122,0.249,175.991,4,pop-film,0.4745515482233991,1,1
6T1E8SoRoxLuVvdtGREVY2,Tommyknocker;The Braindrillerz;MC Ghost,Weed song,Weed song,17,219656,True,0.532,0.754,7,-8.811,1,0.0559,0.0199,4.51e-06,0.0636,0.309,95.043,4,happy,0.2974071453847055,0,0
2vVVKj5p0Lb3Kc3Grs37Ls,James Brown,A Very 60s Christmas,Santa Claus Go Straight To The Ghetto,0,181052,False,0.639,0.61,0,-6.101,1,0.0446,0.481,0.0,0.203,0.812,139.608,4,funk,0.3367862430494805,0,0
2c00DlvpzthGKcyXpe5GHa,Omah Lay,Bad Influence,Bad Influence,63,138652,True,0.861,0.508,0,-10.648,0,0.176,0.586,0.323,0.109,0.728,96.909,4,dancehall,0.2905738536959507,0,0
27kGlAZVLGtgbWSuCbxXge,Yoshihisa Hirano,TVアニメ「HUNTER×HUNTER」オリジナル・サウンドトラック,奇術師のバイレ,51,66946,False,0.734,0.724,7,-11.339,0,0.0398,0.679,0.842,0.258,0.85,116.982,3,anime,0.24274766656971253,0,0
65hUTiykNAiAvmGYXazhFJ,Ben Howard,Keep Your Head Up,Depth Over Distance,55,288435,False,0.26,0.279,2,-11.095,0,0.0399,0.845,3.94e-05,0.105,0.0526,74.86,3,british,0.6362910895000853,1,2
6vrGww8fPiozHDppz2MbIi,Pushpavanam Kuppusamy;Swarnalatha,Ethirum Puthirum,Thottu Thottu,56,284289,False,0.667,0.917,2,-6.316,0,0.0779,0.0973,0.000669,0.116,0.54,95.039,4,pop-film,0.22647305895843295,0,0
1qAf32OMadEU2tBBKigIbB,Massacre,El Mamut,La Octava Maravilla,41,290613,False,0.289,0.837,8,-3.284,1,0.0428,0.00671,2.59e-05,0.388,0.24,175.965,4,punk-rock,0.3740332286961652,0,1
3AedlLCGKNhQdhtLzObIbR,Daddy Yankee,Queda poco para la PAES 2.0,Pasarela,0,193733,False,0.839,0.907,9,-4.259,1,0.0453,0.101,0.0,0.332,0.737,121.048,4,latin,0.1958150751131979,0,0
5W3ih1h8VhaLDIvwgMIRvQ,GLAY;EXILE,EXTREME BEST,SCREAM,35,327120,False,0.596,0.927,7,-3.962,1,0.0546,0.0294,0.0,0.0708,0.588,108.043,4,j-pop,0.24851023959412905,0,0
4nFXgBdbnvwxaSHKFLimML,Sam Smith,JULMYS,Have Yourself A Merry Little Christmas,0,170964,False,0.438,0.178,5,-9.402,1,0.0414,0.957,1.1e-06,0.316,0.344,75.25,1,pop,0.6743118255984815,1,2
0UNsQBNr5xCp9ccjNZKxMy,White Noise for Babies,Rising Sun,Midnight Sounds,0,206000,False,0.0939,0.746,0,-19.883,1,0.157,0.945,0.98,0.196,0.035,88.947,3,sleep,0.6666522739760301,1,2
4bcTGxE7oljiiStL4jItFB,WANIMA,COMINATCHA!!,宝物,32,230326,False,0.608,0.821,1,-3.482,0,0.0379,0.0174,0.0,0.155,0.482,102.562,4,j-rock,0.24723788938116906,0,0
4bWlQ8IMyy3PMZt88rTVQC,Milky Day;frad;Hayne,You'll Be Alright,You'll Be Alright,61,199016,False,0.708,0.461,5,-12.25,1,0.0288,0.165,0.000869,0.0865,0.592,92.015,4,chill,0.3476861399601602,0,0
29A4wZq3zu5SiliT3BbwIR,BOØWY,JUST A HERO,BLUE VACATION,39,216213,False,0.591,0.959,6,-6.325,0,0.0503,0.183,0.00511,0.399,0.896,170.196,4,j-pop,0.21398886552676677,0,0
5XZZE1pniUcNCFHgDIdFnZ,KSHMR,Anywhere's Home,Anywhere's Home,58,177436,False,0.695,0.845,7,-5.026,1,0.0363,0.0465,1.16e-06,0.117,0.456,124.02,4,progressive-house,0.10416235329847723,0,0
1kcNUj4udKEFesxdclbh8n,C AllStar,此刻無價 C AllCollection,再不再見,49,255013,False,0.549,0.692,0,-5.336,0,0.0315,0.379,0.0,0.0853,0.341,143.905,4,cantopop,0.27198706918465365,0,0
3nJtKV23cLqdMzurBX49Tq,Håkan Hellström,Det är så jag säger det,Det är så jag säger det,43,298426,False,0.236,0.571,2,-7.986,1,0.0348,0.574,2.91e-05,0.0867,0.269,139.113,4,goth,0.4201231819850693,0,1
5zwz05jkQVT68CjUpPwFZe,Nas,Illmatic XX,N.Y. State of Mind,60,293973,True,0.665,0.91,6,-4.682,0,0.223,0.0394,0.0,0.227,0.887,84.099,4,hardcore,0.2467379615392552,0,0
3H9gYJcdtqeUiM8WX8YrZz,Wilfred Lau,Stat UP,思覺失調,56,205933,False,0.627,0.409,8,-7.355,1,0.0291,0.66,0.0,0.181,0.381,135.989,4,cantopop,0.2989463956252096,0,0
2MwjcKcekaSQyecQVkmGEw,Hu Xia,"那些年,我們一起追的女孩 電影原聲帶",那些年,50,371080,False,0.531,0.566,5,-6.427,1,0.0273,0.226,0.0,0.112,0.182,79.066,4,mandopop,0.2548093047453015,0,0
7pXmtwVyhjReFkbb5MiEn0,Daniela Rathana,REGNIG DAG,Full av mig själv,0,199812,True,0.488,0.604,9,-6.465,1,0.0525,0.0421,0.0,0.242,0.32,71.378,4,swedish,0.4381196477920283,0,1
6Xs9eaQXZaKfPkEyETxNl6,Ludovico Einaudi;Amsterdam Sinfonietta,Elements (Deluxe),Night,56,330573,False,0.21,0.179,3,-15.954,1,0.0341,0.962,0.934,0.103,0.06,106.705,4,ambient,0.6561704576290887,1,2
6Gllp2FbLgIKa8akyWqINw,CKY,An Ånswer Can Be Found,Don't Hold Your Breath,23,242520,False,0.353,0.671,7,-8.974,0,0.0389,0.121,0.279,0.166,0.305,149.603,3,industrial,0.447072048856005,0,1
4eTIe5eqds88bA9ua6p5p6,Seether,Disclaimer,Fine Again,66,243640,False,0.442,0.855,6,-2.985,0,0.0288,0.00049,0.0137,0.273,0.363,175.543,4,grunge,0.2522680600522368,0,0
0UzymivvUH5s8z4PeWZJaK,ENHYPEN,BORDER : CARNIVAL,FEVER,77,172106,False,0.6,0.713,6,-5.079,0,0.0592,0.0642,0.0,0.142,0.471,72.999,4,k-pop,0.2843350354293888,0,0
5LhYkWANI4MXK2pvYDSmWx,Dope Ammo;Jasmine Knight;Porky Paul,Who Do You Think You Are,Who Do You Think You Are,27,186857,False,0.436,0.972,10,-2.589,0,0.0782,0.0381,0.0642,0.581,0.434,174.894,4,drum-and-bass,0.318942493734253,0,0
6hVLkc1612BQeD6EQFKECm,Şanışer,Live Sessions (Sezon 1),Belki - Live,40,205640,False,0.513,0.339,4,-11.336,0,0.0321,0.0414,0.0,0.158,0.305,140.462,4,turkish,0.4537032442801917,1,1
56GJxhcvwYasH2PBCSar6X,Carajo,Frente a Frente,Traccion a Sangre,32,210720,False,0.42,0.914,7,-4.773,0,0.169,0.00231,0.0,0.0766,0.253,171.975,4,heavy-metal,0.27537350702838487,0,0
77PruZJPEZJ3zCFXc9ngha,Don Omar,Perreo Tenebroso Vol. 1,Bomba,0,173306,False,0.661,0.576,6,-6.025,0,0.485,0.026,0.0,0.0623,0.924,123.425,5,latino,0.3549655759995115,0,1
0lwDL9QrfOlSjYtTjiMCvH,Los Fabulosos Cadillacs,El Arte de la Elegancia de LFC,Surfer Calavera,36,183946,False,0.446,0.844,11,-5.206,0,0.039,0.0516,0.000186,0.187,0.894,146.361,4,ska,0.27665251267872,0,0
3VqylojwMOf3uYSBHoOR88,Vladimir Troshin,"Moscow Nights: Popular Russian Hits, Vol. 1 (CD edition)",Have Some Feeling for the Lad,9,135266,False,0.643,0.17,6,-19.167,0,0.0485,0.948,0.127,0.0806,0.622,93.793,4,romance,0.6125743373088821,1,2
2DCPy4g8lxYR2e22vhYBxx,Fairmont,Plastic Head TV,Plastic Head TV,35,408869,False,0.81,0.42,8,-9.689,1,0.0585,0.00349,0.547,0.108,0.0362,123.008,4,minimal-techno,0.19543019388335486,0,0
2aewgnU4FvXgiML6qKLkJW,La Ley,Rock un sentimiento vol. I,Solo Ideales,0,293853,False,0.709,0.392,9,-17.241,0,0.0369,0.193,0.734,0.0631,0.951,124.074,4,alt-rock,0.3166789430263277,0,0
3cbV252akVZInSvJk7jAYX,Irene Cara,What a Feelin',Flashdance...What a Feeling - Radio Edit,72,237053,False,0.572,0.654,7,-7.027,0,0.0344,0.0058,3.21e-06,0.09,0.399,122.491,4,disco,0.1440769253982994,0,0
5i9LPBnEwrIfikYwASnXjB,White Ward,Debemur Morti,Debemur Morti,17,547384,False,0.14,0.922,4,-7.429,0,0.161,0.000197,0.355,0.0883,0.0398,63.718,4,black-metal,0.38555619472822916,0,1
77NNZQSqzLNqh2A9JhLRkg,Journey,The Essential Journey,Don't Stop Believin',72,248906,False,0.491,0.802,4,-7.106,1,0.0392,0.25,0.0,0.387,0.472,119.25,4,hard-rock,0.3160712250450908,0,0
1Lzd3JpXJZrvRAQMSDRuCI,Bobby Steggert;Norbert Leo Butz,Big Fish (Original Broadway Cast Recording),This River Between Us (Bonus Track),23,177133,False,0.44,0.467,9,-7.792,0,0.0422,0.785,0.0,0.181,0.288,141.066,4,show-tunes,0.5185805090986788,1,1
2wZxzBlwt89epiawMTmDfM,The Pogues;Kirsty MacColl,Perfect Christmas Hits,Fairytale of New York (Edit) - Radio Edit,0,275896,False,0.38,0.346,2,-14.313,1,0.0417,0.648,0.000139,0.0511,0.358,117.916,3,folk,0.46576330448114434,1,1
77VqW84V88aKD8Bi8CzEsP,Gorgon City;DRAMA,Olympia,You've Done Enough,61,212893,False,0.676,0.782,0,-6.639,1,0.0344,0.0147,0.165,0.704,0.519,125.057,4,deep-house,0.3574572386813573,0,1
1kAkUHFb7ryeVkVSRD6Nkj,Kina;yaeow,Wish I Was Better,Wish I Was Better,65,140571,False,0.732,0.304,0,-13.086,0,0.111,0.747,6.13e-05,0.143,0.185,139.965,4,sad,0.44095640760922317,0,1
5oxgJ11gdrhLGX4y8YTaVL,Rob Cantor,Disney Junior Music: Lullabies Vol. 2,I've Been There Buddy,32,83640,False,0.56,0.179,0,-13.172,1,0.0361,0.944,0.805,0.0837,0.408,144.114,4,disney,0.4560004929240348,1,1
1ylzRbRcouAgM8iZF4SqCK,DJ Flex,Amaka,Amaka,15,188844,False,0.821,0.824,5,-5.971,0,0.0334,0.412,0.871,0.11,0.692,119.006,4,club,0.27885926011955525,0,0
0CoYJSj7z3XiUqyIyxY0hO,Consciência Humana,Entre a Adolescência e o Crime,Lei da Periferia,43,441493,True,0.702,0.586,8,-9.211,0,0.302,0.469,0.0,0.159,0.82,73.581,4,r-n-b,0.44167038841869904,0,1
2XWjPtKdi5sucFYtVav07d,Zedd;Katy Perry,365,365,66,181899,False,0.745,0.693,2,-5.479,0,0.034,0.339,0.0,0.123,0.248,98.039,4,techno,0.2461609916940771,0,0
2UK4qw712yzFh8vYYJGv2B,Rammstein,Zeit,Schwarz,64,258108,True,0.559,0.77,10,-5.604,1,0.0319,0.0534,0.00127,0.135,0.145,127.008,4,industrial,0.17915244299235683,0,0
4QBuC8RxPzFPHPryVdnF0m,Fitz and The Tantrums,All Out Alternative,HandClap,0,193253,False,0.634,0.836,8,-3.004,1,0.0427,0.00609,0.000157,0.0828,0.715,139.957,4,indie,0.2443485860890757,0,0
0hn1lhRCoTKN0XWKDqsZQZ,Zodiac Wave;IB,Emptiness,Emptiness,59,253100,True,0.619,0.332,5,-13.864,1,0.0243,0.769,0.00551,0.069,0.645,83.023,4,indian,0.4001918564108951,0,1
3TLXje8bgwjb5gCjUMtDy1,Craig Xen;XXXTENTACION,Broken Kids Club,RUN IT BACK!,54,126798,True,0.867,0.403,6,-8.996,0,0.274,0.0535,7.73e-06,0.185,0.38,138.001,4,emo,0.2479604660350596,0,0
6Qd7XC9csaFz3dogXXhrVM,Wage War,Manic,Relapse,57,179266,False,0.496,0.962,1,-4.087,1,0.11,0.000188,4.76e-05,0.306,0.174,112.53,4,metalcore,0.32342058129292506,0,0
3g9HTGAC5dUTY1wtGlN9Yw,Grupo Sensação,Pra Gente Se Encontrar de Novo,Pra Gente Se Encontrar de Novo,47,202710,False,0.619,0.58,5,-10.59,1,0.0405,0.347,0.0,0.158,0.655,138.934,4,pagode,0.30169034403442957,0,0
5nLBO2AfaqbD978cz62oa6,"Santanna ""O Cantador""",Forró Popular Brasileiro,Se Tu Quiser / Quando Tu Ficar Cheirosa (Poema Incidental),40,214733,False,0.641,0.628,5,-6.083,1,0.0319,0.334,0.0,0.157,0.963,163.863,4,forro,0.2287296232051979,0,0
2EgXhbQ9SliIgqWbB4JYHW,Excision;Sullivan King,Onyx,Our Fire,51,259401,False,0.386,0.739,2,-2.367,0,0.0384,0.033,2.23e-06,0.241,0.0666,75.023,4,dubstep,0.3128868299001142,0,0
0cpq28309jfgmz8HKLqjJB,William Luna,Hasta el Final,Negra del Alma,28,191960,False,0.728,0.702,7,-4.803,1,0.055,0.324,0.00104,0.108,0.936,83.962,4,guitar,0.2862493355319466,0,0
2XcSvY0Ms2eciJNtrlTRKw,Kasalla,Us der Stadt met K,Kumm mer lääve,40,263146,False,0.349,0.927,1,-2.968,0,0.0432,0.00639,0.0,0.208,0.542,165.911,4,german,0.336012345507679,0,0
4b4ETAnCPzuL71IhujRpdW,Bryan Adams,Del gusto de mamá,Let's Make A Night To Remember,0,378906,False,0.47,0.621,0,-6.763,1,0.0253,0.206,0.000725,0.135,0.396,175.906,4,singer-songwriter,0.35300361498630345,0,1
2A98i9soxcUp1Dukrsr6mI,Miguel Llobet Solés;Suzannah Bee,El Noi de la Mare,El Noi de la Mare,27,143730,False,0.445,0.217,7,-20.814,1,0.0407,0.965,0.874,0.111,0.168,90.835,3,guitar,0.5106084508449446,1,1
6Hiy6GXkTsVDRUHmn2dBUj,Tatiana,Peligro En El Elevador,Me Voy A Enamorar,29,191066,False,0.637,0.591,11,-11.325,0,0.0306,0.169,0.0,0.636,0.754,134.756,4,children,0.3788998291612613,0,1
7vKfym6hgeJxxyyVpiXBBX,Martin Garrix,Animals,Animals,62,303040,True,0.676,0.858,1,-6.698,1,0.0391,0.00148,0.673,0.307,0.0371,128.011,4,edm,0.16106280978717027,0,0
3fM4uF5RuWugpR29Ue9HHy,Coti,Triste Hora,50 Horas,0,213626,False,0.596,0.906,1,-5.654,0,0.046,0.04,0.000184,0.285,0.746,122.045,4,spanish,0.233371597709029,0,0
3dPR1lBLNDl1kY0oIxF7FU,Wasuta,我々はネコである。,空とサカナ,19,218800,False,0.523,0.844,8,-2.894,1,0.0666,0.142,0.0,0.267,0.682,167.98,4,j-idol,0.3179577374175619,0,0
0nS2xf6yooLnSAthClLCDi,TWOPILOTS;De Hofnar;Kav Verhouzer,If You Had My Love (Kav Verhouzer Remix),If You Had My Love (Kav Verhouzer Remix),71,158536,False,0.73,0.699,10,-7.332,0,0.0434,0.0401,2.94e-06,0.129,0.624,122.968,4,french,0.17641159153537175,0,0
2Bq81wqnLtbfhi0x2KYBcO,Zombie Girl;Sebastian Komor of Icon Of Coil,"Blood, Brains & Rock 'N' Roll","Blood, Brains & Rock'n Roll",21,267626,True,0.501,0.88,6,-7.465,1,0.0517,0.00845,0.57,0.103,0.141,137.971,4,industrial,0.2954070525260361,0,0
7k2Gfx7sRbecp29SQuNWXv,"Tito ""El Bambino""",Queda poco para la PAES 2.0,"Sol, Playa Y Arena",0,188320,False,0.823,0.656,5,-6.141,0,0.11,0.257,0.0,0.329,0.713,94.038,4,reggaeton,0.311637796292947,0,0
57xQRVkK1BB4JePQOqL6Xh,La Roux,Trouble In Paradise,The Feeling,25,246179,False,0.598,0.625,0,-9.256,1,0.0427,0.026,0.000112,0.12,0.319,125.652,4,synth-pop,0.21777837618731385,0,0
5RtsmtLsEnwa96TEf56tJQ,Masayuki Suzuki;すぅ,GIRI GIRI,GIRI GIRI,61,258765,False,0.78,0.889,11,-4.053,1,0.0351,0.223,0.0,0.0484,0.961,127.993,4,j-pop,0.1392794421272752,0,0
4K1ws716I10MEseMPX1uAl,Drexciya,Journey of the Deep Sea Dweller IV,Unknown Journey VII,14,258273,False,0.547,0.81,8,-8.114,1,0.0464,0.0205,0.00628,0.102,0.397,121.564,4,detroit-techno,0.2991186427842202,0,0
5pDwjmDQQS8xv3FcYMjOSI,The Temptations,Fiesta temática 60s,Let It Snow,0,215480,False,0.452,0.457,0,-9.66,1,0.0287,0.28,3.59e-05,0.127,0.286,128.518,4,soul,0.43193564160423764,0,1
5NSdMmd2LnvgDcpLiKeKeD,Falling In Reverse,Fashionably Late (Deluxe Edition),Bad Girls Club,61,221730,True,0.533,0.924,2,-2.697,1,0.154,0.0139,0.0,0.487,0.756,174.002,4,metalcore,0.24426474823505648,0,0
7ArVzlFsFsQXNseVXmdOyk,Denise Julia,NVMD,NVMD,79,181224,True,0.758,0.674,6,-4.533,1,0.108,0.0903,0.0,0.0902,0.424,97.977,4,chill,0.18751060321998156,0,0
4XllG9XnknhPfUIekpeZuX,Havoc Mathan;Havoc Naven,Best of Havoc Brothers,Kathal Tappu Tavaru,27,173186,False,0.78,0.773,10,-5.882,0,0.207,0.175,0.0,0.0878,0.557,95.964,4,malay,0.28885502782040295,0,0
2ZUyxzeqj11CBJwZbnYgb8,Neon Trees,Rock Workout 2023,Everybody Talks,1,177280,False,0.474,0.916,8,-3.93,1,0.0624,0.00504,0.0,0.325,0.745,154.948,4,alternative,0.3052833361282482,0,0
4l8RhqkuZa78jaquy24K8m,Melanie Martinez,New Pop Classics,Pacify Her,0,220013,False,0.576,0.593,9,-6.024,0,0.0305,0.0459,0.000834,0.237,0.366,157.993,4,electro,0.32938505802381335,0,0
7aPGbYjbgft9MPkUm8bTQQ,Jesse Rice,The Pirate Sessions IV,Boca Ciega,20,226384,False,0.633,0.597,7,-7.583,1,0.0343,0.373,1.22e-06,0.102,0.708,76.993,4,guitar,0.38432057935705105,0,1
4ZAfKSyIX6YuW8sAceC3bf,Antigama,Whiteout,Unclear Conversions,11,111186,False,0.39,0.995,9,-5.372,1,0.142,1.54e-06,0.941,0.306,0.176,132.915,4,grindcore,0.36539862195277834,0,1
0aSdsoufzNzGKFkRTkBYzM,Gunz For Hire,Bella Ciao,Bella Ciao,52,198271,False,0.345,0.954,10,-1.337,0,0.181,0.0143,0.0,0.11,0.246,77.411,4,hardstyle,0.3340802634459627,0,0
5tJqtSvAfTJkMrV4Wst4Le,Prateek Kuhad,cold/mess,100 words,52,210420,False,0.518,0.44,3,-14.536,1,0.034,0.888,0.457,0.111,0.575,76.154,4,songwriter,0.4005532843470685,0,1
4ogKG8W4iXhZ7DijimF3Tl,ZABO,Sacrifice,Sacrifice,29,240000,False,0.556,0.771,6,-6.065,0,0.148,0.00215,0.000691,0.116,0.0753,105.006,4,club,0.2953633368345737,0,0
2P8ruXnV0coLc7dAa93ZPy,The Meteors,Teenagers from Outer Space,My Daddy Is a Vampire,23,219333,False,0.37,0.683,6,-9.647,0,0.0282,0.142,5.28e-05,0.279,0.271,95.955,4,rockabilly,0.3300783847693578,0,0
12zekfTE19F1o8kPAKieSa,Ferry Corsten,Armada Music - ADE 2022,You Can't Stop Me,0,189843,False,0.551,0.958,7,-4.764,1,0.0395,0.00159,0.00563,0.328,0.366,124.993,4,progressive-house,0.28058514348643787,0,0
0Z2J91b2iTGLVTZC4fKgxf,2Pac;Outlawz,Greatest Hits,Hit 'Em Up - Single Version,81,312626,True,0.916,0.844,7,-3.967,1,0.236,0.0394,0.0,0.0778,0.586,95.19,4,funk,0.12599539119280198,0,0
5XfOuwibC4Ch4RKyYeQ5Dm,Roberto Carlos,Pra Sempre Em Espanhol - Vol. 2,El Amor y La Moda (O Amor e a Moda),42,228906,False,0.529,0.524,8,-6.522,0,0.0334,0.814,0.0,0.312,0.74,132.339,4,mpb,0.4632316083895435,1,1
015ASDUjzFvQrKgVI23aki,The Infamous Stringdusters,Silver Sky,Night on the River,24,213226,False,0.492,0.681,7,-6.292,1,0.0269,0.46,0.00498,0.192,0.67,108.824,4,bluegrass,0.35445300025893983,0,1
2z1DR0bNunlqbO3uPRwvYD,Glee Cast;Kate Hudson,Glee: The Music presents Glease,There Are Worse Things I Could Do (Glee Cast Version) (feat. Kate Hudson),48,141560,False,0.406,0.494,7,-5.84,1,0.0332,0.561,0.0,0.123,0.223,99.854,3,club,0.47601027534431434,1,1
3l3xTXsUXeWlkPqzMs7mPD,Boyz II Men,Cooleyhighharmony (Bonus Tracks Version),End Of The Road,71,351466,False,0.64,0.427,5,-9.29,0,0.0241,0.0664,0.0,0.0579,0.529,149.703,3,r-n-b,0.2896126005164294,0,0
5fIYAGwzMDXx9RjQgD9K0h,Pedro Laurenz;Alberto Podestá,Presentando a Pedro Laurenz,Garúa,20,189120,False,0.612,0.277,4,-8.057,0,0.0462,0.98,0.216,0.15,0.724,121.822,4,tango,0.49053930368920806,1,1
0zRsByaebl5MgRe51RP6uE,A Dama,Sóca Fofo,Sóca Fofo,54,112941,True,0.774,0.537,6,-11.277,0,0.17,0.387,0.0,0.306,0.759,123.448,4,pagode,0.4076872065548805,0,1
6aaN2LMboLIyNlo7XmPIrP,Mr Eazi;Falz;Major League Djz;DJ Tarico;Joey B,Patek (Remix),Patek (Remix),0,182029,False,0.848,0.724,1,-6.595,0,0.0362,0.0289,0.000847,0.0666,0.479,112.995,4,dancehall,0.2317133572178268,0,0
0ZeKKLfap5XNwLmKIjnPpx,Tony O'Connor,Kakadu,Shapes of Mystery,24,662266,False,0.392,0.601,5,-18.688,1,0.0805,0.889,0.709,0.888,0.375,103.851,4,new-age,0.4665308160988961,1,1
1VDnY8UOAqr3ugFaJWFTYh,Lasse Stefanz,I ett fotoalbum,Är det kärlek du behöver,38,192146,False,0.666,0.824,1,-8.59,1,0.0283,0.438,2.34e-05,0.135,0.966,146.23,4,swedish,0.2750061443670954,0,0
6Y5jYLQDocLm5e4RzyPgDb,The Ocean Blue,Cerulean,Marigold,23,186826,False,0.675,0.452,2,-11.492,1,0.0392,0.0149,0.284,0.0714,0.971,127.901,4,synth-pop,0.27701442206976357,0,0
4JiBM7PxbGj72EtgYvspmG,Tres Demented,Sessions,Demented (Or Just Crazy) - Original Version,8,485541,False,0.484,0.838,10,-16.897,0,0.0668,0.00509,0.648,0.293,0.253,127.993,4,detroit-techno,0.3755238153348938,0,1
2y7b6A4hhl3ysYlU2kztGD,Viva Suecia,El Bien,El Bien,54,206226,False,0.264,0.875,9,-3.222,1,0.0551,0.00208,0.00771,0.176,0.403,64.319,4,spanish,0.35325377953537257,0,1
5vW5AHNZDIJ6fmj0cBS0WV,Unodavid,Hypnotized,Hypnotized,61,130485,True,0.811,0.508,10,-9.978,1,0.0499,0.0466,0.0,0.0906,0.0719,102.962,4,sad,0.20655334006205306,0,0
0I75DOENhkPTBpavd8VJgW,Feid,Noche de Halloween Latino,Normal,3,171880,True,0.709,0.56,4,-4.867,0,0.171,0.034,0.0,0.315,0.541,170.082,4,latin,0.3512377028479555,0,1
1ajmDbaiiibRPxiXUSMGlg,Wolfgang Amadeus Mozart;Mao Fujita,Mozart: The Complete Piano Sonatas,"Piano Sonata No. 8 in A Minor, K. 310: III. Presto",13,178760,False,0.474,0.159,9,-19.083,0,0.0449,0.993,0.898,0.0872,0.585,103.512,4,classical,0.5781258281317774,1,1
5xLfQuX5YAfog2JgPz0dpA,The Cars,The Cars,Moving in Stereo,57,286106,False,0.718,0.543,4,-11.238,1,0.0372,0.0606,0.0988,0.0646,0.37,115.522,4,power-pop,0.28562524368517905,0,0
1zu2GKHPJIsUu80SUJX4H4,Alec Benjamin,(Un)Commentary,Devil Doesn’t Bargain,80,163613,False,0.448,0.606,3,-4.565,1,0.0609,0.577,0.0,0.217,0.483,121.15,4,electro,0.422082419436951,0,1
0wpJR7m3gGrywZbmG20Oai,Barreracudas,Can Do Easy,Promises,25,182013,False,0.324,0.936,10,-5.967,1,0.129,0.0185,0.000224,0.0782,0.899,164.402,4,garage,0.33243271092490323,0,0
6aGaVn5i4A5MZCxJ1WrlIc,Malon,Serie De Oro,Espiritu Combativo,26,226200,False,0.233,0.857,0,-6.5,1,0.0696,0.000211,8.14e-05,0.0651,0.411,66.018,4,heavy-metal,0.4128858276184225,0,1
4LOmO4DYEYqZmVuNWYvoB5,Gilberto Santa Rosa,Expresion,Si Los Hombres Han Llegado a La Luna,29,295293,False,0.727,0.794,5,-7.988,1,0.0424,0.276,0.0,0.303,0.915,99.411,4,salsa,0.2867971607745555,0,0
2KP76NyUIH8XNvWa84lRPi,BURNOUT SYNDROMES,ヒカリアレ,ヒカリアレ,47,244800,False,0.311,0.944,7,-1.734,1,0.14,0.0116,0.0,0.383,0.398,177.948,4,j-pop,0.28907344084098896,0,0
5IE9m0dNaRoVbdYUeRTkSl,Joris Voorn,Four,Mano,14,252053,False,0.719,0.553,1,-12.137,0,0.0404,0.433,0.895,0.108,0.207,126.023,3,techno,0.33109888926988484,0,0
69UCsdTNjYAgot1sIjviwD,Mother Goose Club,Mother Goose Club Sings Nursery Rhymes Vol. 5: Rhyme Around the Rosy,Mr. Sun,56,98857,False,0.756,0.587,4,-5.142,1,0.0286,0.409,0.0,0.247,0.893,89.018,4,children,0.40237411277151275,0,1
27sqBDytiRE42WplwCLrj7,Daddy Yankee,Reggeaton Imperdible,RUMBATÓN,5,248768,False,0.685,0.909,3,-4.034,0,0.0396,0.0471,0.0,0.35,0.922,95.004,4,latin,0.2826446953163637,0,0
3lSOZb5rruEnFbe9xWELF6,Fabrizio Paterlini,Fragments Found,Rue des trois frères,65,111442,False,0.348,0.169,1,-18.45,1,0.0413,0.959,0.889,0.1,0.107,138.877,3,ambient,0.6396554126028647,1,2
6adqtz7Gy38l5RZ48T2wJZ,Mc Kako;MC Marks;Pêpa Beatmaker,Muita Fé,Muita Fé,50,234084,False,0.694,0.46,6,-8.402,0,0.0699,0.358,0.0,0.089,0.162,141.917,4,funk,0.34218394489216003,0,0
5kM8weDoNhadBDZyZ4tfq8,Michael Ray,Burn Burn Burn - Hot Country Hits,Time Marches On (The Bootlegger Sessions),0,162533,False,0.84,0.507,5,-7.251,0,0.0304,0.29,0.0,0.241,0.703,117.947,4,country,0.3002227889852913,0,0
7p2bX5VCmu945fb3NGdgud,Dub Pistols;Rodney P,Speakers and Tweeters,Something to Trust,13,211146,False,0.765,0.657,2,-7.779,1,0.157,0.356,0.0,0.107,0.595,95.995,4,breakbeat,0.2943754342547283,0,0
687iFXYr1oiwT8c4RuW1jk,Novo Som;Lívia Gavazzi,Novo Som 25 Anos: Escrevendo Histórias... (Ao Vivo),Nossa Historia - Ao Vivo,31,294413,False,0.168,0.491,2,-9.047,1,0.0295,0.151,1.99e-05,0.806,0.224,180.124,3,groove,0.46093400680772256,1,1
71luKQBz27ZRIIwNdaYSOf,Portishead,Halloween & Chill,Roads,0,303973,False,0.609,0.293,9,-11.836,0,0.0761,0.778,0.168,0.106,0.193,76.11,4,trip-hop,0.42782626622636716,0,1
1KHKeIouP04dDtl0EetgED,A Day To Remember,Homesick,The Downfall Of Us All,70,209093,False,0.588,0.881,0,-4.62,1,0.0666,0.000252,0.0,0.326,0.709,129.947,4,metalcore,0.1805905647491848,0,0
0pjFg3uppmooqP1yqPBhZk,Kav Verhouzer;Madism;imallryt,Hooked,Hooked,53,167213,False,0.654,0.767,0,-6.307,1,0.0523,0.125,0.0,0.0838,0.404,122.017,4,deep-house,0.2528654399824797,0,0
4SrXpaZtMokUhhFkgzDMpK,Onze:20,A Nossa Barraca,Não Vai Voltar,53,239072,False,0.641,0.617,5,-7.411,0,0.0307,0.413,0.0,0.112,0.941,139.942,4,reggae,0.3550322170741028,0,1
7dJP4ns1P10f7m1jt0cWeX,Tubeway Army,Cario The Ultimate Fantasy Playlist,I Only Rewind,0,250026,False,0.627,0.704,0,-8.415,1,0.0497,0.0458,0.0859,0.113,0.781,141.891,4,synth-pop,0.2248893266487414,0,0
4h1ZTkXUtAmWSlpmTu5PMk,Trampled by Turtles,Life is Good on the Open Road,Life is Good on the Open Road,31,203026,False,0.376,0.376,4,-8.389,1,0.0281,0.33,0.000105,0.128,0.381,107.41,4,bluegrass,0.4461457839798128,0,1
6CHYyL3462Y2Bb2uWIIBkE,Chema Rivas,Algodón de azúcar,Algodón de azúcar,65,168000,False,0.785,0.732,1,-3.976,0,0.0377,0.248,0.0,0.298,0.64,99.967,4,spanish,0.1562107350571859,0,0
1fUacP7XP697l6ry01oO4d,Bring Me The Horizon,Sempiternal (Expanded Edition),Antivist,56,193640,True,0.494,0.99,7,-2.28,1,0.176,2.01e-05,0.0,0.127,0.283,136.995,4,metalcore,0.26665456957145794,0,0
2rlpzC6hz1VW9Quaz3ihHI,Mickie Krause,Layla sitzt dicht im Flieger,Geh mal Bier hol'n - GmBh,0,187053,False,0.612,0.997,1,-2.524,1,0.204,0.0185,0.0,0.335,0.545,139.989,4,party,0.2841515736008942,0,0
0xCnwK4oewiyRMMM1QXR3d,Rashid Beibutov,Azerbyjan,Soda (Torkey Estanboli),5,262295,False,0.551,0.494,9,-11.164,1,0.0496,0.938,0.000934,0.339,0.592,118.149,4,romance,0.5205006665245043,1,1
2y6jrNLONfSqjacoyXfcCe,Hi-STANDARD,ANOTHER STARTING LINE,ANOTHER STARTING LINE,34,246706,False,0.524,0.969,5,-3.364,1,0.0403,0.000502,8.66e-05,0.0707,0.804,150.041,4,j-rock,0.3144095775047878,0,0
5mblm2qeUbMbsDNsIE5OQi,Cássia Eller,Acústico (Ao Vivo),1º De Julho - Ao Vivo,45,292306,False,0.32,0.878,7,-5.771,1,0.0909,0.538,0.0,0.665,0.509,170.064,4,brazil,0.3847879440973325,0,1
0UXYMQHbVhzy477hxrEVUe,Pense,Além Daquilo Que Te Cega,Gota a Gota,30,145043,False,0.504,0.996,6,-3.836,1,0.136,7.75e-06,0.000248,0.21,0.218,112.466,4,hardcore,0.20241075511475082,0,0
58W0qvadgkqy1AqYEYl9m7,Fleetwood Mac,u don't deserve me,Landslide - 2018 Remaster,0,200413,False,0.428,0.292,7,-15.157,0,0.0307,0.859,0.00105,0.191,0.508,159.757,4,rock,0.47618968989413674,1,1
1y0gnbaFQBZVlVNJ16cvbB,Afrojack;Black V Neck;Muni Long,Beats Electro Mood,Day N Night,0,179199,False,0.709,0.871,5,-4.126,0,0.175,0.134,0.0,0.316,0.667,125.94,4,electro,0.2568268899375382,0,0
0Yld4eVEV6rBvpijVU2s6l,Pritam;Arijit Singh,Dangal (Original Motion Picture Soundtrack),Naina,66,225750,False,0.501,0.445,6,-8.432,1,0.0337,0.772,0.0,0.117,0.388,80.086,4,indian,0.4176057111724591,0,1
4t53NE3uBLkTwW9rUgiHC8,Karen Mok,呼吸有害,呼吸有害,50,192196,False,0.604,0.622,2,-6.568,1,0.0465,0.498,0.0,0.128,0.195,77.981,4,mandopop,0.3165310454671223,0,0
6Ck0qJFmeNMp3EvLuK8cux,Ryan Sickler,Above Ground Cool,Masturbating In Bunk Beds,22,102702,False,0.423,0.958,9,-5.639,0,0.834,0.861,0.0,0.862,0.451,86.051,3,comedy,0.5928086680702425,1,1
3YcM62cCaGGlf25Rr1TujM,rasya,You Up?,You Up?,46,118588,False,0.631,0.277,4,-13.779,1,0.0332,0.275,0.898,0.116,0.166,85.029,4,study,0.3521339138864591,0,1
53doONzxweYRP5eoDXWut4,Il Divo,Siempre,Caruso,23,235760,False,0.247,0.506,1,-7.998,0,0.0379,0.739,0.00163,0.0774,0.184,85.528,4,opera,0.5668087312530476,1,1
0FoAlOXHI6KJ4RHP9v8jnw,Guru Randhawa;Dhvani Bhanushali,Baby Girl,Baby Girl,59,207493,False,0.815,0.801,7,-4.271,0,0.143,0.229,1.14e-05,0.0762,0.533,96.473,4,hip-hop,0.2804086943970394,0,0
1E5HgkRXPToIFhFeMn4JSx,DJ Snake;Justin Bieber,Fiesta de disfraces vol. II,Let Me Love You,0,205946,False,0.475,0.715,8,-5.371,1,0.058,0.0863,2.67e-05,0.135,0.159,199.892,4,electro,0.36169899995996113,0,1
6xsGllAEwkmF4SSDwdpmMt,Major Lazer;Justin Bieber;MØ,Major Lazer Essentials,Cold Water,58,185351,False,0.608,0.798,6,-5.092,0,0.0432,0.0736,0.0,0.156,0.5,92.946,4,house,0.2090859051575281,0,0
5hhhrZMKz1NEZM7jRWufbf,Frank Turner,West Coast vs. Wessex,Bob,30,188952,True,0.415,0.713,0,-5.529,1,0.0345,0.0555,0.0,0.0811,0.361,83.69,3,acoustic,0.3985072069445013,0,1
6AshXllQhobwSXsdpgp41w,Benny The Butcher;J. Cole,Johnny P's Caddy,Johnny P's Caddy,63,225000,True,0.535,0.819,8,-6.792,1,0.455,0.584,0.0,0.16,0.581,150.451,4,r-n-b,0.40355151940647715,0,1
3NGT0Td7H4Is1qrlDQJxma,Ice Cube;Das EFX,Bootlegs And B-Sides,Check Yo Self - Remix,71,273106,True,0.934,0.735,1,-6.668,1,0.251,0.031,8.6e-06,0.107,0.768,101.368,4,funk,0.21434355149797257,0,0
1x9jqnd7tU7qRS2Uwt5PIx,Harakiri for the Sky,Mære,Song to Say Goodbye,44,324170,False,0.391,0.942,11,-7.998,1,0.0633,0.000295,0.715,0.181,0.322,159.984,4,black-metal,0.2842335765288329,0,0
4BRkPBUxOYffM2QXVlq7aC,The Beatles,Revolver (Remastered),Taxman - Remastered 2009,58,158853,False,0.469,0.596,7,-8.348,1,0.0749,0.0101,0.0,0.321,0.783,133.586,4,british,0.3244766714338374,0,0
2fZeFBqhR1miYusitKjQls,bloodsimple,Metal,Dead Man Walking,0,237693,True,0.54,0.98,1,-3.463,1,0.0823,0.000169,1.56e-06,0.319,0.388,107.767,4,metalcore,0.3190208942045741,0,0
2x1GoZKREbFkQJ8FUaz3Lc,Phaxe;Morten Granau,Lost,Lost,47,560242,False,0.745,0.726,6,-7.816,0,0.044,0.0706,0.868,0.0731,0.259,135.0,4,trance,0.20518914360280924,0,0
68GFZFc2Fa5HLdv6TXziSD,Yuna,Stay Where You Are,Stay Where You Are,49,209205,False,0.568,0.339,10,-8.661,1,0.0289,0.687,2.52e-05,0.24,0.121,124.819,4,malay,0.5005155320221909,1,1
1wRsvFf2MuGa0KqnkCbaQw,Hugh Masekela,Afrodance 2022,District Six - Live,0,527506,False,0.778,0.711,7,-11.367,1,0.0643,0.352,0.0473,0.969,0.858,108.127,4,afrobeat,0.32236460924315036,0,0
3iltRlox3jEeSKuqdW88EK,Canned Heat,On The Road Again,Going Up The Country,62,172866,False,0.622,0.239,5,-18.982,0,0.0447,0.859,0.051,0.109,0.737,79.674,4,psych-rock,0.46054638769090045,1,1
2422sniydbW1AmHoC4smC5,Tenno,The Inner Light,Overgrown,55,137910,False,0.493,0.312,8,-15.138,0,0.0386,0.742,0.925,0.115,0.153,134.063,4,chill,0.5415627329979555,1,1
1H3Q48ARz2ZEwbOl6s53Mq,Vluestar,I’ll Keep You Safe,I’ll Keep You Safe,70,140338,False,0.504,0.401,0,-10.016,1,0.0958,0.805,0.00596,0.155,0.243,114.95,4,sad,0.46510600233881033,1,1
0qD7FNvGrdwtH3EaUnK2RY,Simon Wester,Among Us,Among Us,38,194676,False,0.113,0.146,4,-19.294,1,0.033,0.925,0.958,0.0998,0.08,75.822,4,ambient,0.6022999312155266,1,2
1QIIQ1B2syNBSvQULkXgTa,Sam Wills;Honey Mooncie,Traingazing,Traingazing,60,214159,False,0.849,0.361,11,-10.057,1,0.0641,0.692,0.00673,0.14,0.553,137.539,4,soul,0.3976387707151665,0,1
4AblNv2IZzFJnnifSzb9v5,Ariel Pink,pom pom,Lipstick,54,200293,False,0.472,0.832,3,-3.278,0,0.0339,0.00058,0.000255,0.256,0.839,134.957,4,garage,0.28228108091052284,0,0
1ye6Yebp4qcdtDLSpTGbzV,Discordance Axis,The Inalienable Dreamless (Reissue),A Leaden Stride to Nowhere,15,247293,False,0.365,0.763,7,-6.095,1,0.23,2.71e-05,0.637,0.297,0.0664,130.706,4,grindcore,0.38381248287770015,0,1
3uZVW95wL46pTfHDzbaFUd,Gerson Rufino,Vem Cear Comigo,Vem Cear Comigo,48,243266,False,0.618,0.69,3,-4.311,1,0.0268,0.292,0.0,0.202,0.252,145.989,4,gospel,0.2344147684285579,0,0
1JorgVEvGT4McTPnJSQGtP,The Beach Boys,Greatest Hits,"Help Me, Rhonda",29,169280,False,0.528,0.716,1,-7.478,1,0.0308,0.104,0.0,0.0552,0.851,139.713,4,psych-rock,0.27085326443469127,0,0
0NaNzUwgo22RgGAzt9fFwn,Peter Wackel,DJ Cashi präsentiert Mallora Closing 2022 powered by Xtreme Sound,Ich bin morgens immer müde,0,215651,False,0.67,0.983,3,-2.052,0,0.0779,0.0067,0.0,0.0223,0.822,134.044,4,party,0.23444983964914998,0,0
5qHW3YD2L8vvtWtD7j5pmk,Dale Howard,Gunny,Gunny,57,200648,False,0.74,0.922,10,-7.719,0,0.0436,0.00616,0.691,0.149,0.54,125.021,4,deep-house,0.20098110901133856,0,0
4exwQkW1DqtMv3fkCr1jys,Webb Pierce,Golden Hits - Volume I (Vol. 1),More and More,32,149800,False,0.531,0.425,9,-12.091,1,0.0315,0.636,1.59e-05,0.0814,0.679,113.265,4,honky-tonk,0.3958435973778159,0,1
6VppCXLthp6U3noHF3GUwO,Greeicy;Nacho,Bájale como 7500,Destino,0,180480,False,0.708,0.76,0,-3.02,1,0.0934,0.0104,8.35e-06,0.0462,0.706,188.124,4,reggaeton,0.19047530533488893,0,0
0Ja4hLKiUSw01E01pJ1yGr,The Prodigy,The Fat of the Land,Breathe,66,336280,False,0.673,0.808,9,-6.183,1,0.0491,0.0121,0.878,0.037,0.303,130.041,4,hard-rock,0.04691118749599746,0,0
5eAymAmVU6CyejjFJxvcMI,Marshall Jefferson,Frankie Knuckles Presents: His Greatest Hits from Trax Records,Move Your Body,44,405760,False,0.785,0.907,4,-4.15,0,0.118,0.0156,1.14e-06,0.513,0.565,122.311,4,chicago-house,0.23441552814706512,0,0
3VhI9Y8WXoKSME4BBgUnWx,Metá Metá,Metá Metá,Ora Iê Iê O,21,152372,False,0.682,0.815,11,-7.55,0,0.062,0.528,0.0,0.0995,0.964,106.068,4,afrobeat,0.31091357883680315,0,0
6gBFPUFcJLzWGx4lenP6h2,Travis Scott,Birds In The Trap Sing McKnight,goosebumps,84,243836,True,0.841,0.728,7,-3.37,1,0.0484,0.0847,0.0,0.149,0.43,130.049,4,hip-hop,0.23129198579487914,0,0
6Kg43FGrDGCiSZvXD7m6iv,Dabzee;ANXZIETY,Kolachathi,Kolachathi,26,213467,True,0.885,0.763,8,-5.165,0,0.0363,0.73,0.00042,0.302,0.746,135.016,4,malay,0.27811835377624555,0,0
7j56HrjR9cGzvekvZY3Faz,Fitz and The Tantrums,Fitz and The Tantrums,HandClap,65,193253,False,0.636,0.836,8,-3.004,1,0.0427,0.00609,0.000157,0.0828,0.715,139.956,4,indie-pop,0.16736874216738634,0,0
2uyTefoLGU2pg0V467quGM,Hardcore Masif;Technikore,Love You More (Weaver & Steve Hill Mix) / Days Go By (Technikore Mix),Days Go By (Technikore Mix),27,388284,False,0.537,0.994,4,-5.152,0,0.0776,0.000131,0.685,0.28,0.356,170.013,4,happy,0.2576244269203038,0,0
4mA8VXKSpyfTZ66uuyQnw7,Ranji;Bingo Bango,The Road I'm On,The Road I'm On,51,260868,False,0.572,0.743,8,-7.129,0,0.0418,0.0349,0.61,0.109,0.183,103.477,3,trance,0.23601537433042127,0,0
4SH8m1dOlwUV8Bsi0jytbN,Sujatha,Humse Hai Muqabala (Original Motion Picture Soundtrack),Maine Bheja Hai Sandesh,22,90693,False,0.479,0.166,4,-12.125,1,0.0282,0.757,9.06e-06,0.127,0.207,81.993,3,malay,0.5162723607602032,1,1
0z5x3VmmQ7cyTeOP7VAf3T,Arctic Monkeys,The Car,Perfect Sense,40,167379,False,0.52,0.478,4,-10.862,1,0.0276,0.61,0.00122,0.105,0.545,82.932,4,rock,0.4420049498997874,0,1
0Elfdj2gQ0Ib0h49kCKb2R,Maria Graña;Jorge Calandrelli,María,Caserón de Tejas (feat. Jorge Calandrelli),17,250133,False,0.444,0.121,5,-14.244,1,0.0366,0.968,0.000676,0.17,0.28,92.64,4,tango,0.6170869493287731,1,2
64vBCC1lpjEnF10CkDiDhv,Chris Lorenzo,Late Checkout,Every Morning,58,196406,False,0.795,0.981,6,-4.665,1,0.0517,0.00119,0.91,0.0519,0.666,128.0,4,groove,0.12840067903895705,0,0
1NB92HB88keG4Iw94agom2,Opposite Ways,Valkyrie,Valkyrie,36,353520,False,0.652,0.675,7,-9.37,1,0.0405,0.0052,0.563,0.112,0.0364,124.982,4,techno,0.19425855847503973,0,0
0RqQLF5N7q1dVW9hb0Dezb,Lady Gaga,Halloween Scary Party,Monster,0,249253,False,0.7,0.808,9,-4.522,0,0.0446,0.00141,0.0,0.611,0.664,120.032,4,dance,0.1791528865239398,0,0
5DXt0rgXsJPkU6sBCh4L4J,Tanya Chua,Goodbye & Hello,達爾文,51,265106,False,0.57,0.283,7,-10.073,1,0.0326,0.854,0.0,0.101,0.409,78.01,4,mandopop,0.5038033633959027,1,1
50OfadQYJlnlEBK6QOWqNQ,Denise Ho,"無名, 詩",出走太平洋,31,264240,False,0.491,0.486,4,-7.91,0,0.0318,0.261,0.0,0.0964,0.346,133.903,4,cantopop,0.32908921308924227,0,0
65HA9FsYyA2xro9RzNlNmy,Mötley Crüe,Dr. Feelgood,Kickstart My Heart,36,282653,False,0.363,0.982,7,-3.621,0,0.3,0.00123,0.00218,0.284,0.275,179.23,4,hard-rock,0.20732227701407224,0,0
4bmFTB79L8PUgBgNvXL3ra,The Supremes,A Very 60s Christmas,Little Bright Star - Stereo,0,146000,False,0.711,0.774,3,-6.769,1,0.0564,0.549,0.0,0.103,0.553,115.007,4,funk,0.3063005396111244,0,0
0RPpZrP4e0OwfAFdrUj9eQ,Tommy Tip;Roffe Ruff,Bootlegs,Solen Försvann,32,231520,False,0.756,0.697,11,-3.588,1,0.319,0.545,0.0,0.761,0.968,82.473,4,goth,0.3380328789757424,0,0
3LiU1IMIbzPR5MpOmo8HDt,Daxson;Numa,The Only Way,The Only Way,44,286222,False,0.463,0.9,3,-5.477,0,0.0811,0.014,0.00445,0.0958,0.0775,134.973,4,trance,0.20857968977481747,0,0
6hHXft1nFyvfVv6UoRToPZ,ABBA,Super Trouper,Our Last Summer,61,259733,False,0.504,0.528,2,-7.889,1,0.0244,0.72,6.28e-05,0.432,0.414,98.341,4,swedish,0.30774005122012904,0,0
3KhwEuqLNjHfsKaBDo1yVh,Shinsei Kamattechan,Boku no Sensou,Boku no Sensou,66,280466,False,0.473,0.936,2,-4.877,1,0.0704,0.00916,0.0422,0.31,0.416,144.014,4,j-rock,0.3375857738403722,0,0
63mL1DdcSFfxVJ9XGnSRQz,TWICE,BETWEEN 1&2,Basics,73,176973,False,0.778,0.8,2,-3.529,1,0.227,0.254,0.0,0.139,0.585,137.997,4,k-pop,0.18791878365608725,0,0
5xz5dUtU2xooSP75BwRJ3H,Bonobo,The North Borders,Ten Tigers,41,243780,False,0.711,0.836,2,-9.156,0,0.0452,0.152,0.636,0.157,0.321,99.984,4,trip-hop,0.2597171943886218,0,0
5g1BARk25uUJtEPSUwcjnU,Cash Cash;Christina Perri,"Blood, Sweat & 3 Years",Hero (feat. Christina Perri),67,197840,False,0.47,0.85,1,-2.825,0,0.0363,0.0627,0.0,0.118,0.148,149.876,4,edm,0.2906865287265627,0,0
2JvMQAUGqvGIk1uhCqW0Qy,Dempagumi.Inc,DEMPARK!!!,玉虫色ホモサピエンス,18,238901,False,0.386,0.84,10,-4.586,0,0.233,0.0138,2.31e-05,0.354,0.878,189.745,4,j-idol,0.29644191224820193,0,0
13bJVNCInJ4OzCm6Hi8mRU,ABBA,Mientras hago aromaterapia,From A Twinkling Star To A Passing Angel - Demo Medley,0,547880,False,0.4,0.178,7,-16.76,1,0.0351,0.719,8.22e-06,0.3,0.209,120.152,4,swedish,0.6403046457323399,1,2
1RdD6om9qJgYyCyVT5OdKe,Yan Collazo,Salsa Top Hits,Quiero Volver A Enamorarte,36,259522,False,0.738,0.806,0,-6.383,1,0.0467,0.582,0.0246,0.113,0.646,100.084,4,salsa,0.2601017077179402,0,0
4FmlL5OdnOLPLzTJNstL3n,Die Toten Hosen,Alles aus Liebe: 40 Jahre Die Toten Hosen,Liebeslied - Neue Aufnahme 2022,40,195257,False,0.518,0.995,0,-3.412,1,0.0901,1.11e-05,0.00161,0.0931,0.342,135.013,4,german,0.1758224516382633,0,0
6QWWAAktMqnx50kzSzjLVd,6091,Yajña,Yajña,25,305263,False,0.859,0.633,9,-9.894,1,0.0637,0.0157,0.863,0.0977,0.0457,109.998,4,electronic,0.25304001926421954,0,0
1P8XDdN12CndYWcNikq1MJ,NEO JAPONISM,NEO JAPONISM,Fight For The Right,47,262973,False,0.605,0.94,1,-2.645,0,0.141,0.00064,2.23e-05,0.19,0.52,149.914,4,j-idol,0.22767732825983228,0,0
62qUTJAM7dZgOebu2qB7QB,Royal & the Serpent,Indie Chill Out,Overwhelmed,0,159293,False,0.804,0.323,0,-11.127,0,0.305,0.308,0.0,0.15,0.456,87.019,4,indie-pop,0.41560953120746574,0,1
31qJ6MTYlqfZCWOdX5kSkK,Tony O'Connor,Uluru,Above with Eagles,21,466706,False,0.424,0.057,7,-20.102,1,0.037,0.96,0.908,0.0599,0.16,75.913,4,new-age,0.5340565302302422,1,1
38DylDHZqbZ8zzIasbWFab,Voz da Verdade,Chuva de Sangue,Chuva de Sangue,40,311373,False,0.322,0.702,4,-4.988,1,0.035,0.511,0.00149,0.123,0.212,75.096,4,gospel,0.4385151981830376,0,1
7skyROG3OyzkpkrYTQOWf3,Juan D'Arienzo,Orquesta Juan D' Arienzo - La cumparsita,La tablada,18,146200,False,0.741,0.278,9,-11.485,1,0.0538,0.66,0.775,0.0603,0.799,132.138,4,tango,0.38761466966343255,0,1
2Qczuu8EryIy0uqHNU0xSP,MegaR,Baki vs Oliva Rap. Pentágono Negro,Baki vs Oliva Rap. Pentágono Negro,37,235671,False,0.582,0.958,10,-4.685,0,0.247,0.567,0.0,0.348,0.29,96.248,4,anime,0.32910215475652593,0,0
6t58qlz1raetB5H5dbT0py,Flower,THIS IS Flower THIS IS BEST,forget-me-not 〜ワスレナグサ〜(version2016),21,291426,False,0.68,0.921,6,-3.138,1,0.0459,0.201,0.0,0.314,0.697,125.464,4,j-idol,0.28941623285893603,0,0
12JXx8U1YoOyvjE7BJy5tx,Mariah Angeliq;Guaynaa,Clásicos de ahora: Perreo,Taxi,0,173653,False,0.727,0.796,7,-3.918,0,0.125,0.0627,0.0,0.166,0.701,180.069,4,latino,0.2900747046728902,0,0
2TI0STKG1kgevz10OxF3Pm,Tim Maia,Tim Maia 1980,"Você E Eu, Eu E Você (Juntinhos)",44,292670,False,0.791,0.858,8,-9.45,1,0.072,0.114,0.0923,0.0781,0.872,125.791,4,mpb,0.0634354513204866,0,0
6WCeFNVAXUtNczb7lqLiZU,Elton John,Don't Shoot Me I'm Only The Piano Player,Crocodile Rock,73,235440,False,0.621,0.8,4,-7.284,0,0.0344,0.0263,1.51e-05,0.0591,0.968,149.91,4,piano,0.2396913302479104,0,0
3VOgOT6SNjrRjhjuisphY7,untrusted;pretence;11:11 Music Group,"eyes blue or brown, can't remember","eyes blue or brown, can't remember",66,180833,False,0.751,0.354,10,-14.518,1,0.446,0.885,0.179,0.206,0.781,143.87,4,chill,0.4947609036545497,1,1
3ot7yfRXpFYYmBBZ8XrM2f,George Jones,Too Wild Too Long,I'm a Survivor,10,190213,False,0.506,0.279,8,-13.727,1,0.0271,0.729,3.01e-06,0.187,0.313,89.825,3,honky-tonk,0.49608792362967835,1,1
5ITw1gs95vZpnZlS0JUwkS,Dorothy,Anthems for Witches 2022,Wicked Ones,0,173901,False,0.563,0.647,5,-4.675,1,0.0398,0.0337,0.0,0.359,0.691,96.386,4,alt-rock,0.32937390941435685,0,0
5vHLwhxxlGzmClMcxRRFPr,Nirvana,Nevermind (Remastered),Lithium,73,257053,False,0.678,0.656,7,-6.41,1,0.0381,0.00174,0.0,0.0631,0.485,123.207,4,alt-rock,0.1472728355623691,0,0
2jz3CiLG3MLOqZ9gOv6z1A,Ella Fitzgerald,Home For Christmas 2022,Frosty The Snowman,0,131733,False,0.579,0.502,8,-7.57,1,0.0513,0.733,0.0,0.281,0.836,76.783,4,jazz,0.5509381350648453,1,1
1EU3VuKGZOvd1HTkxLPUXK,Linkin Park,Meteora (Bonus Edition),Nobody's Listening,57,178866,False,0.502,0.831,2,-3.723,1,0.295,0.105,1.3e-06,0.174,0.451,199.972,3,grunge,0.2855441766965847,0,0
6kZfQkBGXymVb0UD89MkHJ,Joonas Saartamo,Aladdin (Alkuperäinen Suomalainen Soundtrack),Arabian yöt (2019),19,193084,False,0.45,0.581,0,-7.806,0,0.04,0.496,0.0,0.118,0.463,61.227,3,disney,0.43899426548759407,0,1
7vNEDUsDuUZ4MOkrl3REj2,Fitz and The Tantrums,Happy Commute,Walking Target,0,156960,False,0.65,0.956,4,-4.113,1,0.0564,0.0153,3.86e-05,0.364,0.673,104.018,4,alternative,0.19632373264238684,0,0
7e0s9v16WhjWLU5pPLxgdZ,Collide,Vortex,The Lunatics Have Taken Over the Asylum,24,334866,False,0.686,0.765,1,-6.524,1,0.0374,0.131,0.000224,0.103,0.856,115.157,4,industrial,0.3440531703394948,0,0
3YEU603mIs6nCwe0ndiyfp,Duke Dumont;Gorgon City;NAATIONS;Murdock,Real Life (Murdock Remix),Real Life - Murdock Remix,27,225198,False,0.512,0.95,10,-4.07,1,0.0814,0.0281,0.00196,0.0703,0.489,172.025,4,techno,0.2784502279167047,0,0
0UF0BzhkR95Nltx8cwCvUC,Tayrone;Gustavo Mioto,Educadamente (Ao Vivo),Educadamente - Ao Vivo,45,164995,False,0.55,0.905,2,-4.096,0,0.0819,0.21,0.0,0.491,0.644,159.933,4,forro,0.31939386076569354,0,0
0AT08pe7CNV34sDKmTyh5b,Charly Black;Sean Paul;Greeicy,Ravin',Ravin',43,198120,False,0.845,0.676,8,-5.459,1,0.133,0.104,1.36e-06,0.129,0.713,104.971,4,dancehall,0.28395528468772274,0,0
6dSVppeLhFIN2tZaOSjCH1,Veruca Salt,Eight Arms To Hold You,Stoneface,25,163933,False,0.408,0.933,0,-2.828,0,0.0398,9.38e-05,0.0,0.124,0.51,136.037,4,grunge,0.2483943932171149,0,0
6N0Z9weSdoXUzL0wbqQD4h,Ribin Richard;Nihal Sadiq,Chekuthan (Reprise),Chekuthan (Reprise),60,100816,False,0.362,0.437,9,-6.29,0,0.0271,0.807,0.0,0.0715,0.215,75.474,4,malay,0.49634925329363283,1,1
7J3pqJ4DlGcm1aGku5Qj4G,Dean Martin,Christmas 2022,"Baby, It's Cold Outside",0,143733,False,0.439,0.196,0,-16.093,1,0.0601,0.88,0.0,0.0513,0.525,129.581,4,jazz,0.4780622072792391,1,1
70qFAgAe5um0yDgBN9AS7a,Lonesome Wyatt and the Holy Spooks,Halloween Is Here,Halloween Is Here,21,147852,False,0.758,0.309,2,-9.982,0,0.0365,0.833,0.0,0.109,0.44,111.986,4,goth,0.4547252574753968,1,1
2hebQblF1Y1HAkXEP1cnTA,=LOVE,探せ ダイヤモンドリリー,いらない ツインテール,34,224680,False,0.577,0.958,1,-3.162,1,0.112,0.000595,0.0015,0.11,0.492,96.467,4,j-idol,0.27395999310383357,0,0
7ExIAULxz8L1mWrqq4YpKF,Dro Kenji;KA$HDAMI,ANYWHERE BUT HERE,KILL EM FOR ME (feat. KA$HDAMI),56,158280,True,0.737,0.5,11,-8.791,0,0.191,0.0321,0.0,0.11,0.459,139.835,4,sad,0.2554311298804426,0,0
4upK9OgMepvBFEGD8CDE9A,Lil Yung Pharaoh,"I Hate You, But I Love You","I Hate You, But I Love You",50,132951,False,0.462,0.371,10,-11.201,1,0.0522,0.503,0.0,0.135,0.255,139.637,4,sad,0.3973100052951786,0,1
4a9tbd947vo9K8Vti9JwcI,BTS;Halsey,MAP OF THE SOUL : PERSONA,Boy With Luv (feat. Halsey),80,229773,False,0.645,0.862,11,-4.761,0,0.0845,0.0933,0.0,0.193,0.803,119.947,4,k-pop,0.17454499398527035,0,0
2N613DmbmBx7pimAC79RkP,Wolfgang Amadeus Mozart;The Monteverdi Choir;English Baroque Soloists;John Eliot Gardiner,Mozart - Inspiring Classics,"Requiem in D minor, K.626: 3. Sequentia: Dies irae",2,106000,False,0.288,0.372,7,-16.74,0,0.0358,0.973,0.289,0.144,0.346,161.746,4,classical,0.6274105627397006,1,2
4MMzKyN1TcFpx97LqOzht2,Röyksopp;Astrid S,Let's Get It Right,Let's Get It Right,36,305666,False,0.685,0.627,4,-9.216,0,0.0516,0.0863,0.83,0.275,0.635,97.0,4,trip-hop,0.26679950906321903,0,0
679DdSdnTxOT1PXF8fp2aX,Roupa Nova,Roupacústico (Ao Vivo),A Viagem - Ao Vivo,43,246400,False,0.384,0.354,9,-11.27,1,0.0306,0.836,0.0,0.977,0.305,83.53,4,mpb,0.7330635639846251,1,2
7l9cCg3EBqVfBikbc21Kb0,The Drifters,Christmas Only: The Timeless Classic Collection,White Christmas,0,158413,False,0.555,0.213,8,-9.262,1,0.0449,0.939,5.33e-05,0.113,0.498,125.126,4,r-n-b,0.6443288320701792,1,2
7oIq8nq5ft6cdFW16gN2pM,Lordi,The Monsterican Dream,My Heaven Is Your Hell,22,220986,False,0.489,0.864,9,-4.68,0,0.0462,1.08e-05,0.177,0.0876,0.655,135.074,4,heavy-metal,0.28106329607234054,0,0
7rRus1tQw1WnLHDpxDJ1SC,Rodriguinho;Gaab;Mr. Dan,Legado: O Show (Ao Vivo),Vaga Lembrança / Pretexto - Ao Vivo,47,175488,False,0.602,0.922,9,-4.229,1,0.0982,0.725,0.0,0.543,0.844,147.046,4,pagode,0.20662783671714965,0,0
6bfDSsy4wnpn6B0de8Qrbx,BURNOUT SYNDROMES,BURNOUT SYNDROMEZ,Good Morning World!,58,249480,False,0.486,0.953,0,-2.244,1,0.0766,0.0505,0.0,0.115,0.595,95.574,4,anime,0.22992065573249668,0,0
6P05Vvy9h2eFyWSu98BGWk,Low-E;Alter Egosz,W.T.F.,Vendetta,24,226385,False,0.686,0.867,11,-4.298,1,0.0442,0.00659,0.921,0.21,0.104,148.001,4,hardstyle,0.3400290820183356,0,0
7M62cpl1L8v53XwfCZ2GYD,Skillet,Rock - Best of 2022,Surviving the Game,4,238870,False,0.535,0.979,8,-3.593,1,0.0597,0.000666,0.0,0.084,0.432,103.996,4,alt-rock,0.27667814249644446,0,0
3XmlyO6IhBbhvWszwk0ZDW,Nando Reis,Jardim - Pomar,Só Posso Dizer (São Paulo),46,198765,False,0.511,0.541,4,-8.841,1,0.0316,0.398,0.0,0.0986,0.719,73.931,4,brazil,0.3414152935805145,0,0
4y7l0LemO3ZXKPjP87oDeS,Swedish House Mafia;The Weeknd,Halloween Party 2022,Moth To A Flame,3,234000,False,0.553,0.659,8,-7.295,1,0.0391,0.0027,0.0,0.105,0.105,120.146,4,electro,0.3854555317902621,0,1
5Xak5fmy089t0FYmh3VJiY,Pearl Jam,Ten,Black,74,342653,False,0.36,0.684,4,-6.457,0,0.0308,0.323,0.0,0.34,0.2,77.15,4,alt-rock,0.41278237504182547,0,1
6siVzabZfJL41Se70bonmq,Hank Williams,The Immortal,Fly Trouble,10,164933,False,0.809,0.402,5,-12.753,1,0.0941,0.776,0.0,0.352,0.938,123.383,4,honky-tonk,0.4364801338233213,0,1
1ax8ZuwRVkSdzzsIqyCNWQ,Sonu Nigam;Sabri Brothers,Main Hoon Na,Tumse Milke Dil Ka,65,359253,False,0.853,0.745,9,-8.636,0,0.109,0.0642,1.87e-06,0.0274,0.882,107.985,4,pop,0.14425481379447336,0,0
1qQpPLrf24dlipQw32Oo0b,Anuradha Paudwal;Kumar Sanu,Aashiqui,Jaan - E - Jigar Jaaneman,54,312440,False,0.41,0.72,7,-7.675,0,0.0476,0.827,0.00123,0.338,0.728,82.133,4,k-pop,0.4345618844087472,0,1
3jf5303mzzJ96O8xFTcEn4,B Praak,"Mann Bharryaa 2.0 (From ""Shershaah"")","Mann Bharryaa 2.0 (From ""Shershaah"")",69,266005,False,0.428,0.467,2,-4.904,1,0.0327,0.68,0.0,0.135,0.193,90.831,4,pop,0.31047129277220764,0,0
2B7GMkCUExLpG5lM2ICbXF,Mariana Aydar;Chico César,O Futuro Já Sabia,O Futuro Já Sabia,39,201806,False,0.641,0.614,9,-8.296,1,0.0846,0.176,4.73e-05,0.123,0.551,157.969,4,samba,0.378534258656904,0,1
5lNsWVHFmthAxTw3IwetrD,Mariano Barba,Exitos De Mariano Barba,Y Nos Dieron Las Diez,45,368506,False,0.566,0.518,2,-6.892,1,0.042,0.779,4.5e-06,0.0767,0.923,155.711,3,r-n-b,0.34902483709525944,0,0
333mKnEIccxUgOwQCCTPD8,Deborah de Luca,MNML,Minimal,54,390447,False,0.723,0.769,11,-8.244,0,0.0634,0.226,0.892,0.0764,0.241,133.984,5,techno,0.20897834611315577,0,0
1MfSho5QSHYxSAZ2nxZFDt,Carcass,Surgical Steel (Complete Edition),Thrasher's Abattoir,15,110426,False,0.148,0.998,6,-3.958,1,0.232,3.1e-06,0.184,0.184,0.0615,197.312,4,grindcore,0.39833291461220505,0,1
13QlmzEg89fD2DmW3f503g,Duke Dumont;Jax Jones,Fiesta portatil,I Got U,0,285596,False,0.636,0.761,9,-7.752,0,0.035,0.00383,0.00784,0.0851,0.462,120.842,4,edm,0.3433212873020727,0,0
5VujK2veNOmeh7jNj9zq1p,dwsdmusic,Talk It Out,Talk It Out,61,170482,False,0.646,0.491,8,-13.106,1,0.0443,0.465,0.18,0.0834,0.68,145.033,4,sad,0.3102931299310367,0,0
5VlMQFam95UFxWqOKlKyIW,Astor Piazzolla,Piazzolla Tangos 6,Cavalcata,18,237293,False,0.446,0.484,7,-9.006,1,0.0373,0.855,0.641,0.113,0.337,120.687,4,tango,0.4315671559646418,0,1
65c7u6UByQmVdH6ZJcKTHq,Mvntana;Pyt Ny,The Bounce Tape,Got Bounce (Arch That Back & Bounce It),15,84427,False,0.849,0.665,9,-8.336,1,0.511,0.0079,0.00822,0.314,0.436,164.943,4,club,0.40743983664177436,0,1
1TDHZUpqzJu4aL8PzSCHCM,夜光性アミューズ,夜光性イントロデュース,ネオンライトセンセーション,23,196786,False,0.61,0.953,0,-4.689,1,0.0656,0.0306,5.84e-06,0.181,0.718,170.086,4,j-idol,0.21213837946140607,0,0
22V0rqyOn48nni9e9Ct5mR,Anuel AA;KAROL G,Bájale como 7500,Secreto,2,258799,False,0.807,0.803,11,-4.156,1,0.126,0.6,0.0085,0.136,0.706,91.982,4,reggaeton,0.3294779045407124,0,0
1CNG0jEBY50ivvLchRkE8A,NERO,"DJ SS Presents: Formation 200, Pt. 3",Energy,20,366171,True,0.544,0.937,11,-3.917,0,0.171,0.00279,0.888,0.0806,0.485,174.095,4,drum-and-bass,0.19038208963044934,0,0
36VJrVTuKwedxqftzsIXXU,Los Bunkers,La Culpa,Canción para mañana,47,195133,False,0.17,0.878,9,-3.934,1,0.0576,0.0215,1.76e-05,0.217,0.43,174.74,3,alt-rock,0.3965585352144147,0,1
5ioG5e4NoqadpwvQ7rYN0d,Almafuerte,En Vivo All Boys,Del Mas Allá - En Vivo All Boys,24,214479,False,0.23,0.96,4,-7.282,0,0.082,0.00265,0.000838,0.924,0.404,139.579,4,heavy-metal,0.37820603439242717,0,1
2RTePbeArmBjQ4ZBZh0U1U,Gabriel Brito,Aprender Com a Vida,Aprender Com a Vida,49,258044,False,0.424,0.248,9,-9.764,1,0.0295,0.891,0.0,0.127,0.318,130.153,3,brazil,0.5458186531295021,1,1
15fWioEiZPc6YunpDPjn9c,Akin Jensen,"Ganska ond, men oxå ganska lätt att gilla",15' Bonnie & Clyde,40,196440,True,0.621,0.74,8,-7.1,1,0.187,0.378,0.0,0.131,0.939,105.839,4,goth,0.35809536712521783,0,1
640qGOXw20YB2MkZX0wGaq,Screeching Weasel,Bark Like a Dog,You'll Be in My Dreams Today,22,158960,False,0.537,0.938,10,-6.029,1,0.0468,0.00221,0.0,0.125,0.737,100.283,4,power-pop,0.2083741429152401,0,0
4xZhTlrUnyPQE3AfzrZ9aR,Seikima-II,BLOODIEST,WHAT'S HAPPENING?,24,440933,False,0.337,0.734,0,-6.357,1,0.0341,0.00094,0.00658,0.327,0.313,79.998,4,heavy-metal,0.27717219596763076,0,0
5OYUtKjALXnNjXRwTVStCK,AronChupa;Little Sis Nora,Llama In My Living Room,Llama In My Living Room,57,181885,False,0.773,0.654,5,-7.796,0,0.284,0.53,0.0,0.109,0.607,128.989,4,swedish,0.3345691880835034,0,0
0fTiDOXRNEN0lUeYGoSHml,The Chainsmokers;Drew Love,Sick Boy,Somebody,62,221986,False,0.32,0.63,10,-7.019,0,0.0493,0.192,0.0,0.102,0.323,203.443,4,edm,0.3207540310057898,0,0
5o8OPxIhE4Qcq3fBb2yh03,MC Menor da VG,Fogo na Inveja,Fogo na Inveja,47,173011,False,0.767,0.621,6,-7.093,1,0.434,0.162,0.0,0.256,0.502,86.767,3,funk,0.23349404210395636,0,0
3BetTMu2yQqdMPiW4HqWfr,Crows in the Rain,Ashes of the Past,I Will Build The Future On The Ashes Of Past Memories,3,834939,False,0.122,0.418,9,-11.981,0,0.0382,0.029,0.804,0.127,0.0812,79.893,1,iranian,0.41705794621317716,0,1
59jtYA1e9xURCqBiDM60IX,Misanthrop,Analog,Feel,45,294127,False,0.552,0.858,0,-3.247,1,0.0389,0.000398,0.872,0.118,0.0743,172.036,4,drum-and-bass,0.2852103690854062,0,0
6PVx8IYQJdeLa2AIJnnFrj,Summer Salt,So Polite,Revvin' My Cj7,55,168205,False,0.762,0.468,10,-7.969,1,0.0464,0.934,0.102,0.115,0.347,119.88,4,garage,0.3982123387318349,0,1
4aVBWmgp19jJJkUGN7mypV,Racionais MC's,1000 Trutas 1000 Tretas (Ao Vivo),Formula Mágica da Paz - Ao Vivo,46,680880,False,0.556,0.944,1,-3.955,1,0.353,0.495,0.0,0.915,0.639,148.579,4,brazil,0.3857229998627964,0,1
5momcZeBnYAHWzxTxVO0pq,Planet Hemp,Usuário,Fazendo a Cabeça,42,200106,False,0.698,0.73,4,-8.146,0,0.094,0.00786,8.57e-05,0.214,0.537,116.189,4,brazil,0.1501732459007586,0,0
2UJy2HHo4afrQbI5FizxLM,Ciaran Lavery,Kosher,Left for America,50,170786,False,0.498,0.384,4,-10.752,1,0.0976,0.818,0.000937,0.13,0.25,79.856,4,british,0.4550514401662978,1,1
4LtSTc3xANVhYeeN69nscM,The Local Train,Vaaqif,Aaftaab,58,233471,False,0.464,0.391,6,-9.884,1,0.0384,0.755,9.64e-05,0.105,0.418,106.887,4,indie-pop,0.412362866609981,0,1
3bxZhauuIU4ubctdRZwPYW,Buena Vista Social Club,Buena Vista Social Club,Chan Chan,22,258693,False,0.529,0.421,2,-14.15,0,0.0341,0.847,0.00699,0.118,0.694,82.923,4,world-music,0.5202394434365927,1,1
7GARzfC1mwhDuk4t9WOACq,j-hope,Jack In The Box,MORE,74,180022,False,0.783,0.722,2,-4.864,1,0.0357,0.00537,0.00209,0.105,0.306,97.031,4,k-pop,0.17688942054418472,0,0
54hqgmRmvGyWEUNfXkkbQr,Zeca Pagodinho;Beth Carvalho,Zeca Pagodinho Ao Vivo,Camarão Que Dorme A Onda Leva / São José De Madureira / Dor De Amor - Ao Vivo,39,299000,False,0.592,0.853,7,-6.81,1,0.163,0.548,0.0,0.864,0.775,106.738,4,samba,0.4565207138582591,1,1
6dNUykCNYFSrTkDToXYrGH,Giacomo Puccini;Dame Joan Sutherland;Luciano Pavarotti;Sir Peter Pears;Montserrat Caballé;John Alldis Choir;London Philharmonic Orchestra;Zubin Mehta,Puccini: Turandot,"Turandot / Act 2: Straniero, ascolta",23,409066,False,0.262,0.25,6,-15.801,1,0.0981,0.974,8.61e-06,0.625,0.0372,78.215,4,opera,0.5430711239533834,1,1
623gGZodjlmHNV30lE5aSr,X-RX,Stage 2,Industrial Rave Revolution,23,221213,False,0.602,0.997,9,-3.831,1,0.066,2.98e-05,0.945,0.0917,0.571,145.003,4,industrial,0.19162860870963125,0,0
2MCUHzFEXf39cyzcNyKw7B,Weezer;AJR,All Out Alternative,All My Favorite Songs,0,170720,False,0.605,0.7,4,-6.47,1,0.0277,0.00998,0.0,0.116,0.588,84.962,4,alt-rock,0.2610163434455471,0,0
2bageubuN1HjNZwTNlyh0v,Harris Jayaraj;VV Prassanna;Harish Raghavendra;Devan Ekambaram,Surya S/o Krishnan (Original Motion Picture Soundtrack),Naaloney Pongaynu,61,372600,False,0.714,0.495,9,-7.226,1,0.0361,0.328,0.0,0.104,0.238,114.979,4,pop-film,0.26186979271003247,0,0
5O9Dz0h08LuBi0aVvDcylh,Skillet,Unleashed,The Resistance,69,232066,False,0.483,0.941,2,-3.598,0,0.0575,0.000526,3.5e-06,0.31,0.503,156.033,4,alternative,0.27224668779089056,0,0
71BRjOzgS7GLAut8pOlElG,Sorriso Maroto,Sinais,Sinais,60,243493,False,0.698,0.711,9,-6.037,1,0.0296,0.74,0.0,0.104,0.683,134.097,4,pagode,0.27796792781133917,0,0
2aT06RersgvrpMCMRlMxkE,Inner City,Pennies From Heaven (Remastered),Pennies From Heaven (Remastered),5,198159,False,0.649,0.946,0,-3.291,1,0.0595,0.00696,0.309,0.0551,0.849,123.016,4,detroit-techno,0.2614851802703178,0,0
7CYS0ibZaJm201ZKonnqih,Enrico Sangiuliano,Sound Of Space EP,The Sound Of Space,56,498461,False,0.707,0.893,7,-7.449,1,0.0543,0.00712,0.819,0.0802,0.159,130.009,4,techno,0.15190418118523963,0,0
1E7qCptwRPfvZrIDyDDgjh,The Doors,L.A. Woman,Been down so Long,53,279866,False,0.81,0.376,4,-7.941,1,0.0411,0.208,5.52e-05,0.0622,0.635,122.618,4,psych-rock,0.28772138830265553,0,0
1jcQ040aWKeiUGJ2IcnFtV,Yiruma,Sunset Bird,Sunset Bird,60,191000,False,0.349,0.191,0,-16.111,0,0.0463,0.992,0.936,0.132,0.0414,140.422,3,piano,0.5772875361066822,1,1
08DI4uBH0nA6YGRCvv2TYK,Broilers,LoFi,Lofi,32,172773,False,0.599,0.887,7,-3.295,1,0.041,0.0633,0.455,0.113,0.926,92.047,4,ska,0.23784402367644158,0,0
2PAfTfDKOKQs8WHPS3NV4B,Protassov;Gregor Klamra,"Deep House Redux, Vol. 2",Shake - Gregor Klamra Remix,0,318826,False,0.797,0.663,4,-8.799,0,0.0539,0.0564,0.848,0.0669,0.344,121.981,4,trip-hop,0.2838484822994608,0,0
2GmDKB7skBipPXBBkM0RBt,Meghdhanush,Kehvu Ghanu - Single,Kehvu Ghanu,44,262500,False,0.56,0.314,2,-10.601,1,0.032,0.525,1.48e-05,0.104,0.172,140.044,3,folk,0.4705934157357925,1,1
3UYeTr8hsTPi5rfKd7zUsm,Del Wood,Down Yonder and other favorites,Down Yonder,15,146520,False,0.684,0.654,10,-9.647,1,0.0378,0.734,0.932,0.103,0.975,135.028,4,honky-tonk,0.3483163948091386,0,0
7iv6u8KM5GVTt01WbDLQAO,F.B. Piano Anime,Yuri on Ice (Yuri!!! on Ice Original Soundtrack),Yuri on Ice (Yuri!!! on Ice Original Soundtrack),34,235998,False,0.253,0.239,3,-16.741,1,0.0306,0.95,0.908,0.125,0.0599,77.321,4,piano,0.6431731268055653,1,2
3715OFFs0TnnHNRcrfQNs4,Marshmello;Bastille,Autumn Vibes 2022,Happier,0,214289,False,0.687,0.792,5,-2.749,1,0.0452,0.191,0.0,0.167,0.671,100.011,4,progressive-house,0.30157916772041254,0,0
4g1TUIuoKWYYnJD0a8hrzb,Projexx;Juls,Caution / Turn Around,Caution,46,155295,True,0.902,0.48,1,-7.684,1,0.087,0.154,0.000115,0.105,0.553,102.021,4,j-dance,0.24007421317565458,0,0
6TFUGAC1zk57FICwy1wZNW,Daddy Yankee;Natti Natasha;Becky G;Bad Bunny,Homecoming Latin Party,Dura - Remix,0,242160,False,0.772,0.803,1,-3.035,1,0.0468,0.187,0.0,0.434,0.853,94.98,4,reggaeton,0.2653963069847311,0,0
7MSehijy3QmQLtv0S14uDn,Robert Haig Coxon,Cristal Silence I,Cristal Silence Section 5,21,394866,False,0.237,0.0453,0,-25.535,1,0.0375,0.913,0.917,0.102,0.0795,65.576,3,new-age,0.5479553465145142,1,1
1NWS6hujc1n3GIVHiDdo7B,João Gustavo e Murilo,Viciando (Ao vivo),Casa mais feliz da rua - Ao vivo,40,165750,False,0.565,0.719,4,-8.41,1,0.0509,0.25,0.0,0.158,0.624,160.004,4,forro,0.25340048176057844,0,0
3672DNEisN5yExyR4KUPww,Blind Melon,REGNIG DAG,No Rain,0,217200,False,0.359,0.573,9,-6.054,1,0.0326,0.665,0.000178,0.136,0.562,73.368,4,grunge,0.457330987746877,1,1
5ynxx6zC4dgzsMHLYQ04Dc,Seether,Karma and Effect,Remedy,70,207213,False,0.55,0.952,8,-4.664,1,0.0924,0.000193,0.000666,0.0614,0.391,127.804,4,grunge,0.2736948446707469,0,0
4255amV4enzl28KAn16rUO,Lost Frequencies,Less Is More,Are You With Me,74,138013,False,0.763,0.608,5,-8.1,0,0.035,0.262,2.5e-05,0.12,0.393,121.02,4,edm,0.28935852254628747,0,0
0aWMVrwxPNYkKmFthzmpRi,Miles Davis;John Coltrane;Bill Evans,Kind Of Blue (Legacy Edition),Blue in Green (feat. John Coltrane & Bill Evans),63,337733,False,0.421,0.0162,2,-25.358,0,0.0388,0.808,0.0024,0.0978,0.154,110.479,4,jazz,0.5303267513374423,1,1
43rKKMlA9F7Xdzzk2OdTVX,Jesse Rice,The Pirate Sessions IV,Beer on a Beach,23,212844,False,0.61,0.631,9,-7.124,1,0.0288,0.129,1.21e-05,0.161,0.604,77.017,4,guitar,0.3106042752839529,0,0
107K6xieSp2ihzoA2vTv2q,Blind Faith,Blind Faith,Can't Find My Way Home,54,196133,False,0.561,0.257,7,-17.417,1,0.0343,0.858,0.00185,0.0949,0.579,88.276,4,british,0.5484210225186882,1,1
6TqNKjiEZoOAw3r4OpiCjT,OneRepublic,De ese gran pop de los 00's,Apologize,0,208106,False,0.596,0.74,8,-6.127,1,0.0338,0.341,2.05e-05,0.102,0.493,118.031,4,piano,0.3689793688974699,0,1
1jJiM8kiIRSZ95xhLmoQZr,Delta Heavy;Koven,FEEL,FEEL,52,220711,False,0.45,0.914,9,-0.513,0,0.0376,0.0121,0.000402,0.121,0.424,174.087,4,drum-and-bass,0.2776599686203354,0,0
7skh6P9IoZ4wQBqTHd0xku,BaianaSystem,Duas Cidades,Calamatraca,33,181706,False,0.657,0.72,9,-6.375,0,0.0858,0.00356,0.000948,0.0809,0.413,142.006,4,dub,0.22643100263145044,0,0
3ZbbTKiMX1p7S1hUXtb9SO,Thiago Ramalho,Quando Te Vejo,Quando Te Vejo,48,194631,False,0.639,0.339,1,-10.937,0,0.0373,0.486,0.0118,0.155,0.176,127.91,3,brazil,0.4036062789712173,0,1
14GkOLSlvq2Q09fFbIgK2u,Yusei,Beyond Your Imagination,Something Like a Love Song,13,293403,False,0.492,0.416,0,-11.569,1,0.393,0.925,0.856,0.15,0.468,67.202,3,chill,0.5997012854373837,1,1
1ObSvlzYuc5PDhklq2iLoJ,UMEK;Mha Iri,Watchers of the Sky EP,Watchers of the Sky - Original Mix,44,402518,False,0.691,0.985,9,-4.384,0,0.0683,0.000685,0.695,0.217,0.0348,132.997,4,minimal-techno,0.14415115021544833,0,0
02hLeVpizdFbyt7MaZ8aUr,Jon Sarta,Disney Piano Classics 5: From the Corner,Let It Go,21,248661,False,0.68,0.154,8,-20.01,1,0.0407,0.975,0.824,0.114,0.149,120.076,4,disney,0.5600405099271315,1,1
6NI3argvAq77Pc76uSG1NO,Carajo,Inmundo,Acorazados,36,250386,False,0.534,0.938,3,-4.299,1,0.0623,0.00559,0.0,0.239,0.578,146.979,4,punk-rock,0.26212136030738437,0,0
3V2ricb6fi4OCJu2rjhL1A,Arijit Singh;Chinmayi,24 (Original Motion Picture Soundtrack),Naan Un,62,288360,False,0.47,0.521,6,-11.142,0,0.0391,0.579,3.39e-06,0.112,0.329,142.268,3,pop-film,0.3429637804219101,0,0
308Ir17KlNdlrbVLHWhlLe,TWICE,Formula of Love: O+T=<3,The Feels,78,198053,False,0.808,0.903,9,-2.179,1,0.0729,0.0899,0.0,0.0816,0.922,120.044,4,k-pop,0.19501025994728072,0,0
5nVCN27s9SCrIdKQ7oNN0p,Stonewall Jackson,Trouble & Me,I've Got to Change,11,129773,False,0.544,0.318,4,-11.036,1,0.0357,0.883,0.0,0.161,0.535,114.294,4,honky-tonk,0.5499128089845998,1,1
51mkxlKoGL1bAj8uR2gE7d,Bazzi,Pop Hits Now,Heaven,0,153391,False,0.798,0.575,5,-5.515,0,0.035,0.14,3.62e-06,0.056,0.683,114.986,4,electro,0.21187245493588222,0,0
3k64vNcgYPkETG7TNgpW4o,Vaundy,裸の勇者,裸の勇者,68,201973,False,0.442,0.888,9,-5.747,0,0.121,0.0127,0.000727,0.2,0.435,163.032,4,j-pop,0.23169035125109508,0,0
74dP5hqakjK6WAs05TqOwb,Amit Trivedi;Javed Ali;Shreya Ghoshal;Kausar Munir,Ishaqzaade,Ishaqzaade,59,316865,False,0.32,0.337,0,-10.91,1,0.0611,0.709,0.0,0.0662,0.206,79.098,4,pop-film,0.4925388363750876,1,1
1nE1VjP943pIuFdNWcLgYM,OneRepublic,Native,Feel Again,49,185080,False,0.471,0.822,7,-8.017,0,0.0538,0.0201,0.0,0.105,0.363,140.007,4,piano,0.28027268087803403,0,0
6ilTR3RpLCAHDt3Z6YuQGx,Cidergirl,シンデレラ,シンデレラ,62,212310,False,0.572,0.955,7,-2.617,1,0.0626,0.0141,0.0,0.315,0.717,129.981,4,alternative,0.17376562422540584,0,0
1A1YlVucS5hugYaeWXfCA8,Yuvan Shankar Raja,Mankatha (Original Motion Picture Soundtrack),Mankatha Theme Music,52,184866,False,0.678,0.375,5,-6.992,0,0.0293,0.25,0.908,0.209,0.202,89.994,4,k-pop,0.35023499426905014,0,1
3QCL4FJOSqLrFDJmcdNSbA,Ritviz;Nucleya,Baaraat,Sathi,52,216219,False,0.585,0.625,6,-5.13,0,0.0765,0.0444,0.0,0.0376,0.666,164.066,4,indie,0.22516319477442756,0,0
3Y69S43VeVX8T2FR8DsWGJ,kizaru,Mas Fuerte,Оу щит,49,166992,True,0.795,0.571,4,-7.1,0,0.0431,0.0164,0.0193,0.103,0.311,134.047,4,emo,0.2009161084200428,0,0
3JsQxnpgou52j7f5Jy3cPu,Yuvan Shankar Raja,Kazhugu 2 (Original Motion Picture Soundtrack),Adi Yendi Pulla,44,223255,False,0.681,0.477,5,-12.117,0,0.239,0.538,0.00501,0.156,0.452,172.047,4,k-pop,0.3525085419127727,0,1
3xr8COed4nPPn6XWZ0iCGr,Yiruma,The Best - Reminiscent 10th Anniversary,River Flows in You,64,218293,False,0.287,0.292,9,-19.285,1,0.0541,0.968,0.978,0.09,0.346,145.703,4,classical,0.5578506863363224,1,1
17ZyJI8Za0GXrlygzlKGuf,Александр Добронравов,Лучшие песни,Такси,0,221538,False,0.314,0.61,4,-6.855,0,0.0685,0.0659,0.0,0.13,0.643,69.027,3,romance,0.4641643567025453,1,1
7sJf9eFhqUFKiR4JaXp7dd,Surfaces,Halloween & Chill,Good Day,0,181000,False,0.937,0.353,11,-12.17,1,0.0458,0.691,2.77e-05,0.133,0.863,124.966,4,soul,0.44024401112015743,0,1
2h9eJrxNG298kW8ar3Oci9,Valentín Elizalde,Ebrio de Amor,Ebrio de Amor,42,166276,False,0.573,0.593,5,-5.761,1,0.0389,0.207,6.97e-06,0.338,0.964,104.666,4,r-n-b,0.33455731740029004,0,0
0zKVsJQbeWL59hisI4vXNo,Dragonfly,Alma Irae,Ángeles Con Una Sola Ala,19,385066,False,0.552,0.974,7,-3.352,1,0.0886,0.00659,4.26e-06,0.222,0.174,110.002,4,heavy-metal,0.2719899062768597,0,0
2M3pgB4TfBkY5s4lTgFIO0,Matheus & Kauan,Se Melhorar Estraga (Ao Vivo),Nem Dói Mais - Ao Vivo,51,188102,False,0.498,0.93,9,-3.958,0,0.131,0.0793,0.0,0.754,0.427,159.833,4,sertanejo,0.34476701252273606,0,0
0ox0AhILvRzvOLXEAgNSdQ,Nathan Lane;Ernie Sabella;Jason Weaver;Joseph Williams,Best of The Lion King,"Hakuna Matata (From ""The Lion King 1½"") - From ""The Lion King""/Soundtrack",31,212346,False,0.441,0.597,0,-7.958,1,0.123,0.573,4.07e-06,0.113,0.657,80.538,4,show-tunes,0.4423266842494607,0,1
3bCp61o3h46Yvr0vgMJlaL,Ellie Goulding;Diplo;Swae Lee,pov: it's 2019,Close To Me,0,182626,True,0.572,0.75,1,-5.042,0,0.0604,0.0946,0.0,0.378,0.475,144.081,4,indie-pop,0.35333721407851126,0,1
75JhYhGyekZtPgDyLbyRqS,Jobii,Flakes,Jellyfish Chute,37,161379,False,0.654,0.519,4,-10.262,0,0.198,0.284,0.909,0.143,0.271,174.019,4,study,0.28586158527254735,0,0
75B4aRb2mpubbZNG6YMeur,alva noto;Ryuichi Sakamoto,DJ-Kicks (DJ Tennis) [DJ Mix],Aurora - Mixed,13,302050,False,0.507,0.0454,5,-28.97,0,0.0576,0.857,0.955,0.109,0.0757,119.95,4,idm,0.5262144380321844,1,1
6oilrypHWm0iylwgX6ujQc,Mayday,知足 just my pride 最真傑作選,知足,46,256626,False,0.519,0.232,4,-9.029,1,0.0269,0.877,0.0,0.104,0.364,80.449,4,mandopop,0.46059425600287957,1,1
3EDbqYLrCNBP7J2CqcMPZO,Duke Dumont;Zak Abel,The Power,The Power,52,197449,False,0.625,0.831,5,-6.757,0,0.0541,0.00447,0.0624,0.0923,0.191,121.929,4,techno,0.1788640589577715,0,0
6t9q7owmdBEYaePgV8u4kG,William Luna,Hasta el Final,Mantaro,24,260653,False,0.607,0.584,2,-7.353,1,0.0368,0.0636,6.5e-05,0.495,0.874,102.021,4,guitar,0.29210006777412867,0,0
6ddyizbXKAF46BDLahptk6,Sweety,花言喬語,櫻花草,54,283826,False,0.541,0.583,2,-4.913,1,0.0329,0.733,0.000329,0.0841,0.39,148.118,4,mandopop,0.36494917373893565,0,1
0FzGKD3N0jK6nNOyOJBvNG,The Beatles,Love,While My Guitar Gently Weeps,53,226756,False,0.417,0.163,5,-14.445,1,0.0369,0.676,0.000211,0.112,0.216,122.61,4,psych-rock,0.5322512318812999,1,1
3rcabUHPdv5Ulw8B6Khkxc,Charlie Sparks (UK),Welcome To London,Welcome To London,61,415594,True,0.596,0.964,6,-8.336,1,0.041,0.000194,0.763,0.119,0.478,144.995,4,techno,0.21463103355867102,0,0
45oxtVfleBBYG9ps80hyTL,Popcaan,CruiseControl: How I Met The Biggest Bird (DJ Mix),Ova Dweet (Mixed),3,151500,False,0.503,0.673,1,-7.685,1,0.395,0.126,0.0,0.607,0.539,128.454,5,j-dance,0.38910912098854167,0,1
0F5GuukYSgfX6ALuyrCgMH,Jamie Cullum,Holidays Are Coming,It's Christmas,0,194706,False,0.598,0.447,8,-7.932,1,0.0404,0.224,0.0,0.0704,0.365,123.855,4,jazz,0.30258713756423805,0,0
59tolr22QPXGEfykN5Y3lD,Caroline Dare,Heart Problem,Heart Problem,44,167507,False,0.648,0.598,0,-6.751,0,0.0623,0.154,0.000132,0.106,0.431,76.025,4,songwriter,0.3545078883374565,0,1
1nAqLID4ZQTgDx4mkL4Ikt,Jamie Cullum,A Merry Modern Christmas,All I Want For Christmas Is You,1,253388,False,0.659,0.274,7,-11.686,0,0.186,0.694,0.0,0.148,0.479,127.862,4,jazz,0.37004114128899646,0,1
2zvAon77qSlqp1fWHyyFvR,The Naked And The Dead,The Naked and the Dead,Cassandra,22,206160,False,0.144,0.987,0,-4.283,1,0.179,9.11e-05,0.28,0.348,0.399,177.502,4,goth,0.37892896343321913,0,1
4blUHVZ0P242n0OM3LvvHp,King Tubby,Calling 1000 Dreadlocks,Six Million Dollar Rock Dub,0,214000,False,0.75,0.751,0,-8.97,1,0.107,0.01,0.0858,0.132,0.614,67.803,4,dub,0.3379892982864976,0,0
5jyLgNLPKalEycqNxAK6Rd,Roni Size;Reprazent,In The Mode,Snapshot,13,261826,False,0.551,0.863,11,-3.394,1,0.207,0.0516,2.56e-06,0.189,0.796,169.839,4,breakbeat,0.28030161470384796,0,0
7c6AxRHaO6nfzhOxLShc94,Patricio Rey y sus Redonditos de Ricota,Cordero Atado,Ladrón de Mi Cerebro,47,214053,False,0.566,0.784,9,-7.609,1,0.0294,0.0875,0.00792,0.115,0.572,109.851,4,punk,0.28492480944321114,0,0
67TCXNNzlPLBpga4ygHgY7,Thunderstorms;Thunderstorm;Calming Sounds,Heavy Thunder and Soft Rain,Dark and Lovely Clouds with Thunder,33,77883,False,0.196,0.448,10,-23.336,1,0.0706,0.65,0.93,0.208,0.0235,109.135,4,sleep,0.5439569228857511,1,1
2W4HNWdpmrg64swTIK6TLI,Lizzo,Back to School!,About Damn Time,0,191822,True,0.836,0.743,10,-6.305,0,0.0656,0.0995,0.0,0.335,0.722,108.966,4,hip-hop,0.2744064132631762,0,0
0whtrgZYUHHKd1OGmb9FbE,Koo Koo Kanga Roo,Face Mask,Face Mask,19,117476,False,0.91,0.776,10,-6.669,0,0.151,0.058,1.15e-06,0.131,0.619,99.972,4,kids,0.23869525236011926,0,0
6tisytwaOaBA4CAZPPdlFP,Baby Do Brasil,Geração Pop,Menino do Rio,45,263733,False,0.38,0.548,0,-9.26,1,0.0333,0.73,0.000142,0.31,0.395,152.498,4,r-n-b,0.4813141206781375,1,1
6YTcjfbKZQArfPzZ5tbTMZ,Idina Menzel,Olaf's Frozen Adventure (Original Soundtrack),Ring in the Season (Reprise),44,76125,False,0.34,0.0836,9,-12.937,1,0.0386,0.988,0.000298,0.101,0.203,171.64,4,show-tunes,0.5606267172656834,1,1
1hZnDaUq0F8VLn800aAbJK,Los Apson,"Amores Incomparables, Vol. 3",Fue en un Cafe,47,191040,False,0.734,0.458,4,-5.547,1,0.0287,0.685,0.0,0.0877,0.718,106.25,4,rock-n-roll,0.30422384102984457,0,0
3sqRODOZ1Z6hR4F2tnFAlg,Maninder Buttar,Sakhiyaan,Sakhiyaan,73,179325,False,0.706,0.674,9,-5.932,1,0.044,0.3,0.0,0.202,0.359,83.001,4,hip-hop,0.3165967316201428,0,0
52ajPhs8jo0XjmQE8WjaJu,Linkin Park,Meteora (Bonus Edition),Easier to Run - Live LP Underground Tour 2003,45,202466,False,0.499,0.92,3,-4.723,0,0.0589,0.0714,0.0,0.116,0.315,105.018,4,grunge,0.314726542709672,0,0
1SXnEl6HKPKea9nG4nh2uJ,Glee Cast,"Glee: The Music, Old Dog, New Tricks",Werewolves of London,22,189413,False,0.691,0.904,9,-6.162,1,0.0295,0.0872,3.96e-05,0.108,0.866,110.025,4,club,0.21453134727178913,0,0
1VB4sadHjFcFklHcZuoROi,Estopa,Estopa,Como Camarón,66,202026,False,0.499,0.721,9,-9.615,0,0.0564,0.216,9.74e-06,0.295,0.843,140.4,4,spanish,0.33547701948139674,0,0
5ENZmalv3TTuZyZpihKyg1,Gammer;Linney,Better Together,Underneath (feat. Linney),35,161333,False,0.546,0.949,4,-4.353,0,0.0534,0.00652,0.00256,0.192,0.246,134.956,4,happy,0.19914963488371026,0,0
0wNf3Yk11625KJ6mDkEjzu,Taba Chake,Bombay Dreams,Aao Chalein,53,185305,False,0.705,0.637,10,-7.367,1,0.084,0.126,0.0308,0.233,0.819,127.656,4,indie,0.2762258323277103,0,0
1oQ3ZeVziQn3302diECtk4,Omar S,Simply,Bread Over Bed,10,361492,False,0.811,0.899,7,-8.484,0,0.0662,0.00328,0.914,0.0975,0.491,122.961,4,detroit-techno,0.22225219340393676,0,0
47KFrBgysM9cBF9BYL74lw,Kolombo;Loulou Players,Dont Go Away EP,Dont Go Away - Zombie Disco Squad Remix,19,406461,False,0.809,0.564,6,-8.028,0,0.0583,6.87e-05,0.599,0.0651,0.639,123.986,4,minimal-techno,0.23605642634599355,0,0
1eR6d1EuujPXYHXEKgK6VU,Madan Mohan;Lata Mangeshkar;Javed Akhtar,Veer - Zaara,Hum To Bhai Jaise Hain,44,257645,False,0.728,0.804,7,-6.191,0,0.0481,0.238,0.00162,0.163,0.578,97.991,4,indian,0.24322108497044673,0,0
5zd5E997WvnVztMHoO5BM3,The Party Cats,Kids Theme Songs,Paw Patrol Opening Theme,0,147091,False,0.729,0.84,2,-7.395,1,0.0274,0.0162,0.0,0.0761,0.771,109.976,4,kids,0.14381098282565724,0,0
7HSOdzvgyS0Cr822oyWQV3,Blind Faith,Apex - The Complete Fantasy Playlist,Battle of Evermore,0,247866,False,0.534,0.416,4,-13.251,0,0.0309,0.572,1.87e-05,0.376,0.374,145.092,4,british,0.5142877025141511,1,1
0v9mFL6DK8xiyJWNPYjXca,Jozyanne,Eu Tenho a Promessa,Abra os Meus Olhos,44,336271,False,0.479,0.693,9,-5.845,0,0.0442,0.242,0.0,0.922,0.352,139.93,4,gospel,0.4109539986358743,0,1
79oZZpI6Z8OODY8CRy5IT3,Deep Chills,Coconut Grove,Coconut Grove,53,148005,False,0.652,0.725,0,-6.542,1,0.047,0.439,0.699,0.156,0.956,119.998,4,deep-house,0.2741522060433593,0,0
0n3mB1nLmwh55MZaqQllEq,Jóhann Jóhannsson,The Theory of Everything (Original Motion Picture Soundtrack),The Wedding,49,102584,False,0.241,0.231,10,-16.365,1,0.0322,0.85,0.939,0.112,0.274,134.836,3,ambient,0.5166803305847129,1,1
12W9unXMYgQhUmTpFzHVv3,Eduardo Costa,"Fora da Lei, EP 1 (Ao Vivo)",Chama Ela pra Mim - Ao Vivo,44,210162,False,0.6,0.608,2,-9.467,1,0.0475,0.205,0.0,0.797,0.305,141.679,4,sertanejo,0.3666371362379885,0,1
68Rnp6Cev6ESnEwlpQI2Ll,SHAED;Jauz,Trampoline (Jauz Remix),Trampoline - Jauz Remix,64,236170,False,0.49,0.606,7,-6.604,0,0.0424,0.169,0.00106,0.0704,0.119,126.553,4,electro,0.267526600604789,0,0
3PVxFrXLdtISm3MSyfkWUk,Attaque 77,Antihumano,Setentista,43,229746,False,0.421,0.907,4,-4.422,1,0.0476,0.0167,6.55e-05,0.198,0.668,156.023,4,ska,0.17500661771426745,0,0
5QWCYlbkt3Kd4ZG837k7oI,Vida Reluz,Deus Imenso,Diante do Rei,49,230133,False,0.555,0.324,9,-10.63,1,0.0282,0.438,0.0,0.264,0.117,129.839,4,brazil,0.3854799437955184,0,1
6eTRQbYbCnrnm0ghn4eUNd,Eleonora Feldt,Allt finns kvar,Allt finns kvar,65,239224,False,0.173,0.0112,0,-35.577,1,0.0333,0.912,0.952,0.107,0.0379,59.386,3,sleep,0.6397232826041815,1,2
4NcW4k39BVv2KzqXzg7gYt,Nora Van Elken,Heaven Is A Place On Earth,Heaven Is A Place On Earth,55,154615,False,0.623,0.845,4,-3.957,1,0.0602,0.0625,0.00276,0.249,0.307,122.854,4,deep-house,0.2745741726495366,0,0
5wvmIBkBcqg1y5kniumrQk,Prateek Kuhad,In Tokens & Charms (Deluxe Edition),Cold Shoulders,34,218269,False,0.669,0.213,10,-15.379,1,0.0398,0.778,0.0146,0.0849,0.204,129.604,3,folk,0.41076929962403563,0,1
7fpvwvVR2zhNaWUAUDXznF,Marcelo Markes,Melhor Lugar: Sessão Acústica,Melhor Lugar: Sessão Acústica,46,252874,False,0.335,0.298,8,-12.329,0,0.0328,0.859,0.00183,0.109,0.105,126.957,4,brazil,0.5168075901497415,1,1
7CZKnz9mEt8Z638tyY5cKL,Monkey Majik,Eden,Eden,54,271520,False,0.54,0.752,11,-5.212,1,0.0267,0.159,0.0,0.363,0.462,84.033,4,j-pop,0.28429046558558835,0,0
3bbqxT5UGZsvTy1r3txs0t,Ash,Mosaïque,Mosaïque,58,221935,False,0.671,0.773,7,-5.789,0,0.0289,0.247,0.797,0.245,0.236,92.968,4,electronic,0.20802853160064386,0,0
5Y11HxYsm8YPbYVzfll1qi,Ricardo Iorio;Cianciarulo,Peso Argento,De Mandadores y Mandados,20,166693,False,0.357,0.986,2,-5.393,1,0.0654,4e-05,0.132,0.302,0.617,145.307,4,heavy-metal,0.2901716527329497,0,0
6vQTZKCbXMHlorFFWbznTW,Ian Munsick;Cody Johnson,Hideaway - New Boots,Long Live Cowgirls,0,184746,False,0.233,0.432,10,-5.957,1,0.0321,0.291,0.0,0.279,0.286,195.663,3,country,0.5413662505896489,1,1
4KjlO4yts8Oe8slM4aeCBe,Plaid,Los,Los,11,290156,False,0.687,0.847,1,-9.404,0,0.0676,0.00779,0.821,0.102,0.227,192.019,3,idm,0.25441116644009243,0,0
1Mbv3EJOUo6twpjn1p5oWY,Dave Brubeck,Ultimate Calm Christmas Jazz,O Tannenbaum,0,215400,False,0.572,0.0134,3,-29.694,1,0.0632,0.995,0.925,0.104,0.0873,113.888,4,piano,0.6225113427797115,1,2
55kDJdv7pymmG4URJlVTYR,Oliver Koletzki,The Arc of Tension,Tankwa Town,50,453506,False,0.736,0.401,7,-11.285,1,0.0476,0.102,0.293,0.0938,0.0543,100.008,4,minimal-techno,0.22000894794002096,0,0
62HWUAEVA2H3COerlBY4FN,TJ Hickey;Bino Beats;Abstract,backseat (remix),backseat - remix,41,140040,False,0.687,0.486,8,-10.767,1,0.0548,0.626,0.0,0.0722,0.722,93.034,4,indie-pop,0.4185108648501682,0,1
0rAuw3mWHHQZm5iczkEJHU,Jack Harlow,On Chill - Rap & RnB,First Class,0,173947,True,0.905,0.563,8,-6.135,1,0.102,0.0254,9.71e-06,0.113,0.324,106.998,4,hip-hop,0.25814897983631735,0,0
359PHdNHrEdBeFXzLC7TJJ,Mickie Krause,Ballermann Hits Party 2023,Für Dich,0,229740,False,0.643,0.996,5,-2.635,1,0.0775,0.0059,0.0,0.163,0.382,139.966,4,party,0.2568861956236683,0,0
0YHuruiHL4Vzna7jeOdfJt,Lamb of God,Omens,Nevermore,54,275924,False,0.496,0.988,4,-4.409,0,0.11,8.33e-05,0.323,0.155,0.199,102.005,3,metal,0.2859399644676306,0,0
3UHv8SSIkNUDRBUHJx3Cg6,The Beatles,Abbey Road (Super Deluxe Edition),Oh! Darling - 2019 Mix,52,207146,False,0.437,0.669,4,-6.524,1,0.0395,0.0344,0.00395,0.347,0.514,173.67,3,british,0.31150998501470445,0,0
0G1QJXeeYKChFaYm5oMd6u,Matteo Tura,Lumen,Lumen,38,230727,False,0.498,0.909,7,-6.096,1,0.0331,0.000336,0.954,0.109,0.0396,100.01,4,club,0.24907063488796563,0,0
7InCJS4uYocZm0SHh0Doro,Gregory Porter;Anita Wilson,Soulful Christmas,Go Tell It On The Mountain / Ain't No Mountain High Enough - Medley,0,256040,False,0.559,0.79,2,-5.057,1,0.0535,0.0507,0.0,0.269,0.589,101.946,4,j-pop,0.3054565327693724,0,0
1XwCMlrS2Idp9kKQyXMyCP,Alan Menken,Rapunzel Neu Verföhnt,"Flynn Wanted - From ""Tangled""/Score",20,171160,False,0.32,0.516,1,-11.792,1,0.17,0.84,0.0474,0.226,0.141,146.921,4,show-tunes,0.5077133605045219,1,1
5c0lWlmIyCq7hzBhpZasYL,Jubël,Weekend Vibe,Weekend Vibe,65,166909,False,0.688,0.742,5,-6.363,1,0.0496,0.00912,1.37e-06,0.186,0.74,110.026,4,swedish,0.22168326370775748,0,0
3KDZ70hGCblHi2XO6DYLUV,Lalo Ebratt;Trapical,Fiesta portatil,Boomerang,0,181045,False,0.603,0.661,0,-5.857,0,0.088,0.221,0.000303,0.0997,0.919,92.135,3,reggaeton,0.3126751034950992,0,0
5QtEFRYavs5S3GHtFEq7A4,Arijit Singh,Kabir Singh,Tujhe Kitna Chahne Lage,68,284779,False,0.395,0.397,11,-7.556,1,0.0368,0.735,0.0,0.11,0.303,70.568,4,pop-film,0.44203973255249795,0,1
6H8qW0UoLvVWFaE0sms6NK,GG Magree,My Wicked,My Wicked,42,233048,False,0.333,0.805,0,-4.376,1,0.0433,0.0856,0.0,0.285,0.175,163.969,4,dubstep,0.2916719247869605,0,0
3Z3qXBFfGKYpzSZRvcHRy5,Ralphi Rosario,Uc Anthems Volume 3 EP,Take Me Up (Lego's Mix),24,384219,False,0.887,0.651,5,-7.895,1,0.0421,0.027,0.105,0.0503,0.652,123.004,4,chicago-house,0.186118508301204,0,0
5U94kDnOenuSxzkUM6KNfh,Emitt Rhodes,The Emitt Rhodes Recordings (1969-1973),Lullabye,49,65773,False,0.483,0.0584,0,-21.374,1,0.0322,0.919,0.154,0.0953,0.695,97.57,4,psych-rock,0.49833159837726704,1,1
0lozAj904nKA5sb3C6aAPu,Zeca Pagodinho,Zeca Pagodinho Naturalmente,Deixa A Vida Me Levar,50,275466,False,0.631,0.845,11,-8.08,1,0.236,0.486,0.0,0.0864,0.807,105.103,4,pagode,0.3680271293404794,0,1
1ox7rM1pfLt0xhXsRVxDma,Confess,In Pursuit of Dreams,Did You Get My Message?,0,266040,True,0.502,0.988,2,-3.033,1,0.0923,0.000572,0.0,0.196,0.455,130.029,4,iranian,0.24658032092170887,0,0
5mN3xSyvCmFy1jkdA98IfS,Wizkid,Fever,Fever,56,252244,False,0.755,0.806,0,-4.618,0,0.0479,0.544,0.000114,0.0908,0.892,98.008,4,dancehall,0.2518645585643694,0,0
4pp9Yhne1AavWHck7OzGFD,Chelsea Grin,Evolve,"Don't Ask, Don't Tell",50,321746,False,0.467,0.983,9,-3.443,0,0.153,0.00209,0.105,0.349,0.0833,120.01,4,death-metal,0.1734212429265904,0,0
7aeAyToos4zz03yj7oFgYh,Szeukers,Sloop De Bleumkes,Sloop De Bleumkes,28,183759,True,0.617,0.665,8,-6.291,0,0.242,0.00583,0.0,0.0862,0.285,159.959,4,hardstyle,0.36243832057936676,0,1
7cTOHp4e3lQjt6UlHRjwPM,Slank,Lagi Sedih,Nggak Perlu,37,242520,False,0.397,0.467,4,-13.932,1,0.0304,0.0138,0.000897,0.114,0.396,142.851,4,blues,0.4024946909991175,0,1
5saBHi3sDRRcrtLUC4zwuZ,Nikolai Erdenko,Шедевры цыганской музыки. Серебряная скрипка романса,Я Вас любил,0,199280,False,0.305,0.201,3,-13.253,1,0.036,0.926,0.265,0.17,0.04,102.865,5,romance,0.5942407313946496,1,1
20hq7nXNC6sy3M636qTMI7,Kato,Zelda Vibes,Song of Storms,44,103705,False,0.76,0.366,5,-8.91,1,0.0479,0.837,0.907,0.0945,0.317,84.998,4,anime,0.3230461438076857,0,0
1ZCKHOhHGPRD6sbjVAedlv,Alessia Cara,All I Want For Christmas Is You,Make It To Christmas,0,211013,False,0.535,0.522,2,-7.87,1,0.0363,0.131,0.0,0.438,0.305,77.054,4,electro,0.34217582702320476,0,0
60KZzvMOCeuDMwT8yVp84N,Plastilina Mosh,Tasty + B Sides,El Sirenito,23,235186,True,0.671,0.898,7,-6.861,1,0.0771,0.11,2.61e-05,0.117,0.875,92.953,4,afrobeat,0.17102340260220766,0,0
12Oywn6DYHxxnq1DUFrwRR,Marie Protivová,Pomalu,Pomalu,62,204000,False,0.0656,0.0272,2,-34.766,0,0.0449,0.967,0.956,0.0821,0.0638,68.828,3,sleep,0.5823958550355085,1,1
2aJDlirz6v2a4HREki98cP,Bicep,Bicep,Glue,74,269149,False,0.853,0.798,4,-7.995,0,0.068,0.0158,0.948,0.0967,0.42,129.983,4,ambient,0.1418025581301025,0,0
6pArG37G17mn5yBeDepzml,Dempagumi.Inc,プリンセスでんぱパワー!シャインオン!/千秋万歳!電波一座!,千秋万歳!電波一座!,17,291460,False,0.547,0.99,8,-2.858,1,0.218,0.00581,0.0,0.123,0.734,168.097,4,j-idol,0.29631615817501933,0,0
7y0aQ62mgR5ASfA6HL6iwW,Chris Robinson,"Gut Bussa, Vol. 1",Underwear,23,173252,True,0.58,0.33,8,-16.166,1,0.948,0.718,0.0,0.802,0.702,84.172,3,comedy,0.7526404272057159,1,2
28X3oUkHJBD0H6Paal3rJX,Priest,New Flesh,Reloader,25,204000,False,0.661,0.556,11,-10.241,0,0.0285,0.0552,0.000274,0.0645,0.567,115.019,4,industrial,0.37088646726279856,0,1
0kPXtyPmSXjU90Mf3lOIlt,Tobee,Jetzt ist der Teufel los,Jetzt ist der Teufel los - Single Party Version,23,239394,False,0.556,0.999,0,-1.876,1,0.293,0.0818,0.0,0.829,0.643,150.996,5,party,0.33966922941608074,0,0
01xdiGuSuIf5qZulm1uqkY,D-Block & S-te-Fan;D-Sturb,Feel It!,Feel It!,64,236903,False,0.459,0.941,9,-2.053,0,0.0777,0.0191,0.0,0.371,0.399,155.023,4,hardstyle,0.3080572091751273,0,0
0RywTYPLSmDNiVOwzo0K1h,Seu Jorge;Zeca Pagodinho,"Musicas para Churrasco, Vol.1 (Ao Vivo) (Delux Edition)",Judia de Mim (Ao Vivo),42,132320,False,0.5,0.841,0,-6.456,1,0.163,0.805,0.0,0.641,0.911,126.034,4,samba,0.49134643118111404,1,1
1dvnUfL3Ne47QlSoIo8Y3a,Ewa Konstancja Bułhak,Bambukalambu,Lew to pech,31,105693,False,0.493,0.544,2,-9.919,1,0.0481,0.67,1.66e-05,0.0364,0.773,175.498,4,disney,0.46016285820157204,1,1
0AFDe9XA8JjerFSsnsP1K8,Lauren Babic;Seraphim,"Covers, Vol. 2",Lovely,55,181043,False,0.523,0.563,4,-8.398,0,0.0439,0.235,4.01e-06,0.0876,0.323,115.1,4,hardcore,0.31567674973259735,0,0
2pYaGdqXBrl8MdvuwgtBb7,Skillet,Victorious,Legendary,63,244538,False,0.548,0.924,11,-4.48,0,0.0689,0.00033,1.42e-05,0.162,0.242,124.031,4,metal,0.26420550386210956,0,0
16LSXbobYBqw92c8DDEfS1,Andrea Roma;Leusin,Still Loving (Martin Roth Interpretation),Still Loving,44,218536,False,0.856,0.672,7,-6.848,0,0.0497,0.407,0.605,0.244,0.0579,123.04,4,minimal-techno,0.2909319737054284,0,0
4rMLQycynM5w0fmZregNe7,Tyler Hubbard,Artsy & Colourful,5 Foot 9,1,189780,False,0.602,0.796,5,-5.609,1,0.0465,0.146,0.0,0.125,0.53,106.005,4,country,0.26123361846324816,0,0
2gKDcx33x3s7anJxhBLVz5,Ministerio Ipiranga,Venha Teu Reino,Águas Limpas,37,387146,False,0.546,0.601,4,-6.522,1,0.04,0.676,0.0,0.918,0.253,124.921,4,gospel,0.4732332776987929,1,1
3yuCAw61jqfyv2KzMoVdXA,Ludovico Einaudi,Divenire (Deluxe Edition),Fly,58,278933,False,0.174,0.178,1,-18.717,0,0.0362,0.994,0.861,0.0737,0.0347,167.972,3,ambient,0.5129298423760273,1,1
0eei3Q3RLKtA9HkvYCQC7t,Prateek Kuhad,Shehron Ke Raaz,Khone Do,44,239360,False,0.514,0.123,10,-11.512,1,0.0379,0.851,0.0394,0.127,0.169,122.782,4,indian,0.5877809563091726,1,1
1B5YsfY3azhY2WBsyK0NgC,Upon A Burning Body,The World Is My Enemy Now,I've Earned My Time,23,187733,False,0.459,0.995,7,-2.107,0,0.131,0.000123,0.0,0.183,0.29,127.343,4,death-metal,0.3479854026027344,0,0
18PRNYTB4Y282IbNnt8RI8,Uncle Earl,Raise A Ruckus,Julianne Johnson,24,153720,False,0.556,0.494,2,-9.875,1,0.0403,0.72,0.91,0.215,0.908,131.212,4,bluegrass,0.48914849910694735,1,1
6UKrqWqzDTCYBCH2OXAMC3,Yann Tiersen,Cascade Street,I've Never Been There,57,95093,False,0.638,0.384,7,-7.193,1,0.047,0.926,0.341,0.44,0.766,99.967,4,ambient,0.5294992792408478,1,1
2e8hLllj0W2BV54QWPIt9U,Roy Davis Jr.;Peven Everett,Gabriel,Gabriel - Scroll Mix,14,417165,False,0.846,0.448,1,-13.209,1,0.0575,0.0138,0.837,0.0746,0.467,127.979,4,chicago-house,0.25311850275099224,0,0
5UcpS8tiqIBonv1O145xlq,Chelsea Cutler,REGNIG DAG,Devil On My Shoulder,0,212493,True,0.661,0.323,7,-9.579,1,0.0412,0.649,1.82e-05,0.193,0.372,129.955,4,electro,0.49867453155758845,1,1
5FtemPS1ZEhULQnIN8gmVT,The Souljazz Orchestra,Inner Fire,Agoya,20,306733,False,0.739,0.88,7,-5.531,1,0.0723,0.59,0.811,0.198,0.783,115.967,4,afrobeat,0.3268367878144812,0,0
4mTLnLuHoGhA2xd595OMg1,Dion Timmer,Shiawase (VIP),Shiawase - VIP,43,181750,False,0.557,0.98,8,-0.563,1,0.154,0.00612,0.000176,0.665,0.5,150.096,4,dub,0.22481814967318536,0,0
4ypHsbn2y6aXKuDCHDrYT6,Jason Derulo,Tropical Vibes,Acapulco,0,139672,False,0.774,0.792,10,-4.021,1,0.0523,0.051,0.0,0.155,0.507,122.062,4,dance,0.14121621609426763,0,0
6beSXVbbvppuDsgD1pAZuG,Alvin & The Chipmunks,Alvin And The Chipmunks: The Road Chip (Original Motion Picture Soundtrack),"Iko Iko - From ""Alvin And The Chipmunks: The Road Chip"" Soundtrack",48,120200,False,0.751,0.867,7,-3.411,1,0.179,0.253,0.00419,0.0653,0.962,169.933,4,children,0.26960993689897034,0,0
4GiVJNc7DUa8xxmRuecZsB,Hanumankind,Kalari,Wildshit,20,194000,True,0.694,0.561,9,-10.436,1,0.344,0.0461,0.0,0.163,0.42,180.105,4,malay,0.3223123669806015,0,0
6d2ztWPZcsIX3UrxuCVROf,Hakan Akkus;Ilkan Gunuc,I Can't Be (Ilkan Gunuc Remix),I Can't Be - Ilkan Gunuc Remix,37,254237,False,0.722,0.536,10,-7.868,0,0.0287,0.0678,0.129,0.0935,0.337,117.997,4,groove,0.19232166962674074,0,0
2Qm7HUXiXKIKRlfGGyEHL5,He Is Legend,White Bat,When The Woods Were Young,29,216170,False,0.244,0.964,2,-4.663,1,0.119,4.07e-05,0.436,0.244,0.216,177.6,4,metalcore,0.3619692236235707,0,1
6unYNtRRSI65tn3GJUFYlZ,kizaru;Milian Beatz;Lil Gotit,Gang Outside,Gang Outside,52,194117,True,0.865,0.594,10,-8.888,0,0.252,0.136,1.02e-05,0.273,0.545,118.974,4,emo,0.24850858584001606,0,0
2bEBafnFsw7a0X8rjJxdBh,Thelma Houston,Best Of Thelma Houston,Jumpin' Jack Flash,31,205400,False,0.532,0.697,8,-11.461,1,0.0393,0.0632,0.341,0.258,0.817,132.751,4,disco,0.3921805802503218,0,1
5uBKhKWTJ4E47rcLQqu3YH,The Wailers,Burnin' (Deluxe Edition),I Shot The Sheriff,60,279720,False,0.801,0.641,8,-9.349,1,0.173,0.34,4.5e-05,0.0693,0.741,96.96,4,dub,0.23957192116797985,0,0
7DY2nRhvYwOOiOWWqydNvN,Paul Elstak;Partyraiser,Back From The Dead,Back From The Dead - Original Mix,17,248662,False,0.582,0.867,6,-4.35,0,0.127,0.00434,0.000158,0.306,0.539,92.563,4,happy,0.22272820056195686,0,0
5SbE5ptbYNFahUdICaS6kp,Marshmello;Demi Lovato,pov: it's 2020,OK Not To Be OK,0,159862,False,0.743,0.837,1,-5.025,0,0.0649,0.0172,0.0,0.0743,0.263,103.072,4,house,0.16234476445320295,0,0
7MvUTgehqKITlwxPTNfPuU,Alessia Cara,Concierto en la ducha,Growing Pains,0,196533,False,0.354,0.753,1,-6.274,0,0.743,0.0836,0.0,0.314,0.455,191.139,4,electro,0.5258159225073314,1,1
0OF6WSdeVmYEGBZlxvwvLq,The American Dollar,Ambient One,Anything You Synthesize - Ambient,53,248125,False,0.496,0.0936,1,-22.248,0,0.0359,0.43,0.94,0.0997,0.0308,120.116,4,ambient,0.4527281705549226,1,1
4rjkDg26WVRWMZ1XL02z8m,Hillsong Worship;Brooke Ligertwood,King Of Kings (Live),King Of Kings - Live at Hillsong Conference,45,291565,False,0.454,0.427,2,-8.049,1,0.029,0.0205,0.0,0.69,0.184,135.887,4,world-music,0.44049386115971023,0,1
0WyIhAFBnroUJ8Decba0j1,The Wood Brothers,Paradise,Singin' to Strangers,26,230986,False,0.422,0.772,7,-5.386,1,0.0307,0.000496,0.0,0.338,0.653,152.819,4,bluegrass,0.2572200918650035,0,0
3Cx4yrFaX8CeHwBMReOWXI,Billy Joel,Storm Front,We Didn't Start the Fire,76,287733,False,0.712,0.967,7,-5.206,1,0.047,0.0771,0.0,0.356,0.895,145.024,4,piano,0.1576683766375725,0,0
37Vpwl1B9rV95igWTpDiUp,Alvaro Diaz,Homecoming Latin Party,LENTITO,0,203546,False,0.584,0.803,1,-4.953,1,0.273,0.0392,4.71e-05,0.0973,0.339,108.049,4,latino,0.273880051744391,0,0
4viZNXLsmhCsSVjiRZ7GC1,CoComelon,Nursery Rhymes by CoComelon,Baa Baa Black Sheep,49,147780,False,0.711,0.396,0,-11.266,1,0.0486,0.829,3e-05,0.119,0.969,199.955,4,children,0.49713565743312504,1,1
4CuXyFGGXns7BvvYYCaWA0,Greyboy,Soul Mosaic,Omega,19,64693,False,0.755,0.876,2,-8.079,1,0.0729,0.014,0.826,0.0641,0.894,108.383,4,afrobeat,0.2241812511614967,0,0
3HKiR4t12GW18bnPUVhx5l,Seven Lions;Wooli;Trivecta;Nevve,Island (feat. Nevve),Island (feat. Nevve),51,278400,False,0.427,0.836,5,-3.323,0,0.0466,0.0456,0.00238,0.369,0.248,150.128,4,dub,0.16890166892103645,0,0
58DLcRczOIATNmqrUDosCU,Bruno & Marrone,De Volta aos Bares,Duas Vezes Você - Ao vivo,52,226960,False,0.632,0.789,7,-6.98,1,0.0414,0.406,0.0,0.708,0.681,134.96,4,sertanejo,0.30675358512311546,0,0
4YZFBZr3x5kEWRhKDU6WYz,Stevie Wonder,Classic Christmas 2022,The Little Drummer Boy,0,185453,False,0.523,0.448,2,-13.53,1,0.0593,0.442,0.0,0.111,0.351,134.511,4,funk,0.4340827519464758,0,1
4YrNMRi01sLoeidswaezgA,Mike Posner;Seeb,Beats Electro Mood,I Took A Pill In Ibiza - Seeb Remix,0,202440,True,0.671,0.806,7,-5.198,0,0.0889,0.0305,1.2e-05,0.298,0.646,104.39,4,edm,0.24254870096212114,0,0
0WrxJn5wWUgU9U2gY0khWf,Barão Vermelho,Balada MTV,Puro êxtase,45,248600,False,0.754,0.874,9,-5.847,1,0.047,0.144,6.15e-05,0.834,0.682,114.445,4,mpb,0.2490230201385381,0,0
3zHq9ouUJQFQRf3cm1rRLu,Ellie Goulding,Delirium (Deluxe),"Love Me Like You Do - From ""Fifty Shades Of Grey""",79,252534,False,0.262,0.606,8,-6.646,1,0.0484,0.247,0.0,0.125,0.275,189.857,4,dance,0.3333390457080358,0,0
4IM0eSvgcbFwuwMx0iYOUu,Paul Anka;Odia Coates,Best 70s Rock Tunes,I Don't Like To Sleep Alone,0,198826,False,0.471,0.557,10,-9.696,1,0.0277,0.413,7.61e-06,0.267,0.26,127.164,4,rock-n-roll,0.46613627999115603,1,1
7y3MmRQ8IowzGMo18DD5oh,Roger Bart,The New Mel Brooks Musical - Young Frankenstein,Frederick's Soliloquy,19,47013,False,0.405,0.292,3,-8.178,0,0.091,0.742,0.0,0.082,0.535,161.191,4,disney,0.4852395368963928,1,1
0t5vqlqckfz7j27aL4Hz1c,Kerala Dust,Motions,Medea,50,308728,False,0.826,0.303,6,-15.485,0,0.0603,0.591,0.496,0.152,0.035,108.016,4,electronic,0.388629675543532,0,1
1Ukz0CbWzSxCx8IEMGvvIE,Steely Dan,Best 70s Rock Tunes,Midnite Cruiser,0,246600,False,0.64,0.644,1,-10.273,1,0.0283,0.273,0.0,0.0449,0.722,99.197,4,country,0.3469942161052347,0,0
6XxGhgnq91CRRNdzTUi4Dj,Duran Duran,Session Acoustique,Ordinary World - Acoustic,1,309160,False,0.437,0.434,1,-7.739,0,0.0274,0.46,1.04e-05,0.101,0.253,140.714,4,synth-pop,0.37254091218062746,0,1
3h2WUCujW310vIT0Dd2hCa,Proem,Socially Inept,Da.vironment,14,203280,False,0.485,0.614,1,-16.593,1,0.0578,0.189,0.91,0.13,0.337,113.354,4,idm,0.24963199444907733,0,0
3Maqlu2aPlU8NluW19O8JD,Matilda Mann,Because I Wanted You to Know,Paper Mache World,55,179083,False,0.479,0.754,2,-5.818,1,0.0849,0.455,5.82e-06,0.127,0.575,180.109,4,british,0.4358917282181195,0,1
10TcaC8gPaLnUTixaAiSWC,Надежда Обухова,Великие исполнители россии: надежда обухова,"Слушайте, если хотите",0,125133,False,0.465,0.0819,8,-15.578,1,0.0448,0.989,0.0,0.117,0.19,131.712,4,romance,0.626116399717732,1,2
1WqKCdqgzthIO1MpBq76Bv,Sergei Prokofiev;Chicago Symphony Orchestra;Claudio Abbado,Classical Christmas,"Lieutenant Kijé, Symphonic Suite, Op. 60: IV. Troïka",0,164000,False,0.375,0.145,2,-18.732,1,0.0361,0.963,0.889,0.128,0.329,77.903,4,classical,0.6478681478158476,1,2
6R1Im770Tq8UzZ2uKT01fh,The Knocks;Rivers Cuomo;Royal & the Serpent,Alternative Rock Mixtape,Sound the Alarm,0,171587,False,0.688,0.788,5,-3.064,0,0.0436,0.0164,0.000306,0.541,0.774,101.006,4,house,0.3605579221904883,0,1
7AWLGa1ttY56igP0NhHYXT,Ann Clue;Boris Brejcha,Acid Attack,Acid Attack,44,462720,False,0.85,0.369,6,-15.336,1,0.145,0.000203,0.837,0.0812,0.221,124.988,4,minimal-techno,0.18505231298301708,0,0
2ek5KjrttDKD3cTEJYwR6S,Delano Smith,Deep Fundamentals,Road to Nowhere - Original Mix,8,428083,False,0.692,0.3,7,-14.378,1,0.075,0.357,0.843,0.0891,0.243,123.935,4,detroit-techno,0.4361472380817679,0,1
7mf75mbPFLmtlcofz9mkk2,Yuri Morfessi,Юрий Морфесси. 20 лучших песен,Бублички,4,167560,False,0.693,0.353,4,-8.167,1,0.111,0.993,0.0,0.419,0.883,142.443,4,romance,0.5221798019801228,1,1
5e3YOg6fIkP0wD5TyxcHOH,Living Colour,Vivid (Expanded Edition),Cult of Personality,68,294826,False,0.504,0.918,0,-3.463,1,0.0517,0.00164,2.12e-05,0.78,0.539,92.031,4,metal,0.2395921903549033,0,0
5aQe0faFOjeskrHwpleXLJ,When Chai Met Toast,Yellow Paper Daisy,Yellow Paper Daisy,55,199772,False,0.428,0.442,7,-10.485,1,0.0303,0.775,0.000132,0.0818,0.687,105.829,4,folk,0.5150410193715633,1,1
1Cv1YLb4q0RzL6pybtaMLo,Surfaces,Where the Light Is,Sunday Best,77,158571,False,0.878,0.525,5,-6.832,1,0.0578,0.183,0.0,0.0714,0.694,112.022,4,soul,0.1529466409438141,0,0
0CQPPHjPpG4kAzvfOcKvh8,for KING & COUNTRY,What Are We Waiting For?,For God Is With Us,58,196846,False,0.338,0.643,4,-7.093,0,0.0681,0.0102,1.98e-05,0.11,0.15,75.571,4,world-music,0.40623520419842574,0,1
6ASkheRUcaSa2TiP8fNPXB,Evil Activities,Evil's Greatest Activities (Mixed Version),Nobody Said It Was Easy [Mix Cut] - Original Mix,57,206160,False,0.247,0.834,0,-6.64,1,0.0515,0.00657,0.00088,0.38,0.058,172.792,4,happy,0.3037756265050672,0,0
5IfkPX8IQP35lYoR2ILOEx,Death Cab for Cutie,Rock Brandneu,Here to Forever,0,226320,False,0.62,0.773,2,-8.324,1,0.0382,0.0741,0.000606,0.158,0.934,157.991,4,indie,0.30741392306235066,0,0
0OoPk96TtCA3gNFT3jfime,O Rappa,Nunca Tem Fim (Standard),O horizonte é logo alí,42,228080,False,0.497,0.917,10,-4.996,0,0.0843,0.00753,0.000652,0.198,0.645,159.968,4,r-n-b,0.2924806061783602,0,0
32nusAofV3372piP7Thg8w,Celtic Woman,Celebration,Danny Boy - 2013 Version,19,197693,False,0.271,0.101,3,-14.4,1,0.0383,0.977,0.0,0.0969,0.211,150.204,5,opera,0.604596700647102,1,2
6zyrb7dW1IR4Hrc8nXJsln,Linkin Park,Hybrid Theory (20th Anniversary Edition),In the End,54,216800,False,0.555,0.844,3,-6.567,0,0.0553,0.00818,0.0,0.0895,0.464,105.193,4,grunge,0.2532380284488759,0,0
0hvaFbXyQGo7He66hmmGFh,Against The Current,Tek It - New Noise,Wildfire,0,166779,False,0.569,0.884,6,-5.654,0,0.0316,0.000158,0.000619,0.199,0.429,121.01,4,punk,0.1932461418035181,0,0
2po4ihyng69XdgRgmwGIcT,JANE HANDCOCK;Snoop Dogg,Gangsta Grillz: I Still Got It,Girls Love Snoop,3,191861,True,0.787,0.445,4,-8.575,0,0.212,0.0112,0.0,0.0935,0.904,91.981,4,funk,0.29542754588574416,0,0
4vQnWwYBGabKpAoYLfinQp,Pitty,Anacrônico,Anacrônico,40,192106,False,0.483,0.868,0,-6.083,1,0.14,0.014,0.0,0.487,0.561,138.111,4,hard-rock,0.36412779080983926,0,1
7nudwi49ZHlgt6AtNNgVnJ,Tritonal;HALIENE;SCHALA;Jorza,Tritonia 400,Long Way Home (Tritonia 400),0,304390,False,0.584,0.77,11,-3.514,0,0.0644,0.0113,3.39e-05,0.418,0.411,129.913,4,dubstep,0.4306113038260052,0,1
4C4pU60ahf7UjFwxnQdetc,Matthias Reim,Meteor,Ich geb uns nicht auf,26,222000,False,0.486,0.79,2,-5.358,1,0.0393,0.00385,0.000101,0.166,0.296,172.041,4,party,0.32902304128020854,0,0
3yTRxKoTqRfvU1vrsGMjYx,Xande De Pilares,Nos Braços Do Povo (Ao Vivo / Vol.2),Coração Radiante - Ao Vivo,37,151263,False,0.574,0.754,0,-6.838,1,0.0497,0.797,0.0,0.98,0.95,98.005,4,samba,0.46306444994808477,1,1
61mWefnWQOLf90gepjOCb3,Slipknot,Vol. 3: The Subliminal Verses,Duality,80,252613,False,0.354,0.982,4,-3.026,0,0.168,0.000237,0.000294,0.204,0.194,143.772,4,alternative,0.23635553467804166,0,0
4d82n6rQPwKAku8DgDPCQl,Los Apson,Peerless 80 Aniversario - 24 Exitos Vol. 1,No hay amor,35,153026,False,0.651,0.339,2,-9.859,1,0.0286,0.611,5.77e-06,0.0762,0.78,104.965,4,rock-n-roll,0.43364092325297743,0,1
0XSA1QFx0nJk4m5wdh2omn,Ícaro e Gilmar,Sextou BB 4 Completo (Ao Vivo em Goiânia),Então Pode Ir / Se Não Tivesse Ido (Ao Vivo),45,311195,False,0.551,0.576,2,-4.951,1,0.0279,0.621,0.0,0.729,0.544,104.141,4,sertanejo,0.39342000743985855,0,1
7pXuB2ZfTEmltCxaVCxhWf,Lola Indigo;Danna Paola;Denise Rosenthal,Clásicos de ahora: Perreo,Santería,0,184000,False,0.74,0.892,11,-2.756,0,0.0664,0.025,0.0,0.188,0.826,105.003,4,spanish,0.2712525756833918,0,0
293xyTq2gy7G5PFaMeBbmd,Ariel Ardit;Orquesta Tipica,A los Cantores (En Vivo),La Luz de un Fósforo - En Vivo,25,174693,False,0.505,0.436,7,-5.975,1,0.0453,0.866,0.0,0.966,0.46,113.526,3,tango,0.5834317791128693,1,1
0FjwrnkoCQOVu67Urzkq3P,Keane,Отново на училище,Somewhere Only We Know,3,236160,False,0.453,0.655,9,-4.22,1,0.0257,0.0794,7.06e-06,0.0849,0.366,172.01,4,piano,0.3774213953486182,0,1
239yM7BAQ2CkNc61ogPGXo,John Mayer,Sob Rock,Shot in the Dark,63,249080,False,0.741,0.556,2,-9.184,1,0.0266,0.0629,0.041,0.103,0.587,122.008,4,singer-songwriter,0.20972272619271043,0,0
1T5C6ENvpM3IiYeezsK9uI,Kollegah;Casper,King,Karate,40,195813,True,0.436,0.717,9,-6.055,1,0.305,0.00559,0.0,0.334,0.357,78.632,4,german,0.42118295307776504,0,1
2VEyRBSTePcHdGoWTwPgS9,Shade k;Terrie Kynd,Smack Alors On Danse (Dub Edit),Smack Alors On Danse - Dub Edit,14,199711,False,0.735,0.901,9,-5.798,1,0.106,0.0104,0.646,0.057,0.825,132.035,4,breakbeat,0.24074988208018558,0,0
2wnjZXcAT3rCjjqxLeHjv7,Freddie King,Getting Ready... (World),Going Down,61,204333,False,0.565,0.526,0,-11.352,1,0.0365,0.0339,0.000119,0.11,0.637,167.936,4,blues,0.23643354960670498,0,0
1JAMQgaE6RaYk3L81nn3fq,Paradise Lost,Icon,Dying Freedom,25,223760,False,0.397,0.92,7,-9.214,1,0.0702,0.0105,1.42e-05,0.192,0.372,130.189,4,death-metal,0.24914557609805038,0,0
4iObEYRE4FLm0D90gmZFef,Thomas Daniel,Since U Been Gone,Since U Been Gone - Acoustic Version,50,221170,False,0.538,0.162,5,-13.31,1,0.0299,0.847,0.0,0.114,0.366,94.981,4,acoustic,0.5271742263184117,1,1
1YQE7CCiRWAxJWkJcbjxCa,JADED;MIRAMAR,Overtime (Remixes),Overtime (MIRAMAR Remix),39,212957,False,0.773,0.897,2,-4.855,1,0.139,0.00301,0.612,0.118,0.372,123.978,4,groove,0.1419869420732286,0,0
0dLbrlAVPPjpPqnYfmJsWk,Atif Aslam;Alisha Chinai;Pritam,Ajab Prem Ki Ghazab Kahani (Original Motion Picture Soundtrack),Tera Hone Laga Hoon,73,299827,False,0.684,0.771,8,-5.353,1,0.0307,0.548,0.0,0.112,0.539,119.982,4,pop-film,0.296073083691358,0,0
37f4ITSlgPX81ad2EvmVQr,Rachel Platten,Wildfire,Fight Song,77,204013,False,0.564,0.714,7,-4.987,1,0.129,0.0549,0.0,0.155,0.33,175.924,4,rock,0.31892832720530695,0,0
2ZiJidFdQ30nVJEP4u44l3,I Prevail,Heart Vs. Mind,Blank Space,63,240927,False,0.437,0.863,11,-5.28,0,0.0941,0.00302,0.0,0.144,0.233,194.073,4,metalcore,0.18325791081581694,0,0
1YnLthg0HOs8YTzgN5hVh2,Kina Grannis;Imaginary Future,God Only Knows,God Only Knows,55,136542,False,0.658,0.125,8,-15.901,1,0.0323,0.877,0.0,0.287,0.507,106.686,4,acoustic,0.5184033350021713,1,1
0WwbnrNcJf6IXdfZIMdwuM,Terra ,Jävla EP:n,Tack Och Förlåt,25,216586,False,0.387,0.858,8,-5.562,0,0.0417,2.32e-05,0.000239,0.155,0.56,144.959,4,goth,0.3396953561938837,0,0
7nojPrUwjypEwo5HVV5TXg,Numb,Kəmfərtəbəl,Omni,24,404000,False,0.514,0.34,7,-15.91,0,0.0292,0.554,0.914,0.116,0.0391,160.004,4,industrial,0.4711170166094526,1,1
6KHeC3PaXJrsrzkMuop9Gl,Central 3,Cumprirás,Cumprirás,39,340493,False,0.414,0.482,2,-7.948,1,0.0317,0.212,1.34e-05,0.0773,0.152,146.752,3,gospel,0.32034517253077927,0,0
0HLhptvI8NozbOHRLNniFz,David Guetta;Bebe Rexha;Ty Dolla $ign;A Boogie Wit da Hoodie,"Family (feat. Bebe Rexha, Ty Dolla $ign & A Boogie Wit da Hoodie)","Family (feat. Bebe Rexha, Ty Dolla $ign & A Boogie Wit da Hoodie)",67,158994,False,0.687,0.717,11,-6.61,1,0.0755,0.0744,0.0,0.134,0.685,88.063,4,edm,0.1978426791192091,0,0
5y1b477Yh9qQxNMF9zD8EL,LooLoo Kids,"The Best Songs for Kids, Vol. 1",If You're Happy and You Know It,38,100337,False,0.777,0.873,5,-4.491,1,0.0718,0.282,0.0,0.0743,0.967,147.989,4,children,0.27171407224447897,0,0
6PiIbpaBg3RKXpcGpgRHwQ,Nomade Orquestra;Edgar,"Vox Populi, Vol. 1",Ocidentes Acontecem,18,343306,False,0.454,0.743,0,-6.306,0,0.0394,0.124,0.00373,0.665,0.471,132.043,1,afrobeat,0.3680275768379002,0,1
6o1oqcWqExA2OkEZR9leig,Vivat,Słońce,Słońce,29,232904,False,0.728,0.815,4,-4.55,0,0.0487,0.186,0.0,0.109,0.904,127.995,4,disco,0.2694299599217285,0,0
0EfdF8WWM6tSCM9V04fnKv,Charlie Brown Jr.,Transpiração Continua Prolongada,Charlie Brown Jr.,36,191982,False,0.705,0.953,1,-3.128,1,0.149,0.038,0.0,0.0586,0.633,108.243,4,hard-rock,0.21016345218562218,0,0
4cQJ27R11K634x5qCOwKW5,Blondie,Parallel Lines (Remastered),One Way Or Another - Remastered/2001,67,215106,False,0.45,0.914,2,-5.4,1,0.0607,0.0305,1.42e-05,0.152,0.904,162.487,4,power-pop,0.23629731867137738,0,0
46POHHZrPa02pimk5bbglN,Karsten Pflum;John Tejada,Revealed EP,Earthday ( John Tejada Remix ),11,385920,False,0.774,0.859,11,-9.072,0,0.0536,0.105,0.854,0.158,0.663,133.993,4,idm,0.3381635513894004,0,0
6Xsayxd27Ez7vcRHAg0Wpt,Urban Rescue,Wild Heart,Open Hands,44,203320,False,0.598,0.715,11,-6.036,1,0.0449,0.0111,0.0,0.233,0.319,95.028,4,world-music,0.26398714749887753,0,0
19paG0MgMB5nYjl6Q56aWQ,James Hype;Tita Lau,B2B,B2B,36,160000,False,0.8,0.955,7,-6.613,1,0.0725,0.0128,0.809,0.0612,0.908,124.018,4,deep-house,0.14597106184300912,0,0
2oZsDq0pwp9yLgHGoI2Y5F,Wallows;Clairo,Low-Key Hits,Are You Bored Yet?,0,178000,False,0.681,0.683,8,-6.444,0,0.0287,0.158,2.32e-05,0.273,0.64,120.027,4,indie,0.29390142781747575,0,0
2YOZHcypOnfbG5cfsSpW4N,Marcelo Markes;Sarah Beatriz,Redentor,Redentor,58,382272,False,0.43,0.706,0,-7.743,1,0.0538,0.235,0.0,0.107,0.085,131.816,4,brazil,0.3698729446028717,0,1
10UgAzUUjZ8JQNsaws0LdY,SUPER☆GiRLS,超絶★学園 〜ときめきHighレンジ!!!〜,ときめきHighレンジ!!!,18,229853,False,0.53,0.943,6,-3.121,1,0.0553,0.0092,0.0,0.0965,0.846,165.037,4,j-idol,0.32993069378219964,0,0
3AA6t8AXUCdOOwVjcbbEpp,Tang Siu Hau,重陽,重陽,26,258706,False,0.534,0.339,0,-10.618,1,0.0279,0.904,3.89e-05,0.11,0.315,98.312,4,cantopop,0.4377066710448794,0,1
4x87IS1psb0HiBtVzANZxD,Agoraphobic Nosebleed,Altered States of America,Spreading the Dis-ease,15,56360,True,0.274,0.996,3,-1.348,1,0.131,0.000825,0.676,0.349,0.0357,110.858,4,grindcore,0.49316003155471083,1,1
4EchqUKQ3qAQuRNKmeIpnf,The Offspring,Americana,The Kids Aren't Alright,81,180160,False,0.523,0.943,1,-4.203,1,0.0337,0.00704,3.81e-05,0.0579,0.766,99.607,4,punk-rock,0.1322434923735426,0,0
4PaZP3ZPHCl6IpFUSuY1Rn,Eve,Bunka,Nonsense Bungaku,54,203761,False,0.524,0.941,11,-1.498,0,0.0555,0.0105,0.0,0.0667,0.848,154.071,4,anime,0.25206870150650484,0,0
0Hi7B2lRZ2wNjmnDjPjh3D,RADWIMPS,Your Name.,School road,47,68200,False,0.532,0.342,0,-8.153,1,0.0923,0.515,0.228,0.127,0.239,199.743,4,emo,0.4618892761702017,1,1
0Ki1LxOG8z8ywTCcUT3ugq,Los Caligaris,Transpirando Alegría,Tyson,45,196207,False,0.526,0.884,5,-3.359,1,0.0757,0.0469,0.0,0.315,0.657,156.021,4,alt-rock,0.25881256723198265,0,0
1XA8XwmeBdMUdrcLIlxPTF,Edvard Grieg;Gothenburg Symphony Orchestra;Neeme Järvi,Clásica para los niños de hoy,"Peer Gynt Suite No. 1, Op. 46: 4. In The Hall Of The Mountain King",0,178573,False,0.406,0.042,11,-19.736,0,0.0546,0.934,0.691,0.192,0.197,94.292,4,classical,0.6798907517454248,1,2
7ef4DlsgrMEH11cDZd32M6,Calvin Harris;Dua Lipa,One Kiss (with Dua Lipa),One Kiss (with Dua Lipa),89,214846,False,0.791,0.862,9,-3.24,0,0.11,0.037,2.19e-05,0.0814,0.592,123.994,4,dance,0.15763857869484726,0,0
1Ghb6uHFIIlDBjzKQJlv0I,Alejandro Fernández,Éxitos del Pop en Español de los Años 2000,Me Dediqué a Perderte,0,232466,False,0.578,0.471,8,-8.182,1,0.0615,0.498,1.49e-06,0.1,0.54,147.611,4,rock,0.4809269565934219,1,1
295eqBE9p0h3OKbxN1RiE6,Renato Russo,Equilíbrio Distante,La Forza Della Vita,45,316813,False,0.391,0.625,4,-5.285,1,0.0306,0.312,0.0,0.117,0.443,78.49,4,mpb,0.3941718874794706,0,1
5hyJ1GbE8vZL1BGKE1MSPJ,Tulus,Tulus,Merdu Untukmu - Outro,38,62093,False,0.629,0.124,9,-22.22,1,0.0366,0.812,4.83e-06,0.102,0.796,85.258,4,jazz,0.477047853548983,1,1
5HVOMvAvGBWdLN7fEvTazV,Ferrugem,"Prazer, eu sou Ferrugem (Ao vivo)",Meu bem - Ao vivo,42,139210,False,0.476,0.838,0,-5.931,0,0.0542,0.576,0.0,0.61,0.501,84.923,4,pagode,0.33986379137928224,0,0
3ojhxVHTQzpKDK9RpINaRy,Kacey Musgraves;Lana Del Rey,Christmas 2022,I'll Be Home For Christmas - From The Kacey Musgraves Christmas Show,0,132108,False,0.469,0.183,5,-15.414,1,0.0407,0.829,0.0,0.71,0.381,139.592,4,country,0.6273022548270996,1,2
3hTS0dFgLus7rechtNe8pP,David Guetta;Bebe Rexha,From The Ashes - New Beats,I'm Good (Blue),0,175238,True,0.561,0.965,7,-3.673,0,0.0343,0.00383,7.07e-06,0.371,0.304,128.04,4,dance,0.28890209202687256,0,0
6VLedRqw7wGnNa9epZ503a,Damon Empero;Veronica,Vacation (feat. Veronica),Vacation (feat. Veronica),56,220290,False,0.591,0.814,6,-6.644,0,0.0507,0.238,0.357,0.333,0.472,175.991,4,edm,0.151222338759276,0,0
6bXuTbOQeHnTobLDUpqPpu,Yiruma,The Rewritten Memories,Sunset Bird - Piano Septet Version,49,197611,False,0.395,0.224,3,-15.074,1,0.0301,0.968,0.853,0.146,0.319,143.964,3,piano,0.6416622643681965,1,2
2L1WVCWCuhbc8IEIiJbrGl,Misfits,Spooky Scary Season,Halloween,2,112426,False,0.382,0.937,0,-9.01,1,0.0758,0.0172,0.0,0.271,0.0957,108.729,4,punk,0.3362653489119646,0,0
71Udwiv5GsZghU6XQ5LXQj,Sidhu Moose Wala,Pbx 1,Jaat Da Muqabala,63,204360,False,0.716,0.934,3,-2.431,1,0.0448,0.0561,7.33e-06,0.147,0.749,99.983,4,hip-hop,0.1621423932854323,0,0
2rU0PsrFGV1H9MtPmW8W8w,Robério e Seus Teclados,"Robério e Seus Teclados, Vol. 9",Estou Apaixonado por Você,48,162066,False,0.76,0.816,0,-7.082,1,0.0343,0.0395,0.0,0.176,0.933,90.989,4,forro,0.18997076700183954,0,0
4haXv9IJwOlJJsT6FNJPYk,Jimmy Eat World,Обратно в клас - rock,The Middle,0,166040,False,0.644,0.848,2,-5.385,1,0.0529,0.0358,0.0,0.0676,0.928,162.151,4,punk-rock,0.22846697562035562,0,0
2iFgHPoa7FNHwgLnjXzu7F,Rammstein,Rammstein,Puppe,67,273706,False,0.581,0.822,11,-7.341,1,0.0574,0.0229,0.0,0.126,0.3,116.929,4,industrial,0.22459522139386323,0,0
2AX5E86cn9n2dgioZEjirI,The Stranglers,La Folie,Golden Brown,71,206760,False,0.562,0.383,6,-15.474,1,0.0304,0.143,0.124,0.138,0.599,93.764,3,synth-pop,0.36441381676490614,0,1
6bOg6vYHAWqH4xewY35sL1,Stereoact;Karel Gott,#Schlager 2,Babička - Stereoact #Remix,31,179648,False,0.782,0.814,7,-6.305,1,0.0935,0.00261,7.51e-05,0.25,0.41,128.044,4,party,0.18121964314680594,0,0
0tdggmRNDpQw6qOwBsbbHm,Everything But The Girl,Everything But The Girl,Laugh You out the House,24,108360,False,0.571,0.671,4,-10.096,1,0.0446,0.0606,0.0,0.112,0.925,102.807,4,trip-hop,0.2682486075405039,0,0
5MkFrM6BYPkq6CuoQWDfN5,Yuvan Shankar Raja;Silambarasan TR;Suchitra,Silambattam (Original Motion Picture Soundtrack),Vechukkava - Remix,43,282000,False,0.581,0.906,10,-7.15,1,0.115,0.124,0.164,0.103,0.943,152.84,4,k-pop,0.29812438537424707,0,0
6Vhd1f9ezZEVxc4BkZMyGX,MUZZ;F.O.O.L;TOKYO ROSE,Horsepower (F.O.O.L & TOKYO ROSE Remix),Horsepower - F.O.O.L & TOKYO ROSE Remix,43,200920,False,0.598,0.765,2,-3.588,1,0.0365,0.00624,0.778,0.102,0.0395,109.982,4,dub,0.22940750851924832,0,0
4Mdl92lDR0ZlXHyqxKCV2B,Serpentor,Privación Ilegítima de la Libertad,Controlando la Nación,19,287586,False,0.29,0.989,2,-1.534,1,0.0876,1.84e-05,0.000281,0.302,0.38,161.377,4,heavy-metal,0.319993050139026,0,0
10lMebN8fRS2atZKRcbItD,Aril Brikha,Pattern Recognition,In The Night,5,385973,False,0.803,0.559,7,-10.442,1,0.0582,0.000164,0.694,0.215,0.466,122.006,4,detroit-techno,0.33790637159774384,0,0
5N4erncE7kuUccm7zEmwzk,Silk City;Dua Lipa;Diplo;Mark Ronson,Electricity (with Dua Lipa),Electricity (with Dua Lipa),74,238173,False,0.588,0.67,0,-6.439,1,0.0473,0.0104,3.33e-06,0.338,0.505,118.159,4,edm,0.22254393345675297,0,0
5kcameNhkFMVPRcOALb979,Liniker,Barato Total,Barato Total,41,244235,False,0.557,0.387,2,-11.601,1,0.0448,0.632,0.0389,0.104,0.867,84.397,4,mpb,0.3971985188327172,0,1
3CdJlOOJZeJjwqFj4KHDAv,The Shivvers,Lost Hits From Milwaukee's First Family Of Powerpop 1979-82,Teenline,22,222053,False,0.4,0.914,0,-7.365,1,0.0459,0.0276,0.0154,0.133,0.884,160.411,4,power-pop,0.1938524271653531,0,0
3qkScHBvMrxp4lk2Xi7lyd,Maneli Jamal,Distant Night,Distant Night,25,219757,False,0.733,0.0615,11,-14.922,1,0.0727,0.973,0.763,0.11,0.254,73.69,4,guitar,0.5722224473129875,1,1
67mApPt3dL1gDnYcf6dc9V,Local H,LIFERS,Hold That Thought,27,199334,True,0.328,0.956,9,-4.173,0,0.0713,0.00555,2.07e-05,0.219,0.439,206.071,4,grunge,0.3041573218275642,0,0
5KaVoEhxf1UwParyAjzHVA,The Killers,Kick It,Mr. Brightside,1,223973,False,0.344,0.931,1,-3.759,1,0.0783,0.00104,0.0,0.0903,0.251,148.104,4,alt-rock,0.30594919071839766,0,0
7KMxBakqV7SKVrS6qDv2yq,Soda Stereo,Sueño Stereo (Remastered),Pasos - Remasterizado 2007,39,233706,False,0.469,0.581,5,-10.358,1,0.0341,0.0626,0.0497,0.102,0.356,88.906,4,punk,0.33985694938252037,0,0
3heUEFjQza3VZFwfYTMIYk,Sujatha,Ee Puzhayum Kadannu (Original Motion Picture Soundtrack),Kakkakarumban,33,283800,False,0.767,0.426,9,-8.632,1,0.0339,0.682,0.000797,0.094,0.772,103.993,3,malay,0.3926040338678097,0,1
1fbHsIsgVoZsltBtQhSgvc,Ata Ebtekar,Persian Electronic Music Yesterday And Today1966-2006,Nashid,0,336760,False,0.107,0.936,6,-6.521,0,0.274,0.327,0.0447,0.493,0.204,69.785,4,iranian,0.4782753648979902,1,1
2Db4RDun4YmjGcypDB8Av3,DJ Snake;Justin Bieber,Weekend Baby,Let Me Love You,0,205946,False,0.475,0.715,8,-5.371,1,0.058,0.0863,2.67e-05,0.135,0.159,199.892,4,dance,0.2794880795955501,0,0
6NU6jfLqEM6p7X0ZrGCe9D,Couple Skate,Human Resources,Unshaved Mysteries,13,78450,False,0.21,0.939,1,-4.329,1,0.121,1.58e-06,0.525,0.467,0.0865,123.719,4,grindcore,0.360295854337111,0,1
2Ug1U9UQiDL0sabsvcp3kR,S.P.Y,Grey Days / Shadows Of The Mind,Grey Days,17,304296,False,0.379,0.844,2,-4.633,1,0.0489,0.00477,0.923,0.119,0.13,113.348,5,drum-and-bass,0.29791954251067554,0,0
3l0zytWFrcC45NNkMJxrER,Gigantes do Samba,Gigantes do Samba (Ao Vivo),Sai da Minha Aba (Bicão) - Ao Vivo,41,202786,False,0.728,0.944,1,-5.299,1,0.0588,0.213,3.25e-06,0.863,0.473,105.017,4,pagode,0.27281239883335806,0,0
3N0YgcOdru4mvji536vsfX,Rytikal,We Okay,We Okay,18,165048,True,0.581,0.634,9,-5.783,0,0.258,0.551,0.0,0.0986,0.545,65.073,5,j-dance,0.5051184685652569,1,1
5TzpCPx20n4hELdE9Vw6ZQ,Tim Atlas,Courtside,Courtside,69,146483,False,0.71,0.83,0,-7.208,1,0.03,0.0518,0.00523,0.353,0.936,129.02,4,indie-pop,0.21044770460743076,0,0
164mALSzQg34QKAkPoS7bV,Trivax,Sin,Chaos Above Order,1,322993,False,0.238,0.997,1,-4.809,1,0.113,1.37e-06,0.88,0.305,0.0395,124.149,4,iranian,0.39188541314629044,0,1
5Zp1zCKzXQGZxiBU2FGjdf,Youri,"Tsar Trap, Vol. 3",Tel Aviv,35,184616,True,0.655,0.607,10,-8.755,1,0.442,0.00373,0.0,0.16,0.414,106.547,5,french,0.2568225217576132,0,0
0JPesMURlkeCSWDB9kPm9p,Charlie Brown Jr.,Nadando Com Os Tubarões,Transar No Escuro,38,183160,False,0.336,0.968,9,-5.175,1,0.051,0.000416,0.000677,0.428,0.555,170.03,4,hard-rock,0.35996861656080176,0,1
2FBAM2dVhCex33z30YA7hV,Árbol,GUAU!,Canciones,41,139306,False,0.61,0.829,2,-2.177,1,0.0663,0.0901,0.0,0.136,0.963,147.898,4,punk-rock,0.23203198700488648,0,0
1xvADDTyr4ZCu5NPPkOJzU,Jimmy Buffett,Best 70s Rock Tunes,Survive,0,291400,False,0.448,0.13,0,-16.808,1,0.0318,0.399,1.05e-05,0.103,0.369,146.689,4,folk,0.4925484769858834,1,1
3xLDLxWr1dLHzHMi02QBV1,Bodysnatcher,Bleed-Abide,The Question,22,312982,True,0.454,0.954,1,-5.559,1,0.15,0.000135,0.0649,0.0924,0.215,131.27,4,death-metal,0.28373495116384284,0,0
5rg17cUeCIqbtpKcwWD8s6,13 Block,Triple S,Triple S,32,170924,True,0.716,0.495,6,-8.997,0,0.188,0.579,0.000112,0.109,0.407,145.04,4,french,0.32428681505062307,0,0
35pr45afNblCnBPRmDLJ6Q,Maria Bethânia,Carta de Amor (Ao Vivo),Sangrando (Ao Vivo),35,123346,False,0.486,0.522,3,-4.537,1,0.0585,0.572,0.0,0.333,0.358,107.16,3,samba,0.3934232967342963,0,1
3gGPEpLaeJcEPwndud44Wy,Dimitri Vangelis & Wyman,ID2,ID2 - Radio Edit,53,204312,False,0.577,0.906,9,-5.382,0,0.0355,0.000754,0.00257,0.446,0.212,127.983,4,progressive-house,0.24424503725254335,0,0
2ZKsKEpsHr3beCD4SPpig1,Robert Miles,Techno Weekend,Fable - Message Version,0,384666,False,0.579,0.724,1,-7.989,0,0.025,0.0081,0.00468,0.171,0.188,136.094,4,trance,0.2681686490221511,0,0
5LnKmt8Gc9vrqeFdliF3vM,The Platters,Xmas Classics 2022,Christmas Time,0,124013,False,0.299,0.377,0,-7.425,1,0.0283,0.859,0.0,0.116,0.378,69.272,4,r-n-b,0.6168685130647289,1,2
5453frA2hsBPjGRVDHm1PJ,Solomun,Black Label #36,Somebody's Story,50,548640,False,0.71,0.654,3,-12.174,0,0.0398,0.0396,0.811,0.107,0.579,123.998,4,minimal-techno,0.2938583400249446,0,0
5Y9tt5BF9cjF5tfVoknQxl,Salim–Sulaiman,Dor (Original Motion Picture Soundtrack),Yeh Honsla,42,287925,False,0.637,0.574,7,-8.14,1,0.0395,0.741,4.47e-06,0.0912,0.615,125.029,1,folk,0.3848176712604609,0,1
5sBElUXaf5CtlFeUSQrGuY,Sullivan King,House of Wolves,Don't Care,42,235764,True,0.317,0.964,9,-1.389,1,0.261,0.00021,0.000133,0.675,0.21,169.718,4,dubstep,0.36304323538309036,0,1
6tLJ6F2PNFmQfZlaJQqblS,Manu Dibango;Cuarteto Patria,Cubafrica,Son de la Loma,19,259160,False,0.485,0.741,8,-4.425,1,0.0294,0.317,0.000579,0.0683,0.936,103.72,4,afrobeat,0.3549120777638613,0,1
4rf0pEYSSku3Tkrm0JEYn2,Montell Jordan,Get It On Tonite (Re-Recorded / Remastered),Get It On Tonite (Re-recorded / Remastered),21,288395,False,0.771,0.543,10,-7.633,0,0.0441,0.0324,0.0,0.0846,0.891,99.029,4,j-dance,0.28454175150251415,0,0
2kkvB3RNRzwjFdGhaUA0tz,Derek & The Dominos,Layla And Other Assorted Love Songs (Remastered 2010),Layla,74,423840,False,0.404,0.902,1,-3.88,1,0.0665,0.577,0.297,0.287,0.497,115.669,4,country,0.347876965192331,0,0
752n4jKSMASefgd8MpEqq5,Rufus Wainwright,Sad Covers 2022,Hallelujah,2,249026,False,0.273,0.196,9,-7.528,0,0.0347,0.885,0.0,0.105,0.421,72.124,4,songwriter,0.6746597804729378,1,2
3PbWdhzRwiqdE69Gu1wHd0,Creep Hyp,泣きたくなるほど嬉しい日々に,今今ここに君とあたし,40,181440,False,0.397,0.903,9,-3.038,1,0.108,0.00947,0.0,0.842,0.592,116.276,4,j-rock,0.31994784606969245,0,0
6m9TO46YBQu3QYLSLs0Z4J,Lorne Balfe,Mission: Impossible - Fallout (Music from the Motion Picture),Mission: Accomplished,39,74979,False,0.483,0.402,7,-10.886,1,0.0323,0.202,0.538,0.0712,0.568,168.635,5,british,0.45399700480085226,1,1
4y1LorjiWYkHr2V39q7c1D,Gorgasm,Destined to Violate,Preserved for Pleasure,14,198946,True,0.238,0.995,5,-3.899,0,0.184,0.00157,0.886,0.403,0.04,134.714,4,grindcore,0.46792166607776586,1,1
2jhZ3cnnggRI0lj6L5obmj,Old Crow Medicine Show,Tennessee Pusher,Tennessee Pusher,26,330653,False,0.411,0.328,4,-9.602,0,0.0284,0.659,0.000446,0.353,0.529,129.441,4,bluegrass,0.5216809980061576,1,1
6Db3RiSI7xk3Dxd1N72U5a,Loving,If I Am Only My Thoughts,Stranger To Yourself,53,135718,False,0.49,0.409,7,-10.732,1,0.0401,0.957,0.59,0.238,0.151,164.33,4,garage,0.5534897026173956,1,1
5vOA07xcgUZmvH7ttlYpK3,Andy Montañez,Ritmo Bonito,Querube,0,198160,False,0.644,0.55,7,-6.999,0,0.0299,0.526,0.0,0.23,0.636,127.151,4,salsa,0.3278399384627079,0,0
3DQisSEr1TLp9H0BEeKiQS,Zara Larsson,Uncover,Uncover,65,213543,False,0.556,0.529,2,-4.464,1,0.025,0.4,0.0,0.268,0.308,89.887,4,swedish,0.27928468194185785,0,0
7m5AlHcLKi5KRZjH5B38RM,Randall King,New Country,Baby Do,0,206539,False,0.674,0.86,7,-5.498,1,0.033,0.00469,0.00345,0.115,0.637,116.05,4,country,0.26858347556363993,0,0
0W5JUrUOQmQbTmUOQwk7vx,Sophie Pecora,I'm in a Rut,I'm in a Rut,43,178277,False,0.836,0.601,4,-5.54,1,0.0619,0.73,0.0,0.0978,0.564,123.969,4,singer-songwriter,0.2592552189942169,0,0
1EpWVld69yFDx3uVBryMTS,Marina Lima,Marina Todas Ao Vivo,Pra Começar - Live,41,266960,False,0.658,0.854,4,-6.796,1,0.0323,0.467,0.137,0.578,0.516,119.562,4,mpb,0.3618108087922094,0,1
5fwSHlTEWpluwOM0Sxnh5k,Farruko,Pepas,Pepas,86,287120,True,0.762,0.766,7,-3.955,1,0.0343,0.00776,6.98e-05,0.128,0.442,130.001,4,latin,0.15160925767266964,0,0
74lkEoeMNoDY8k9e81GZOU,Jürgen Drews;Matthias Reim,Best Of Karneval,Ich bau dir ein Schloss,0,186946,False,0.678,0.995,3,-4.599,1,0.0681,0.076,0.0,0.379,0.742,130.013,4,german,0.23474258577416238,0,0
7j3QVBjUqWBwxzOZ6Chybp,Faye Wong,王菲 89-97 32精選,約定,47,266200,False,0.557,0.324,4,-12.13,1,0.031,0.888,0.000264,0.612,0.161,80.015,4,cantopop,0.5406106289303273,1,1
1QVnc9HLOMlAD4KDxNzzOH,Maneva,Mundo Novo,Cores Do Universo,47,131198,False,0.689,0.719,9,-6.096,0,0.136,0.382,0.0,0.213,0.674,130.0,4,r-n-b,0.30924818157638295,0,0
0bOO8YEvkWqodAJDKZqDGd,Eduardo Costa,Pantanal,Boiadeiro Errante,44,302293,False,0.642,0.6,0,-4.884,1,0.026,0.542,0.0,0.149,0.45,82.992,4,sertanejo,0.29322808746626583,0,0
2hmPqwVqDscVKKu0PAbHao,Vybz Kartel;SSMG Productionz,DANCEHALL HITS,Guns Out,18,136144,True,0.725,0.865,2,-8.859,1,0.281,0.512,2.32e-06,0.0963,0.889,89.058,4,j-dance,0.37930735513214053,0,1
66w5OYw2ja8lnmaA3Ns0PU,Nirvana,In Utero - 20th Anniversary Remaster,Heart-Shaped Box,58,281160,False,0.256,0.641,1,-10.283,1,0.0552,0.199,0.0329,0.0853,0.382,203.006,4,grunge,0.3858666102859947,0,1
3aoIw20fhjGMoXoQ38EbMS,Ghost,Halloween Metal Nights,Square Hammer,2,239293,False,0.529,0.903,2,-4.396,0,0.0483,3.31e-05,0.182,0.259,0.746,129.986,4,hard-rock,0.41167002448620843,0,1
175Iw3hMDjeEwjGxzJNO41,Andreas Gabalier,Best Of Volks-Rock'n'Roller,Verdammt lang her - Best Of VRR,24,247399,False,0.654,0.853,9,-3.04,1,0.0344,0.011,0.0,0.213,0.551,129.953,4,party,0.23745769779153264,0,0
744IMVuf8wEVECCOLThDHJ,DING DONG;Dunw3ll,BOUNCE,BOUNCE,50,153652,False,0.62,0.825,7,-2.869,1,0.309,0.25,0.0,0.077,0.476,199.488,4,j-dance,0.3188794352807902,0,0
50YheCecWVIW98B5zkiGxp,Frank Aguiar;Marcos & Belutti,Frank Aguiar - 20 Anos,Esperando Na Janela - Live,36,175226,False,0.592,0.811,4,-5.55,1,0.175,0.431,0.0,0.437,0.707,169.849,4,forro,0.28681228323262936,0,0
4BKlZ0UQOjombKzFFkgSlm,Ashwin Adwani,Mila Hai Jabse Tu,Mila Hai Jabse Tu,41,200265,False,0.714,0.405,1,-11.358,0,0.0312,0.819,1.04e-05,0.0884,0.441,119.958,4,singer-songwriter,0.3915818950931394,0,1
04F42oEuKrRComYJfJuyVR,Claire Rosinkranz,Backyard Boy (Stripped),Backyard Boy,71,129240,False,0.817,0.635,5,-7.246,1,0.163,0.323,0.0,0.0738,0.454,138.015,4,indie-pop,0.26499073437527,0,0
3WjNhFQ9TMdZ12QJRlJ8jV,No.1,İyilik Meleğim,İyilik Meleğim,44,144065,True,0.659,0.664,10,-11.136,1,0.044,0.152,0.00282,0.153,0.546,100.004,4,turkish,0.27647266681400917,0,0
5GvETsREHs4ikWMtd2SUUO,Everything But The Girl,The Language of Life (Deluxe Edition),Driving - Acoustic,23,147226,False,0.369,0.19,11,-13.443,0,0.0331,0.885,0.0,0.112,0.359,174.028,1,trip-hop,0.6227104704775017,1,2
3Cs2cP4ucvaO22LCNljzJY,Elvis Presley;Royal Philharmonic Orchestra,The Wonder of You: Elvis Presley with the Royal Philharmonic Orchestra,The Wonder of You - with The Royal Philharmonic Orchestra,51,151013,False,0.266,0.735,7,-5.863,1,0.0508,0.421,0.0117,0.17,0.442,136.148,4,rockabilly,0.36720742214605806,0,1
0fD1fq7QV8CyDweIx0D8qF,Sujatha,Valentine's Day Special 2015,"Sotta Sotta (From ""Taj Mahal"")",31,344816,False,0.751,0.414,5,-11.214,0,0.0406,0.145,0.000123,0.0841,0.401,94.991,4,malay,0.31059916479543215,0,0
2FBRgW06SywHMkN4WtNLtB,Pritam;Mohit Chauhan;Master Saleem;Anvita Dutt,Badmaash Company,Jingle Jingle,43,267859,False,0.776,0.477,8,-13.406,1,0.173,0.36,0.0,0.25,0.695,92.02,4,indian,0.2444424493152581,0,0
2SUQN2z5zorT0miLttdmW0,Paula Tsui,徐小鳳金曲精選,情比雨絲,23,189160,False,0.549,0.272,7,-14.558,1,0.0274,0.771,8.89e-05,0.177,0.191,101.332,4,cantopop,0.4408843295863272,0,1
2j7KVMviah3jDLrmtt7sx5,Benito Di Paula,Benito Di Paula,Como Dizia O Mestre,39,171666,False,0.579,0.477,2,-9.784,1,0.0327,0.137,0.0,0.0765,0.398,87.092,4,samba,0.32643946095615023,0,0
2yJEv3BkrYnYb3Qh0vmc8C,ChuChu TV,"ChuChu TV Tamil Rhymes & Songs for Children, Vol. 1",Mambalamam Mambalam Mango Song,22,92290,False,0.703,0.485,10,-12.522,1,0.0924,0.00978,0.41,0.276,0.905,79.575,3,children,0.37420598298796376,0,1
1UKKLHG4DhxuwWph55ABAZ,Alceu Valença,Maxximum - Alceu Valenca,Girassol,40,186866,False,0.406,0.576,0,-6.057,1,0.0275,0.563,0.0,0.327,0.556,109.021,4,mpb,0.43285316232557913,0,1
0WXWiXfd4V6MCkBkrUV0NK,Akira Kosemura,Evening Light,Evening Light,53,141315,False,0.393,0.0399,8,-27.124,1,0.0469,0.982,0.892,0.109,0.147,123.787,3,piano,0.5598501713699805,1,1
6ihGDKDzGgjAZek0VWQ0Lz,Mavado;Stefflon Don,Diamond Body,Diamond Body,45,212038,True,0.725,0.64,9,-4.6,0,0.212,0.393,0.0,0.101,0.398,102.884,4,j-dance,0.30230722665534177,0,0
6eomvZJgFnpD87lsPFQEZH,The Beefs,Country Member - EP,"Shins Up, Tins Up",27,71563,True,0.62,0.93,2,-4.267,1,0.0489,0.369,2.71e-05,0.0674,0.657,105.277,4,garage,0.19878306519243105,0,0
2CcQSrjcDUvr7U2WQiEdSX,Iron Lung,Life. Iron Lung. Death.,Diagnosis,17,88513,False,0.244,0.994,7,-7.422,1,0.467,8.43e-05,0.669,0.415,0.0376,70.778,3,grindcore,0.38919416004907026,0,1
6VB62g6xGgX2ZUoVM4tMHi,Dimash Qudaibergen,Любовь уставших лебедей,Любовь уставших лебедей,47,299968,False,0.397,0.734,9,-7.529,0,0.0738,0.437,0.0,0.152,0.353,148.062,4,opera,0.3689571142359453,0,1
1y7bz8R1SUP7Knvw4IYBAH,ONYVAA,Passeport008,008 A1,10,352552,False,0.734,0.701,6,-13.019,0,0.0451,0.000249,0.88,0.112,0.0306,131.99,4,detroit-techno,0.2057486006294317,0,0
2Lu0hYaxra6k0xrJf6xcSd,Randy Newman,Küss Den Frosch,Ray Laid Low,18,201880,False,0.157,0.144,0,-17.011,0,0.0447,0.912,0.0497,0.15,0.0372,76.305,4,disney,0.7227293475289819,1,2
4nmne9J3YCEdhvjTzwiAgu,Santana,Ultimate Santana,Black Magic Woman,62,195866,False,0.497,0.552,9,-7.102,0,0.0307,0.679,0.0314,0.089,0.633,124.359,4,blues,0.3746459167146513,0,1
0CYelmjEps63DAuqLV9b6J,Sally Yeh;David Ling Jr;Philip Kok;Tom Brown,"24K Mastersonic 精選, 葉蒨文 II",200度,37,265853,False,0.804,0.576,0,-7.817,1,0.0643,0.321,0.0,0.0842,0.954,134.897,4,cantopop,0.2813357708796556,0,0
2VSSRKrbZ8X1Is29UFST80,Travis Tritt,Chillin' It - Mellow Day Country,Worth Every Mile,0,306840,False,0.441,0.298,4,-14.499,1,0.0276,0.208,0.095,0.0983,0.169,77.235,4,country,0.5114932346256106,1,1
4I2O6pV4gNBw6iteh0UPU0,The Pogues;Kirsty MacColl,Merry Christmas,Fairytale of New York (Edit) - Radio Edit,0,275896,False,0.38,0.346,2,-14.313,1,0.0417,0.648,0.000139,0.0511,0.358,117.916,3,folk,0.5142936253618274,1,1
2m9u9utG8EItr05vCBKbYy,Jorge Aragão,Chorando Estrelas,Identidade,38,258506,False,0.634,0.625,5,-10.287,0,0.045,0.743,0.00191,0.213,0.834,97.79,4,samba,0.350275467419611,0,1
3fUp9mcNjo0ChBXe2QtDGa,Frequencerz,Brave The Storm,Brave The Storm,20,276800,False,0.465,0.955,9,-2.187,0,0.17,0.119,2.37e-06,0.213,0.114,149.982,4,hardstyle,0.31297906844375967,0,0
0ECyeGr5Hq67V78YirS9oO,Nogizaka46,走れ!Bicycle TypeA,涙がまだ悲しみだった頃,19,260493,False,0.506,0.906,5,-2.912,0,0.0544,0.123,0.0,0.308,0.641,163.875,4,j-idol,0.30289041206297335,0,0
3v7jHsXQAVusxBupIkDTeK,Matthew West,Santa's Christmas List,"Come On, Christmas",0,264293,False,0.586,0.846,7,-3.423,1,0.0433,0.0688,0.0,0.067,0.714,134.98,4,alt-rock,0.23851307178011774,0,0
2hIsd0F6ZGfHCC1xa7vSad,Cigarettes After Sex,Cigarettes After Sex,Each Time You Fall in Love,65,290630,False,0.378,0.533,10,-8.843,1,0.0279,0.479,0.508,0.131,0.285,75.927,4,ambient,0.311542863421267,0,0
4PYeMIt3S9MNAziKhFgFrI,Glenn Underground,Black Resurrection,Soul Heights,5,555876,False,0.715,0.686,7,-11.002,1,0.0531,0.0119,0.939,0.0587,0.764,120.034,4,chicago-house,0.32501404960799013,0,0
2i0AUcEnsDm3dsqLrFWUCq,Hot Chelle Rae,Whatever,Tonight Tonight,73,200466,False,0.686,0.783,4,-4.977,1,0.119,0.0764,0.0,0.163,0.814,99.978,4,punk-rock,0.21171866679538037,0,0
2KOqMeTVSWQcMpAZ5j4Czl,Robert Hood,Superman / Range,Superman,5,444453,False,0.732,0.979,11,-9.394,1,0.0567,0.00153,0.875,0.0969,0.557,138.789,4,detroit-techno,0.12392311590944945,0,0
0nTngWIyuUemR7PpKXTzYP,Electroqute,Nashenakhte,Mohre,0,238420,False,0.396,0.979,2,-3.125,1,0.058,0.00437,4.47e-05,0.339,0.269,180.071,4,iranian,0.33882239286310106,0,0
1KYqHPwbceagFffliE7fBg,Yuvan Shankar Raja;Sid Sriram,Viruman (Original Motion Picture Soundtrack),Kanja Poovu Kannala,61,237558,False,0.675,0.692,8,-6.353,1,0.0963,0.29,0.0,0.178,0.514,109.971,4,k-pop,0.199844917109484,0,0
0DBBQaDg8YPePplq7m7Cah,Kevin Roldan,Clásicos de ahora: Perreo,PPP,0,129332,False,0.798,0.625,4,-6.83,1,0.13,0.383,3.33e-05,0.125,0.774,92.994,4,latino,0.3240706746973473,0,0
60QunvDUtHqusD5sb5VCoQ,GOING STEADY,さくらの唄,BABY BABY,38,204840,True,0.346,0.937,8,-4.384,1,0.0518,9.05e-05,0.0,0.24,0.445,146.835,4,punk,0.3007255174437558,0,0
04sx4DemzEp9Dzopqge2QX,Chromatics,In The City,I'm On Fire,50,245133,False,0.621,0.421,10,-11.834,1,0.0286,0.677,0.351,0.0615,0.319,129.957,4,synth-pop,0.3030073018449628,0,0
3iGGFpSiPHCuTUCUvHloAb,Carl Craig,Café del Mar Vol. 24,The Melody - Versus Edit Version,15,208552,False,0.718,0.484,11,-14.844,0,0.0493,0.0123,0.869,0.0788,0.502,123.027,4,detroit-techno,0.30188450573901787,0,0
54iuh2iFkKKEKYeIaFvI1b,Ten City,"THAT WAS THEN, THIS IS NOW",Joy & Pain,4,309160,False,0.708,0.707,0,-8.954,1,0.0332,0.00181,0.0,0.0432,0.716,123.102,4,chicago-house,0.2317866754582005,0,0
0uVyZywUNOp6S0dU5r8TS8,Lilly Wood and The Prick;Robin Schulz,Prayer,Prayer in C - Robin Schulz Radio Edit,67,189399,False,0.76,0.886,9,-5.356,0,0.0258,0.0219,7.43e-06,0.623,0.78,123.002,4,french,0.309974119701797,0,0
1yrUehPArjWJDx8Ptc4g58,Jonas Lundqvist,Vissa nätter,Den som ser havet,20,225026,False,0.609,0.676,6,-7.129,0,0.0307,0.415,2.5e-05,0.13,0.401,119.007,4,goth,0.3395696328340513,0,0
4d2Gndzn9dnmUC8jIzI9d4,Tale Of Us;Pete Tong;Jules Buckley,Time (feat. Jules Buckley),Time - feat. Jules Buckley,55,310986,False,0.555,0.834,4,-11.908,0,0.0381,0.00198,0.88,0.0821,0.0404,126.0,4,minimal-techno,0.15972130190321854,0,0
2G1NkbB4TJj6GlMd6CrwvZ,Calcinha Preta,"Ao Vivo no Recife, Vol. 18",Ainda Te Amo,47,251053,False,0.595,0.526,9,-6.173,1,0.0255,0.487,0.0,0.373,0.489,101.98,4,sertanejo,0.4137212406592801,0,1
7AIj86wFWqm7X1TZ2hzHwS,Masaki Suda,虹,虹,62,258733,False,0.548,0.6,5,-5.049,1,0.0297,0.071,0.0,0.192,0.296,143.961,4,j-pop,0.3412077847439397,0,0
2SCdjPc4Ip5ZV6Hsi21fhx,Tiwa Savage,Best Afrobeat Tunes,Owo Mi Da,0,172142,True,0.637,0.877,6,-2.864,1,0.169,0.0792,0.00325,0.138,0.825,119.027,4,dancehall,0.35608098900626284,0,1
1hDYSuW3C7zwf3iOOUZSB8,Scooter,The Stadium Techno Experience,Take A Break,19,255600,False,0.519,0.945,4,-6.302,0,0.0541,0.0124,0.131,0.67,0.103,142.033,4,happy,0.3411868370819371,0,0
37RDfrKKxwSM4Pgw5MVaxj,Giuseppe Verdi;Luciano Pavarotti;Wiener Opernorchester;Nicola Rescigno,Pavarotti The 50 Greatest Tracks,"Il Trovatore / Act 3: ""Di quella pira""",21,133160,False,0.369,0.4,0,-9.135,1,0.114,0.96,0.00825,0.0806,0.197,81.969,4,opera,0.5609456226419558,1,1
31weWETfEZxvFORVi9o25F,Georges Bizet;Francesco Verzillo;Danilo Dellepiane,"Chrétien, Cohen, Rousseau, Berlioz, Barthe, Thomas, Demersseman, Verzillo, Bizer: Le trombone romantique dans la France du XIXe siècle","Carmen: ""Danse des gitans""",0,187520,False,0.594,0.0852,7,-20.606,1,0.0533,0.994,0.937,0.101,0.626,127.091,4,classical,0.6077913823858672,1,2
1BDzkh7g7ZDnmOQgJ82rp5,Skinny Atlas;dhan,I Believed,I Believed,41,160000,False,0.962,0.265,11,-11.224,0,0.0796,0.525,0.00884,0.106,0.32,120.017,4,chill,0.28231671468831643,0,0
27ySu5G3hIHmxMp30Gzoo7,Rota,MetaVerse,Zınk,38,90800,True,0.68,0.806,7,-7.022,1,0.309,0.063,3.95e-05,0.187,0.528,150.132,4,turkish,0.25995698310063026,0,0
6LH1XvONpFEx4FAdB960Au,Beat Oven,High Again,Landing Pad,9,122880,False,0.492,0.31,5,-13.167,0,0.0373,0.246,0.946,0.104,0.367,83.366,5,study,0.37115179351215044,0,1
09lVKw5MjMkxUCC1xOAxMH,Michelle,30 Jahre Michelle - Das war's… noch nicht!,Ich schicke dir jetzt einen Engel - Version 2022,32,182240,False,0.575,0.82,0,-5.642,1,0.13,0.039,0.0,0.0597,0.3,128.005,4,party,0.3177424051741258,0,0
5sxhnFWkN6W2zfIOGD2k5t,Anitta;Missy Elliott,Your Perfect Soundtrack,Lobby,1,157837,False,0.759,0.711,0,-5.199,1,0.0384,0.0477,1.19e-06,0.143,0.436,111.902,4,funk,0.19137388106331288,0,0
7lpmIGFw7Kc9qIdq4cGs34,Hozier,Hozier (Special Edition),Arsonist's Lullabye,60,266611,False,0.281,0.426,6,-9.07,0,0.0526,0.593,0.0446,0.124,0.181,177.714,3,singer-songwriter,0.43628767014276765,0,1
52pduFPbWVQ4zqBVhCj9z2,Moderat,II,Therapy,50,345242,False,0.657,0.63,7,-8.885,1,0.0449,0.149,0.834,0.406,0.106,110.008,4,minimal-techno,0.22848075734445616,0,0
05sCp83gcMm1iecYydKJS3,OneRepublic,Oh My My,Let's Hurt Tonight,63,194520,False,0.359,0.713,5,-4.526,1,0.0366,0.33,0.0,0.324,0.272,61.519,4,piano,0.37869313118210335,0,1
4sIIHmcTHgi8gezH2ShNxl,Korol i Shut,Акустический альбом,Прыгну со скалы,52,190506,False,0.304,0.764,9,-5.602,0,0.0634,0.249,0.0,0.263,0.353,151.98,4,punk-rock,0.4003945445725078,0,1
3WhpHEMike8OaQrBDmsavt,Natalia Jiménez,Creo en Mi,Escapar,31,200533,False,0.67,0.859,0,-6.065,1,0.0321,0.00246,3.85e-06,0.227,0.456,128.022,4,spanish,0.24034983928526027,0,0
2S72Aie2LSwtFLRtUcFrdD,Cold,Year Of The Spider,Gone Away (A Song For Starr),42,193866,False,0.256,0.8,8,-5.398,1,0.0361,0.0043,2.82e-05,0.114,0.139,113.845,4,industrial,0.31394574086662114,0,0
1iTKpzV6Wgc0vNep3sakFI,Francisco Canaro Y Su Orquesta Tipica;Juan Carlos Rolón,From Argentina To The World,Casas Viejas,21,192826,False,0.532,0.212,4,-10.062,1,0.0408,0.763,0.0,0.295,0.637,126.921,4,tango,0.472945562876135,1,1
0APucUguXQIkBwtUpEAgxQ,Carlos Lombardi;Los Românticos De La Noche,Lo Mejor Del Tango,Carlos Gardel,19,156360,False,0.459,0.268,7,-12.841,1,0.0433,0.655,0.0609,0.321,0.601,119.944,4,tango,0.47819467281652184,1,1
5bnH51lYXOGVVjW7ABkKTW,I Prevail,TRUE POWER,Closure,58,189596,False,0.482,0.748,1,-7.351,0,0.0438,0.00472,0.0134,0.13,0.271,145.948,4,metalcore,0.2458550060984377,0,0
7JxjFzQsWq7pLnbIhzgpZW,Månegarm,Ynglingaättens Öde,Adils fall,23,294933,False,0.456,0.93,2,-3.798,0,0.0515,9.53e-05,0.000171,0.457,0.54,155.98,3,black-metal,0.23221149658935714,0,0
4xnB2yGAeXOuR3kJ9KTD3b,Red Hot Chili Peppers,Rock Brandneu,Nerve Flip,0,186148,False,0.386,0.936,8,-4.005,1,0.0701,0.0121,1.6e-05,0.266,0.418,176.366,4,funk,0.3691155480270615,0,1
0S6wkErxrIC9eOLADvFUNl,William Joseph,Nothing Else Matters,Nothing Else Matters,44,261571,False,0.509,0.468,4,-12.813,0,0.0256,0.769,0.945,0.116,0.292,142.991,3,new-age,0.5368753003434091,1,1
2IfE8FhnPPEBSS4rL1qhBb,Elvis Presley,Elvis 30 #1 Hits,Heartbreak Hotel,56,127960,False,0.694,0.295,9,-8.672,1,0.0611,0.843,1.42e-06,0.0856,0.729,93.577,4,rockabilly,0.33554728955453106,0,0
5ftNbqrdSS7fKNB2G23WFQ,La Matatena,Emulsion de Skape,Su Majestad,36,219733,False,0.228,0.729,0,-5.264,0,0.0635,0.0955,0.00161,0.102,0.229,199.97,4,ska,0.381800109210056,0,1
6iNMaGdQf5g2KWNEKx7TTC,The Bombpops,Dear Beer,Polluted Skies,21,145906,False,0.566,0.948,3,-5.272,1,0.0522,5.5e-05,0.0,0.148,0.574,105.079,4,power-pop,0.3688056817256368,0,1
3N0BsG6OnHao4tm6kwGRke,Aitana,Dulce Balada,Vas A Quedarte,0,226213,False,0.394,0.508,7,-3.522,1,0.0326,0.795,3.87e-06,0.0627,0.167,89.222,4,latin,0.49227951030589007,1,1
5xdYNr5NPkTo5xg0FK412N,Aversions Crown,Xenocide,Cynical Entity,22,285250,False,0.174,0.972,0,-4.435,0,0.124,2.61e-05,0.856,0.37,0.0381,145.111,4,death-metal,0.4177112997018867,0,1
0H5o1FJTPbwPcUTXm8xe8l,Håkan Hellström,1974,Lämna mig inte i det här skicket,32,230733,False,0.587,0.732,9,-6.813,1,0.0287,0.000561,0.000904,0.295,0.389,120.038,4,goth,0.20958695922927995,0,0
61A1ENhHCjmXxW0SGjsyF9,Thomas Lizzara,Ahoi: Berlin,Silver Lining,29,301946,False,0.75,0.737,2,-5.015,1,0.0304,0.144,0.000933,0.0982,0.702,121.981,4,deep-house,0.232471194675168,0,0
7oPeylKTrY3ALtZvhQxgR0,Tamara Tsereteli,Velikie ispolniteli Rossii XX veka: Tamara Tsereteli (Deluxe),"O, pozabud'!",0,172710,False,0.35,0.194,7,-15.448,0,0.0973,0.981,0.000629,0.108,0.316,68.762,3,romance,0.7051820605985595,1,2
7D8uCohbrhlIRNEcJcRM5R,Roy Orbison,The Monument Singles Collection,Sleepy Hollow,25,157600,False,0.471,0.271,2,-11.448,1,0.0283,0.897,0.0035,0.0967,0.344,90.803,3,rockabilly,0.5747800230976725,1,1
7u9FSiKwfo5XLLXGrRNKUO,Mekon;Afrika Bambaataa,Something Came Up,D-Funktional,11,328533,False,0.596,0.983,11,-2.758,0,0.0488,0.000683,0.0295,0.489,0.822,126.975,4,breakbeat,0.3408756706678761,0,0
1e1IiUItCGhp8LvU8aZ213,Stoned Jesus,Seven Thunders Roar,I'm the Mountain,46,961942,False,0.395,0.396,8,-11.641,1,0.0281,0.0102,0.161,0.126,0.0656,136.391,4,psych-rock,0.3552055383475644,0,1
6khO0U2cbPBDBKwg63hQ8G,George Jones,The Gospel Collection: George Jones Sings The Greatest Stories Ever Told,Amazing Grace,18,203493,False,0.324,0.245,0,-9.678,1,0.036,0.781,0.0,0.156,0.244,97.833,4,honky-tonk,0.6104140508059409,1,2
0cjek5a8iuibb6rf4hdRvQ,Gekkenhuys;Fleur,Confetti in m'n Sokken,Confetti in m'n Sokken,39,190601,True,0.573,0.983,0,-4.247,0,0.145,0.0506,0.278,0.131,0.185,161.964,4,hardstyle,0.2013039384077665,0,0
5q35GiekvBr6oAsCsW8YlR,Martin Garrix,Animals,Animals,56,303040,True,0.676,0.857,1,-6.7,1,0.0391,0.00149,0.674,0.307,0.0378,128.01,4,dance,0.1813160239322243,0,0
24LQNvRzHvO1hVve07K2jj,Twin Strings,Dhalti Rahe (Stripped.),Dhalti Rahe - Stripped.,52,256665,False,0.581,0.159,9,-16.91,1,0.0346,0.965,0.00016,0.349,0.447,143.92,3,indie,0.5077828175220375,1,1
0WgPgM5hEWowvqvLccF1uw,Blue Stahli;Danny Cocke;Inversion,Cyberpunk 2077: More Music from Night City Radio (Original Soundtrack),Black Terminal (Upgrade),49,210013,False,0.53,0.938,7,-6.424,1,0.068,0.00029,0.628,0.0828,0.703,160.041,4,industrial,0.2142492370572539,0,0
6f3Slt0GbA2bPZlz0aIFXN,Tiësto,The Business,The Business,82,164000,False,0.798,0.62,8,-7.079,0,0.232,0.414,0.0192,0.112,0.235,120.031,4,trance,0.3027436929199564,0,0
4l5MEhjgvM9whoZFZiDsao,Magdalena Fleitas,Risas Del Agua,De quién son esos ojitos,41,42346,False,0.699,0.106,11,-16.431,1,0.389,0.727,0.0,0.103,0.674,126.69,5,latino,0.44816271857259676,0,1
0GcU3ZhlnF5k3vKjqPRifa,Soda Stereo,Dynamo (Remastered),Sweet Sahumerio - Remasterizado 2007,41,363360,False,0.634,0.665,7,-12.186,1,0.0363,0.00119,0.579,0.148,0.206,113.966,4,punk-rock,0.24978851402810576,0,0
5IhAZmgprQOF7yeEe0faOE,Amatsuki,CHUNITHM NEW ORIGINAL SOUND TRACK,Time Capsule,2,161337,False,0.473,0.724,4,-10.021,1,0.0771,0.0553,0.0,0.423,0.635,185.135,4,anime,0.3725652511495825,0,1
6i7DyKzkNHXLbRRnMMinVI,Central 3;Pevê Brito;Drops INA,Cordeiro e Leão (Ao Vivo),Cordeiro e Leão - Ao Vivo,39,652137,False,0.303,0.546,4,-7.633,0,0.0338,0.199,0.0,0.685,0.2,101.931,4,gospel,0.43506847118235326,0,1
2dBud3AlOI7HI9Es8oBa8i,Off With Their Heads,Home,Focus On Your Own Family,34,136520,False,0.461,0.988,0,-3.904,1,0.0854,0.00463,1.47e-05,0.12,0.275,109.464,4,power-pop,0.3056465393737303,0,0
6Z6SFFFWgLldSgTFyKyI0i,Chad Daniels,Busy Being Awesome,Anastasia Seabiscuit,25,94720,True,0.68,0.818,8,-8.723,1,0.916,0.708,0.0,0.622,0.455,86.087,1,comedy,0.496647391562482,1,1
0xCvya7aYf0D8F6I8iZRew,Mr Black El Presidente,Juan el Guapo,Juan el Guapo,29,240744,False,0.846,0.651,11,-12.075,0,0.0888,0.01,0.00635,0.337,0.971,120.115,4,salsa,0.22011032812076614,0,0
56hNxsAptIl9OTfVSfRJSN,Alexandre Desplat,The Lost King (Original Motion Picture Soundtrack),The Maps,12,197093,False,0.108,0.08,11,-24.875,0,0.037,0.946,0.962,0.119,0.0382,83.613,3,french,0.6524587213667621,1,2
0iVuYZTxkkJrzfp56doJ91,Lyn Lapid,Pop Christmas 2022,Messed Up On Christmas,0,141972,False,0.616,0.233,11,-12.894,1,0.0386,0.791,3.39e-05,0.0978,0.407,93.995,3,singer-songwriter,0.5655301995033369,1,1
5Ea6VaQFplATEu2biAQdlB,Popcaan,Forever,Silence,56,215776,True,0.547,0.558,9,-6.745,0,0.309,0.112,0.0,0.112,0.422,93.872,4,j-dance,0.3135936360042049,0,0
16uXRCvEKCwATSpmzq5rqE,Frontliner,Scantraxx 033,Tuuduuu - Original Mix,21,348489,False,0.726,0.896,10,-8.187,0,0.0851,0.0148,0.942,0.0514,0.272,150.005,4,hardstyle,0.27010641363757254,0,0
0d1ujEcFwTqA4kWliTSJim,Alan Walker;Georgia Ku,Don't You Hold Me Down,Don't You Hold Me Down,66,132597,False,0.773,0.839,5,-4.046,1,0.0566,0.0276,0.00797,0.132,0.303,123.975,4,house,0.2197559800277804,0,0
7a6dKghXRh8XAiwJAdigfG,SWAY;EXILE SHOKICHI;SALU,UNCHAINED,Never Say Goodbye,23,211413,False,0.615,0.915,1,-3.56,0,0.0582,0.0394,0.0,0.243,0.354,105.001,4,j-dance,0.2658046631384929,0,0
4ngv7whSPSAwD8ZP3zMHsd,Ivan & Alyosha,The Worth Of The Wait,The Worth Of The Wait,55,171800,False,0.48,0.618,2,-7.335,1,0.0501,0.844,8.93e-05,0.325,0.344,82.051,4,acoustic,0.4475051042495009,0,1
35vN8C4w1JT1nf0S7WqlqQ,Hermetica,Victimas del Vaciamiento,Traición,30,194333,False,0.439,0.826,4,-10.0,0,0.034,0.000193,0.0,0.0879,0.497,104.533,4,heavy-metal,0.2970550874520927,0,0
1HX9Dujo4yG0PG0thLTlAb,Rudimental;Rita Ora,The State of Pop,Summer Love,0,258140,True,0.56,0.724,1,-6.263,1,0.0458,0.174,0.00321,0.149,0.279,159.916,4,house,0.3259912189321655,0,0
0bFgyBeGeoxmS3OLAUoQYO,Anagramma;Helen Engels,Phoenix,Phoenix,43,418937,False,0.755,0.596,7,-10.511,1,0.0443,0.0246,0.555,0.135,0.224,112.013,4,groove,0.3077644137391859,0,0
3SENbbTSToIN6GMrryJiwc,Don Valiyavelicham,His Grace,Rakshithavine Kanka Paapi,27,374468,False,0.537,0.565,4,-8.517,1,0.0347,0.27,0.0,0.367,0.192,119.967,4,malay,0.37664182832980075,0,1
1G950qfSStXZLjScolxmmv,Dark0,Solace,Fuschia,16,289018,False,0.786,0.461,7,-6.281,1,0.0841,0.0597,0.941,0.138,0.252,142.04,4,club,0.24049544685559604,0,0
6NcruLjcmzmgwwpW09HXzT,Almklausi;Specktakel,Après Ski Megahits 2023,Mama Laudaaa - Apres Ski Edition,0,215976,False,0.614,0.974,11,-2.153,1,0.102,0.199,0.0,0.358,0.896,140.027,4,disco,0.25477339416770295,0,0
76fdtNvwn6hkOmBvgOom7L,L'Impératrice,Odyssée - EP,Parfum thérémine,53,304993,False,0.662,0.591,6,-10.907,0,0.033,0.454,0.878,0.105,0.204,102.045,4,synth-pop,0.25829540569973003,0,0
5dQRYJYKpQO3ZF4CTO6AQJ,Millencolin,Pennybridge Pioneers,Highway Donkey,33,148933,False,0.4,0.984,11,-2.551,0,0.0887,0.000744,0.0,0.334,0.57,134.89,4,ska,0.29696936280110076,0,0
53c2fnFh1JvmsQtgH5cjPn,La Polla Records,Hoy Es el Futuro,Eutanasia,26,191333,False,0.482,0.769,9,-9.992,1,0.0304,0.00101,0.00102,0.34,0.759,153.901,4,spanish,0.36345618431466636,0,1
4pLFckcqak2ESbU07dcZ6V,楊宗憲,偷偷愛著你,這款的情愛,23,229643,False,0.401,0.442,8,-11.979,1,0.0304,0.209,1.2e-06,0.0543,0.314,139.844,4,mandopop,0.41548703991813746,0,1
4OJXEwWF5CKqWmCRx8vuks,The Party Cats,Kids Dance Party: Halloween Jams,Theme From The Addams Family,11,103813,False,0.898,0.431,5,-11.645,1,0.0708,0.198,0.00076,0.041,0.9,120.052,4,kids,0.21949962671174125,0,0
2z6PQ65b5pTBnI8lqMMwrR,William Luna;Magaly Solier,Nuestra Promesa,Nuestra Promesa,33,290853,False,0.573,0.743,10,-6.573,1,0.121,0.747,0.0,0.0734,0.729,143.971,4,guitar,0.356257916840754,0,1
399J96pvyrrDAHDXBY1qnf,Oleg Pogudin,The Best Songs,Дремлют плакучие ивы,0,178920,False,0.4,0.22,2,-14.161,0,0.0384,0.896,0.0254,0.114,0.186,89.595,3,romance,0.5654529605953136,1,1
3A6Ty55vQ1NC06EiB1fi9z,The Stranglers,No More Heroes,No More Heroes - 1996 Remaster,54,207440,False,0.293,0.933,0,-8.082,1,0.0701,0.000109,0.145,0.336,0.837,150.994,4,synth-pop,0.38178358136082247,0,1
28LShwDy6gR9hKDUNKWCWX,Los Hermanos Carrion,Rock de los 60's,La Novia de Mi Mejor Amigo,27,169520,False,0.638,0.789,7,-4.888,1,0.0278,0.37,4.12e-05,0.102,0.849,129.389,4,rock-n-roll,0.24264248279508535,0,0
6bvZRLLkBKkmgpBJTTj3QK,BLACKPINK,THE ALBUM,How You Like That,75,180956,False,0.813,0.787,11,-4.254,1,0.0777,0.0452,0.000107,0.0506,0.326,130.018,4,pop,0.11301061157720058,0,0
232gT5IspcqSA7PwAqCCQh,Alessandro Safina,Dedicated,Le temps des cathédrales,19,231513,False,0.196,0.453,0,-8.227,0,0.0416,0.885,0.000794,0.248,0.202,75.155,4,opera,0.6499694653232189,1,2
7w7e9BHRU87XLwyZsXTn5J,Düş Sokağı Sakinleri,Dus Sokagi Sakinleri 3,Ayrilik,35,344960,False,0.692,0.284,5,-11.293,0,0.0298,0.956,0.0332,0.0998,0.264,103.895,4,j-rock,0.4717178381960913,1,1
1SN1vSPsr4V4tIUTR3s8YW,Jonas Blue;Dakota,Blue,Fast Car,73,212424,False,0.672,0.578,9,-6.621,1,0.0569,0.469,0.0,0.312,0.548,113.945,4,house,0.28515437810601835,0,0
4ToqbHMm2DZrk9hG01RHh7,RDN;Vitinho;Caju Pra Baixo,"RDN e Amigos 2, Bloco 1",Fulminante,38,102989,False,0.487,0.702,4,-7.961,1,0.0356,0.189,0.0,0.671,0.905,163.979,4,samba,0.43287358266679193,0,1
0SiPuRVGFgm57RyhM1RBFF,J Neto,"As Melhores Canções do JNeto, Vol. 1",Nada Me Separa Desse Amor,37,253654,False,0.488,0.32,10,-16.489,1,0.0368,0.669,0.0,0.199,0.705,81.871,4,gospel,0.5503221492289614,1,1
2S0VcTxcNm44R3TyoIcUup,Ícaro e Gilmar,Sextou BB 4 Completo (Ao Vivo em Goiânia),Pede Pra Voltar (Ao Vivo),51,179761,False,0.484,0.698,2,-4.245,1,0.0299,0.677,0.0,0.435,0.74,105.917,4,sertanejo,0.39840564445276627,0,1
3EEJ63VT1FN3sQod8vd4e8,Dirt Monkey,(RE)EVOLUTION VOL. 2,(RE)EVOLUTION VOL. 2,24,1556883,False,0.528,0.78,2,-5.549,1,0.121,0.0277,0.0168,0.185,0.329,125.065,4,dub,0.25863407477774525,0,0
54OR1VDpfkBuOY5zZjhZAY,Village People,YMCA,YMCA - Original Version 1978,70,286800,False,0.723,0.969,6,-4.516,1,0.142,0.0643,0.0,0.115,0.728,126.653,4,disco,0.2819762246036235,0,0
5JZGFSGzpRkEksBPu8n1kY,Yuvan Shankar Raja;G. V. Prakash;D. Imman;Vijay Antony;Thaman S,Biriyani (Original Motion Picture Soundtrack),Edhirthu Nill,56,261346,False,0.795,0.755,6,-6.031,0,0.0441,0.281,1.09e-06,0.047,0.606,123.962,4,pop-film,0.25840056924747057,0,0
5hnGly9RuGiixupoVrLTNI,Bad Bunny;Drake,New Pop Icons,MIA,0,210367,False,0.817,0.539,6,-6.349,0,0.0621,0.0141,0.000496,0.099,0.158,97.061,4,reggae,0.2606347836668155,0,0
1GoE6xwwZ20NbxCKVA5nz2,Chris Tomlin,How Great Is Our God: The Essential Collection,Indescribable - Arriving Album Version,49,238786,False,0.38,0.799,11,-4.128,1,0.0299,0.0818,0.0,0.108,0.407,179.848,3,world-music,0.3486548162957112,0,0
1qwUNvaIVCoiPQVQKPNyd8,Vybz Kartel,I'll Take You There,I'll Take You There,25,191352,False,0.562,0.808,3,-5.219,0,0.274,0.473,0.0,0.129,0.784,98.77,4,j-dance,0.3761017757607228,0,1
5kzDgkyl2iAo4qEitoqU5n,Imelda Miller,Que Alegre Va María,Voy a Rifar Mi Corazón,37,163706,False,0.73,0.612,10,-5.781,1,0.0379,0.594,0.0,0.64,0.83,107.635,4,rock-n-roll,0.4079073895397179,0,1
2ZceU5sfgcH5h7bIsFuuXT,Black Stone Cherry,Folklore and Superstition,Things My Father Said,44,233346,False,0.482,0.627,2,-5.779,1,0.03,0.054,2.99e-06,0.111,0.17,95.903,4,grunge,0.34953771827589075,0,0
6xltcaxCBOANwBQgJJc6uK,Bullet Bane,BLLT,Pra Não Ter Que Enxergar Onde Errei,33,225237,False,0.574,0.758,0,-5.781,1,0.0289,0.00066,1.33e-06,0.285,0.309,95.006,4,hardcore,0.2909106237583191,0,0
1cVSnQQIkjPgOnV6GohVEB,Os Arrais;Daniela Araújo,Mais,A Voz (feat. Daniela Araújo),41,271360,False,0.391,0.326,5,-12.662,1,0.0309,0.486,0.332,0.127,0.246,160.062,3,gospel,0.4559419124966665,1,1
0wWuLlChcZvwtO0hgJlelc,The Gathering,Home,Alone,22,296720,False,0.549,0.706,9,-9.223,0,0.0364,0.189,0.19,0.143,0.136,97.014,4,goth,0.39089916551406634,0,1
5SqrY9AWeRXqwgLCnLO2A0,Evanescence,Halloween 2022,Bring Me To Life,0,235893,False,0.318,0.943,4,-3.188,0,0.107,0.00721,2.06e-06,0.242,0.298,189.985,4,alternative,0.29685765322905977,0,0
5JFNmodMEPCT0k1KhmQ7lq,Glass Animals,Sweater Weather,Heat Waves,2,238805,False,0.761,0.525,11,-6.9,1,0.0944,0.44,6.7e-06,0.0921,0.531,80.87,4,indie-pop,0.2419065685544381,0,0
5Xpn8seuohodh7p0DFk13V,Tom Petty and the Heartbreakers,Rockin' Around The Christmas Tree 2022,Christmas All Over Again,0,253626,False,0.44,0.838,9,-6.196,1,0.0423,0.0956,0.0,0.473,0.619,138.908,4,songwriter,0.3508360624827863,0,1
7aIEY85BK4Y9LQwT0MXz2V,Robin Schulz;David Guetta,EDM Hits,On Repeat,0,190217,False,0.609,0.801,1,-8.483,0,0.0694,0.0246,0.00255,0.37,0.202,122.958,4,deep-house,0.3941992265164702,0,1
1veZkUONsfxYDfqcGo6YbG,Niklas Paschburg;Andy Barlow,Svalbard,Duvet,50,204845,False,0.403,0.16,6,-22.779,1,0.0369,0.959,0.941,0.0911,0.16,72.571,4,ambient,0.5299762879661652,1,1
3XAmrujM0MVxvLBa0FHccH,Lindsay Mendez;Godspell (The New Broadway Cast Recording),Godspell (The New Broadway Cast Recording),Bless the Lord,33,185986,False,0.42,0.631,2,-7.609,1,0.119,0.421,0.0,0.327,0.799,127.928,4,show-tunes,0.4548431962956301,1,1
6h061f44HZPj1OXO2nA45d,Brandi Carlile;Sam Smith,Mellow Bars R'n'B,Party of One,0,259558,False,0.296,0.206,0,-11.799,1,0.0412,0.782,0.000225,0.0959,0.202,165.4,4,acoustic,0.5420278175014489,1,1
4BrchLoM7UtgFfMjp3eQ1z,O Rappa,O Rappa - Acústico Oficina Francisco Brennand (Deluxe) [Ao Vivo],Bitterusso champagne - Ao vivo,41,202457,False,0.459,0.9,1,-5.215,1,0.111,0.301,0.087,0.874,0.488,170.013,4,r-n-b,0.28897340474169336,0,0
5x5DSEnt5Yzo9SoQBenjgY,Bulldog,"Pogo, Punk Y Sentimiento","Mi amor, mi sol, mi perdición",36,240451,False,0.416,0.934,9,-3.725,1,0.0491,0.0072,0.0,0.224,0.725,179.987,4,punk-rock,0.2712856177953936,0,0
7qrx7wdYhAOotAX9Cux06s,Andy Thorn,Songs of the Sunrise Fox,Dawn is Coming,25,221840,False,0.54,0.435,10,-18.341,1,0.0443,0.966,0.775,0.0932,0.929,117.031,4,bluegrass,0.46111806467833644,1,1
7EzOPuivzEs7DOcrYMYfJw,Weißes Rauschen HD,Meereswellen zum Schlafen: Weißes Rauschen für den Schlaf,Schwappende Gezeiten,42,230675,False,0.0578,0.446,0,-28.103,0,0.0582,0.915,0.962,0.384,0.00084,63.334,3,sleep,0.6254736756167137,1,2
1oNFfrgSdZ2Af22M60gix4,Los Locos Del Ritmo,Pólvora,Haciendote el Amor,31,119745,False,0.571,0.719,2,-8.81,1,0.0447,0.871,0.0,0.133,0.988,138.16,4,rock-n-roll,0.4367993381904046,0,1
3Mk4nxxKHem8rWxdWLC0R6,Eikichi Yazawa,LIVE DECADE 1990-1999 (50th Anniversary Remastered),トラベリン・バス - Live at 横浜スタジアム'95 - Remastered 2022,31,249906,False,0.493,0.943,5,-6.579,1,0.101,0.000409,0.1,0.923,0.274,140.2,4,rockabilly,0.3395033730911376,0,0
1fewSx2d5KIZ04wsooEBOz,Metro Boomin;Gunna,NOT ALL HEROES WEAR CAPES (Deluxe),Space Cadet (feat. Gunna),81,203266,True,0.901,0.464,5,-9.789,0,0.0645,0.368,1.71e-05,0.238,0.638,109.004,4,hip-hop,0.2452719050272758,0,0
2LwbqMBDHVgePOlAsYkJpY,Randy Newman,Cars (Original Motion Picture Soundtrack),The Piston Cup,41,112386,False,0.296,0.203,4,-12.019,1,0.0418,0.902,0.915,0.178,0.165,115.409,4,disney,0.6530370012097154,1,2
4DW67oWO4QPhVQ6TFIr8ES,Megan Thee Stallion;Future,It's You - Fresh Hits,Pressurelicious,1,173061,True,0.845,0.723,11,-5.18,1,0.263,0.0112,0.0,0.107,0.667,146.972,4,dance,0.2521381426879838,0,0
6MLgJ24KLXzuYqT330yfdz,Usted Señalemelo,Usted Señalemelo,Fusión y Fin,37,189800,False,0.588,0.832,9,-7.543,1,0.0415,0.021,0.00101,0.186,0.523,106.011,4,electronic,0.2502900711042183,0,0
2LAbwhtxSdxvOjQRSNdVmF,Kavinsky,Halloween 2022,Rampage,0,175653,False,0.44,0.873,5,-3.015,0,0.0576,0.0124,0.0966,0.346,0.5,111.1,4,alternative,0.35196473762903674,0,1
0L50h51ICmM3WrLagIFPJC,Anstandslos & Durchgeknallt;Emi Flemming,Nüchtern,Nüchtern,35,159375,False,0.864,0.842,0,-5.518,1,0.0502,0.19,0.00023,0.0795,0.844,127.97,4,party,0.1738890303620857,0,0
02IzKHWkGVtNMdPoOAxHb3,Cheap Trick,Alternative Christmas 2022,I Wish It Was Christmas Today,0,194120,False,0.383,0.984,8,-3.573,1,0.103,0.000246,0.287,0.24,0.304,164.959,4,r-n-b,0.3092573968525812,0,0
2HCml99aKlW0dcCPZMOKQX,Nikko Culture;Nezhdan,Let Me,Let Me - Nezhdan Remix,36,428717,False,0.774,0.629,9,-8.986,0,0.0368,0.175,0.0618,0.0975,0.152,117.02,4,groove,0.2521877283370011,0,0
0gKNqldG2cL6UZGCre4rAj,Phil Lam,Songs of Love,難得一遇,45,235892,False,0.418,0.345,10,-9.795,1,0.0354,0.767,0.0,0.176,0.215,172.006,4,cantopop,0.4959743604719864,1,1
10dVVfHlZYjV4Qv9uNVgrA,Afro B;French Montana,Joanna (Drogba) [Remix],Joanna (Drogba) - Remix,55,207763,True,0.934,0.642,2,-6.489,1,0.117,0.037,0.0,0.0754,0.748,108.027,4,dancehall,0.2204844637772099,0,0
1voq70uyXy4i3S1oJP48Hs,Rita Lee;Roberto De Carvalho,Babilônia,Jardins Da Babilônia,40,190960,False,0.618,0.701,0,-11.905,1,0.0611,0.072,0.0,0.0627,0.889,124.449,4,r-n-b,0.2128850432136132,0,0
6OGMQF8sdQ9p5Y27kX0t0r,Charli XCX;Rina Sawayama,Beautiful Trending Hits 2022,Beg for You,0,168053,False,0.788,0.945,9,-5.091,1,0.0599,0.223,2.97e-06,0.115,0.466,128.036,4,electro,0.15690491814568014,0,0
6ktfvSd9cnC9ZQv7bnif1B,Hermetica,Victimas del Vaciamiento,Buscando Razón,39,221200,False,0.465,0.708,2,-10.568,1,0.0286,0.000239,7.57e-06,0.0872,0.685,97.28,4,heavy-metal,0.2561835365610922,0,0
2xtVidhCrrm5RQlgfGiskm,Jesse Cook,The Rumba Foundation,Afternoon at Satie's,34,197093,False,0.679,0.474,4,-13.223,0,0.043,0.941,0.922,0.11,0.441,102.292,4,guitar,0.39027893253279455,0,1
5441DT9P5AL05PQSoNMNzS,Justin Bieber;Burna Boy,Hidden Gems,Loved By You,0,159250,False,0.79,0.724,1,-6.972,1,0.0852,0.0696,2.33e-06,0.113,0.642,101.04,4,pop,0.2039737656897805,0,0
46y7Z4FT959dUDj30tf2N2,Implore,Alienated Despair,Parallax,16,234195,False,0.258,0.928,2,-4.079,1,0.0836,2.23e-06,0.983,0.0908,0.2,176.984,4,grindcore,0.2902339894557674,0,0
0wix4N0V67kfAFrkEaCKpO,Lorhann,Calma (Piano e Voz),Calma - Piano e Voz,42,220729,False,0.326,0.375,2,-7.803,1,0.0393,0.883,0.0,0.119,0.467,82.355,4,gospel,0.5444464002940096,1,1
27SdWb2rFzO6GWiYDBTD9j,Sia,This Is Acting,Cheap Thrills,78,211666,False,0.628,0.698,6,-5.608,0,0.105,0.0472,0.00143,0.0907,0.732,89.976,4,dance,0.2090839814085239,0,0
6zyDXm2DMaWbxguJpWqudR,Bazzi,Your Perfect Soundtrack,Heaven,0,153391,False,0.798,0.575,5,-5.515,0,0.035,0.14,3.62e-06,0.056,0.683,114.986,4,electro,0.32171884952584207,0,0
6I8EbSSjimK98wiDCMtnBQ,Blues Delight,Rock Island Line,Slightly Hung Over,54,285506,False,0.666,0.4,9,-7.324,0,0.0328,0.717,0.000334,0.342,0.395,98.781,3,blues,0.3747633275742951,0,1
1cAMXz9mnvrqyQLSG4KeeE,Pearl Jam,Lightning Bolt,Sirens,63,340320,False,0.523,0.847,3,-5.888,1,0.028,0.00309,1.21e-05,0.146,0.475,155.032,4,grunge,0.22495398024366958,0,0
0jbaVDk5DhYgSrpohVXUmk,Muchy,Szaroróżowe,22 godziny,36,247133,False,0.678,0.667,1,-6.482,1,0.0348,0.0165,7.19e-05,0.157,0.427,106.018,4,punk-rock,0.2732009440212115,0,0
51dGpRXdXyODtrBj49OvE5,Ol' Dirty Bastard,The Hip Hop Collection,Shimmy Shimmy Ya,0,160666,True,0.743,0.467,0,-5.429,1,0.0632,0.0344,0.0391,0.0716,0.125,96.238,4,alternative,0.34270928551575175,0,0
4NsBEdmbgu9u8cH21ycyBv,Air,Premiers Symptômes,Modular Mix,47,359600,False,0.595,0.557,2,-11.903,0,0.0912,0.351,0.81,0.0468,0.396,179.798,4,trip-hop,0.4355585369377855,0,1
5t1sJQEcAltWjCfGL50aQT,Wage War,Pressure,Grave,52,194786,False,0.491,0.981,7,-3.673,0,0.131,0.0116,0.000971,0.144,0.366,138.015,4,metalcore,0.23394927916582325,0,0
7HOeuULGsJMkZ20gZlrMZr,Rootkit,Dreams,Dreams,47,188965,False,0.497,0.84,0,-3.519,1,0.134,0.00281,0.0272,0.121,0.0388,173.882,4,dubstep,0.255889785100286,0,0
3taJ7Hxx6pifR0GKvf7Yv9,Derrick Carter,Defected Presents House Masters Derrick Carter Mixtape,Defected Presents House Masters - Derrick Carter Mixtape,5,305826,False,0.785,0.884,6,-6.827,1,0.0694,0.00207,0.133,0.0933,0.53,123.984,4,chicago-house,0.17528299543993348,0,0
0rPvMauDM1pee5BlHtF0p8,Hardcore Masif;Weaver;Steve Hill,Everyday (Technikore Mix) / Not Alone (Weaver & Steve Hill Mix),Not Alone (Weaver & Steve Hill Mix),24,357302,False,0.416,0.973,7,-5.621,0,0.0586,0.00882,0.531,0.344,0.186,169.005,4,happy,0.2850291350051557,0,0
5u8XmgNqmWZORE6XByIj1J,Ndee Naldinho,O Povo da Periferia (Deluxe),O Povo da Periferia (Expressão Ativa),42,469999,False,0.804,0.371,0,-15.462,1,0.138,0.515,1.08e-05,0.173,0.749,133.96,4,r-n-b,0.3245569417872056,0,0
5kW4weQet1sxEKE9wJngDJ,Mastodon,Top of the Rock,Teardrinker,0,320507,False,0.457,0.979,5,-3.836,1,0.0485,9.8e-06,0.119,0.123,0.227,127.006,4,groove,0.28620123759108007,0,0
1qRA5BS78u3gME0loMl9AA,Buffalo Springfield,Buffalo Springfield,For What It's Worth,78,153693,False,0.653,0.519,2,-10.164,1,0.0497,0.406,0.0209,0.101,0.822,98.883,4,blues,0.287501750155571,0,0
01SfTM5nfCou5gQL70r6gs,The Beatles,Abbey Road (Remastered),Golden Slumbers - Remastered 2009,64,91760,False,0.419,0.152,0,-12.126,1,0.0277,0.326,0.0034,0.113,0.239,80.608,4,british,0.5060794756092089,1,1
6arfQN87rvooz5kZIQqis2,Foghorn,Foghorn,Into the Fog,29,78760,True,0.662,0.991,11,-3.534,0,0.245,0.0259,0.0971,0.45,0.18,122.026,3,hardcore,0.2499785450907065,0,0
0M8rrUcBYXa24y3AIKQ19z,David Gilmour,Live At Pompeii,Comfortably Numb - Live At Pompeii 2016,53,599840,False,0.211,0.641,11,-10.24,0,0.0495,0.026,0.00382,0.754,0.251,127.142,4,blues,0.4741343499424287,1,1
6RK3IsiUW6YaSMEodbO4tk,M83;Felsmann + Tiley,Solitude (Felsmann + Tiley Reinterpretation),Solitude - Felsmann + Tiley Reinterpretation,72,222354,False,0.367,0.202,0,-11.342,1,0.0313,0.668,0.145,0.109,0.0362,121.865,4,indie,0.4756325145537152,1,1
0nrffwdTd688xx9o74NsPc,Baby Lullaby,Soft Pillow (lullabies for children and adults),Sleep in Love - Music Box,0,131000,False,0.451,0.036,0,-20.772,1,0.0633,0.905,0.898,0.108,0.397,106.807,4,sleep,0.6467782649118171,1,2
0u8wprNfOdcWpUlWnfMcpP,Shankar-Ehsaan-Loy;Rahat Fateh Ali Khan;Mahalakshmi Iyer;Gulzar,Jhoom Barabar Jhoom,Bol Na Halke Halke,68,306834,False,0.637,0.573,11,-6.69,0,0.0491,0.279,3.46e-06,0.0617,0.704,90.017,4,pop-film,0.2870065871352571,0,0
06QhDcVIH3csxlm7K7mpPi,Ellie Goulding;Juice WRLD,Beginner Ride (Mixtape Vol. 1),Hate Me,2,186226,False,0.658,0.791,8,-4.66,1,0.0512,0.102,0.0,0.139,0.744,75.017,4,indie-pop,0.3291430746774271,0,0
1dVZeuQFWzSI22d3hPEncI,Daddy Yankee;El Alfa;Lil Jon,Feliz Cumpleaños con Perreo,BOMBÓN,8,182413,True,0.843,0.789,7,-2.801,1,0.247,0.0028,2.41e-05,0.0322,0.571,125.071,4,hip-hop,0.1528562647660423,0,0
5URQ1xSOkuIhyP9jjd4tXk,Samuel Messias,Gerado no Altar (Ao Vivo),Gerado no Altar (Ao Vivo),38,357954,False,0.328,0.474,6,-7.972,1,0.0659,0.449,0.0,0.0772,0.236,174.799,4,gospel,0.5370703706523502,1,1
2UFAjlh6NmjWX9IyMTMcxD,Alejandro Sanz,Para entrar en calor,Te Canto Un Son,0,192551,False,0.815,0.66,9,-7.68,0,0.25,0.381,0.0,0.128,0.643,101.006,4,rock,0.3326170716551948,0,0
0C3ZTjUS7XqO9znjYl5CPM,Gravero;Happy Pills;Dikshant,Kitaab,Kitaab,50,148389,False,0.553,0.378,4,-10.735,1,0.0688,0.607,0.000324,0.26,0.332,170.051,4,indian,0.26969742014616244,0,0
6xB7E0HOWznwiO0v56mqwD,Sigma;Birdy,Find Me,Find Me,55,204444,False,0.584,0.805,5,-4.029,0,0.0465,0.0649,0.0,0.103,0.238,134.882,4,drum-and-bass,0.19662199153149154,0,0
2cNjgoSh1TBHFQIhfzRJUE,The Chemical Brothers,Born In The Echoes,Go,59,260696,True,0.751,0.897,1,-3.598,1,0.0468,0.00957,2.88e-05,0.329,0.482,119.97,4,breakbeat,0.22375231890038086,0,0
38QNEuBhnpwEfhQoBqxwQQ,Jefte Santos,Ele Continua Sendo Deus,Ele Continua Sendo Deus,37,272526,False,0.599,0.414,9,-7.249,1,0.0339,0.214,0.0,0.322,0.259,121.766,4,groove,0.2925033471100252,0,0
0FDMH2ahuIVzCybwHJK9zh,Anuel AA,Real Hasta la Muerte,Quiere Beber,71,187125,False,0.773,0.57,8,-3.482,1,0.113,0.372,0.00524,0.108,0.772,95.038,4,latino,0.22694249320309484,0,0
2BxRxqP6gqHHO0dQzse8pe,Kızılırmak,Gölge,Adıyaman,39,133720,False,0.599,0.365,6,-7.628,0,0.0282,0.867,0.0,0.209,0.459,127.962,4,turkish,0.41629876864142673,0,1
0OBtVT2njy39xf4RgGV8cI,Owl City,Alternative Christmas 2022,"Kiss Me Babe, It's Christmas Time",0,229033,False,0.705,0.567,0,-7.054,1,0.0306,0.0199,0.0,0.0937,0.562,105.96,4,rock,0.28207070999300665,0,0
6vA1FwRxArrlYJTCW5sxHi,Central 3;Gabriela Maganete;Rapha Gonçalves,Para Ti Eu Vou (Ao Vivo),Para Ti Eu Vou - Ao Vivo,50,601544,False,0.4,0.601,0,-6.879,1,0.0356,0.458,0.0,0.173,0.236,133.766,4,brazil,0.43522171118341946,0,1
0SWcUpvp1XvKDKJAcOqDNl,Dead Fish,Ponto Cego,Descendo As Escadas,31,226979,False,0.432,0.959,11,-5.095,1,0.0522,0.000358,0.0,0.104,0.637,92.122,4,hardcore,0.29575849101716367,0,0
4aY0tZIaboefmkBEsjAovI,The Band Perry,The Band Perry,If I Die Young,65,222773,False,0.606,0.497,4,-6.611,1,0.0277,0.348,0.0,0.275,0.362,130.739,4,country,0.268773717196822,0,0
16Y0MeVVRU0SwpKDN9durD,Matt Sassari;CHRSTPHR,The Voodoo Babe,The Voodoo Babe,55,126666,False,0.823,0.855,5,-5.577,1,0.0456,0.000807,4.9e-06,0.345,0.917,125.975,4,techno,0.18116211373373953,0,0
4fAGHnOJi4ZuPVEldt9pdu,Leon Lai,愛得太傻,但願不只是朋友,25,256839,False,0.65,0.594,0,-7.484,0,0.0256,0.0504,0.000162,0.188,0.486,122.164,4,cantopop,0.2701037700341217,0,0
0c1rZSPk2AtPkcfjfsU7QB,Johann Sebastian Bach;The Monteverdi Choir;English Baroque Soloists;John Eliot Gardiner,Classical Christmas 2022,"Christmas Oratorio, BWV 248 / Part One - For The First Day Of Christmas: No. 1 Chorus: ""Jauchzet, frohlocket""",0,459360,False,0.499,0.327,1,-16.66,1,0.0382,0.937,0.161,0.131,0.43,134.882,3,german,0.47222958142261534,1,1
6DCOPYnwHSpJ0GCKaXdjn5,ReoNa,forget-me-not,forget-me-not,53,266560,False,0.452,0.918,5,-3.865,1,0.104,0.0044,1.14e-06,0.307,0.509,148.032,4,anime,0.33460554743806764,0,0
5N5GaRpXYZl5ZKKU5a5LtH,Aitana,Berlín,Berlín,66,146493,False,0.788,0.81,4,-3.136,1,0.0736,0.0656,0.000465,0.283,0.891,153.936,4,spanish,0.1854647713016799,0,0
3cCzgsUedVusANcpXXfpgF,Asspera,Hijo de Puta,El Hijo de Cuca,22,168120,False,0.578,0.955,6,-4.433,1,0.203,0.00192,0.0,0.383,0.463,145.013,4,heavy-metal,0.26530428546799795,0,0
2SSZlqFPj6pCmOQhwVmgPi,The Jackson 5,All I Want For Christmas Is You,I Saw Mommy Kissing Santa Claus,0,181360,False,0.582,0.705,3,-8.169,1,0.0539,0.29,1.38e-06,0.797,0.64,128.89,4,soul,0.4476145258107683,0,1
6oNLtf8Ri1ADGCu6WSii1p,Phil Coulter,Classic Tranquility,The 'Derry Air,22,182066,False,0.552,0.235,5,-17.955,1,0.0321,0.699,0.805,0.13,0.205,111.841,3,opera,0.5259816757237996,1,1
4DNAieQSXgtNX37M0UJxC6,Nature Sounds,Relaxing Rain Sounds,Night Rain for Sleep,0,128190,False,0.166,0.998,11,-27.053,0,0.0403,0.993,0.646,0.952,1e-05,81.46,4,sleep,0.6334791375827038,1,2
6mchtho7otjNIYcPPrYZyj,"Gotay ""El Autentiko"";Ozuna;Wisin",Perreo Tenebroso Vol. 4,Más De Ti,0,257506,False,0.758,0.8,0,-3.245,1,0.0383,0.0714,0.0,0.407,0.607,94.043,4,reggaeton,0.310470660644922,0,0
6TRYv8brfH12SfgV8lMraP,Akalé Wubé,Mata,Mata,44,230853,False,0.569,0.496,4,-11.423,0,0.0674,0.393,0.924,0.11,0.808,82.822,4,afrobeat,0.363126959309269,0,1
2l2zYplvdjpRDEAmoHKX0t,Charly Lownoise & Mental Theo,The Best Of Charly Lownoise & Mental Theo,Just Can't Get Enough - Radio Edit,20,254533,False,0.531,0.997,5,-4.509,1,0.0504,0.101,3.39e-05,0.957,0.458,138.011,4,happy,0.3113106155464897,0,0
7g1ID9Paz7HfwH58jnJrSP,Vladimir Troshin,"Moscow Nights: Popular Russian Hits, Vol. 1 (CD edition)",My Friend,9,147360,False,0.416,0.16,9,-17.863,1,0.0559,0.975,0.173,0.086,0.562,88.454,4,romance,0.6287157705166941,1,2
4Q2pNhiQ5KtzuXd0GIbRiz,Raimu,The Spirit Within,Counting Rice,60,181305,False,0.645,0.242,2,-13.986,0,0.0402,0.805,0.894,0.115,0.0744,140.015,4,chill,0.47531413728628946,1,1
1hLRoUONVzeTkWZT7pCuvs,Judy Garland,Rockin' Around The Christmas Tree 2022,Have Yourself A Merry Little Christmas,0,165026,False,0.23,0.163,6,-14.909,1,0.0351,0.97,0.00424,0.262,0.102,102.777,3,jazz,0.6652512770694745,1,2
67QoEc0mR2OpqNKXgHGHDq,Glee Cast;Darren Criss,Glee: The Music presents The Warblers,"Bills, Bills, Bills (feat. Darren Criss)",46,180280,False,0.833,0.441,11,-6.172,0,0.152,0.392,0.0,0.149,0.762,127.658,4,club,0.3450932252321189,0,0
1mgsWGf69P448vP0md1Z8e,ARMNHMR;NURKO;Micah Martin,Won't Make A Sound,Won't Make A Sound,47,276480,False,0.441,0.728,5,-4.373,1,0.0384,0.259,0.0,0.109,0.191,142.095,4,dubstep,0.34015463717547345,0,0
5cZkudJYkjAKcU4Cs0BM6H,Tanju Okan,Bir Zamanlar (Best Of),Dostlarım,40,247560,False,0.328,0.613,2,-6.47,0,0.0335,0.545,0.0,0.377,0.473,99.824,4,j-pop,0.5487373392490333,1,1
02WKGxS1NX7eJTgW1seICP,Vanessa Mai,METAMORPHOSE,Bitte Geh Nicht,38,131426,True,0.706,0.73,0,-5.681,1,0.052,0.662,1.93e-05,0.293,0.493,93.034,4,german,0.4118382195986452,0,1
1NzZWhNIP9DIX4yy0K7l5m,Friedrich von Flotow;Luciano Pavarotti;New Philharmonia Orchestra;Richard Bonynge,The World's Best Loved Tenor Arias,"Martha: ""M'appari""",23,204706,False,0.222,0.195,5,-13.631,1,0.0368,0.982,0.000169,0.0945,0.11,89.332,4,opera,0.6498589257978363,1,2
0aK3Xgv9CRa9T62PXLG3fX,BOØWY,JUST A HERO,DANCING IN THE PLEASURE LAND,33,271626,False,0.634,0.975,6,-5.433,0,0.057,0.0081,0.0764,0.21,0.77,140.299,4,j-rock,0.23742256126344363,0,0
0H4v7LA7Yvw6uRe4BbeOsp,Håkan Hellström,Illusioner,Sjung högre,35,263839,False,0.225,0.276,5,-9.724,1,0.0302,0.871,0.325,0.177,0.107,79.704,3,goth,0.563689804228526,1,1
3y8vOmrtJpdyQ3PkaHQRKm,Matanza,Odiosa Natureza Humana,Remédios Demais,43,144266,False,0.359,0.991,2,-3.688,1,0.121,0.000762,2.23e-05,0.0837,0.433,181.231,4,brazil,0.24768994120730936,0,0
3xPq3bLYR6GOR1L1y9WEmi,Ten City,Judgement,That's The Way Love Is,17,247000,False,0.678,0.937,7,-5.56,1,0.0432,0.187,0.000159,0.13,0.96,120.002,4,chicago-house,0.262953373486178,0,0
2T7qCmVQfFrh0ihKjprF45,Starsailor,Alternative Rock Mixtape,Four to the Floor,2,230960,False,0.53,0.782,1,-6.872,0,0.0259,0.0265,0.000187,0.0688,0.719,93.106,4,piano,0.23714200774951874,0,0
215VIsT7adhjPuUtJkZdXl,Accept,Symphonic Terror (Live at Wacken 2017),Shadow Soldiers - Live in Wacken 2017,20,360120,False,0.486,0.918,1,-6.207,0,0.0415,0.0144,0.00353,0.798,0.431,108.012,4,heavy-metal,0.34286532326580904,0,0
7GDpzsyHLv6NVJ9tC528qz,Aux 88,AUX 88,Clones,7,357409,False,0.444,0.799,7,-10.938,1,0.0722,4.11e-05,0.695,0.0235,0.197,179.792,5,detroit-techno,0.24308613382859434,0,0
48VzfSDNpxIfWohA9bZgfo,Gary Chaw,SUPERMAN,背叛,54,321629,False,0.368,0.449,11,-7.049,1,0.0298,0.729,0.0,0.132,0.273,133.974,4,mandopop,0.4812748385271205,1,1
1ycasxRQuWKCs0LpIBNcw7,Kevin Roldan;Bryant Myers;Lyanno,Noche de Halloween Latino,Hasta Abajo,1,229826,False,0.714,0.671,5,-5.119,1,0.362,0.292,0.0,0.325,0.641,169.727,4,latin,0.3824325000864923,0,1
5w0fXkSXtTY4kDKzandhkJ,Pee Wee Gaskins;agrikulture,Salute To 90's,Terbaik Untukmu,40,290454,False,0.411,0.924,7,-2.292,1,0.0445,0.00463,0.000306,0.296,0.275,176.154,4,punk,0.2439465892625388,0,0
45s4AQmANhxHbIF9S0900V,Robert Schumann;Pavel Nersessian,"Schumann, Poulenc & Others: Piano Works (Live in Japan, 2022)","Carnaval, Op. 9: No. 15, Pantalon et Colombine (Live in Japan, 2022)",0,56360,False,0.295,0.195,5,-22.43,0,0.0457,0.994,0.916,0.205,0.496,131.893,5,classical,0.6286371574314787,1,2
7KVQff4bIdHI6X6DX11H4J,Blake Rules;Netherfriends,Kids Trap 3,Wash Your Hands,17,147200,False,0.778,0.4,8,-10.231,0,0.158,0.228,0.0,0.338,0.624,75.032,4,kids,0.3690599064759967,0,1
572GakOVkoIZvOGXcgofFO,Feid,Esto me suena a Farra,Feliz Cumpleaños Ferxxo,2,155960,False,0.865,0.573,5,-5.501,1,0.0678,0.0863,0.0,0.305,0.563,94.999,4,latin,0.3112049453605782,0,0
3uRrymHwcED49Q4fAnJJgD,Lizzo;DaBaby,Energy Hip Hop,Truth Hurts - DaBaby Remix,0,197610,True,0.706,0.627,4,-2.94,0,0.202,0.193,0.0,0.126,0.38,158.041,4,hip-hop,0.3987352331850833,0,1
7nRRTaHqiagZHYOHDOlZlF,Jasmine Cephas-Jones;Le'Asha,Blue Bird,Gone Girl,23,202040,True,0.673,0.613,7,-6.865,1,0.047,0.0054,0.0104,0.0751,0.372,130.033,4,show-tunes,0.37685762931516287,0,1
5jo7iW8CAGWWTrImvn8Ynh,Wu Bai,秋日思念絮語,深秋的祝褔,0,297746,False,0.556,0.448,2,-9.131,0,0.0314,0.884,0.276,0.126,0.338,80.754,4,mandopop,0.5448077619911789,1,1
71QO17vemzJdZ4LjIxgQoX,Duke Dumont,Del gusto de hermanos,Ocean Drive,0,206320,False,0.67,0.776,8,-4.091,0,0.047,0.00388,0.000189,0.122,0.624,115.034,4,house,0.17184782971503593,0,0
24KWR3ATrrVO7oRju8ww2i,Far East Movement;Cover Drive,Almorzando solo,Turn Up The Love,0,196466,False,0.75,0.877,1,-4.203,1,0.121,0.132,0.0,0.268,0.662,123.87,4,edm,0.3238427101914051,0,0
0IgDxg8KOtsM8x3y09L9oB,Unha Pintada,Se Livra Dele,Se Livra Dele,41,193777,False,0.782,0.724,0,-5.521,1,0.0472,0.6,0.0,0.101,0.659,134.996,4,forro,0.18400268684014567,0,0
5T9xdLt54vDIPCBCtrK358,Carlos Gardel,Celebridades,Volver,26,170533,False,0.504,0.308,1,-8.062,0,0.0739,0.978,3.73e-05,0.264,0.582,60.048,4,tango,0.48006535862586325,1,1
5tRnzF4v2KL72QQdCjopyt,Phantogram;xxtristanxo;Slowed Radio;Future Islands,Black Out Days [Future Islands Remix (Slowed)],Black Out Days - Future Islands Remix (Slowed),66,214394,False,0.535,0.402,9,-10.884,1,0.031,0.000748,0.734,0.0812,0.0862,142.847,4,indie,0.3181916513661901,0,0
7GNRUsU3M4XNDDB9xle5Dz,PSY;SUGA,PSY 9th,That That (prod. & feat. SUGA of BTS),81,174646,False,0.905,0.962,4,-3.197,1,0.0856,0.0299,0.0,0.0272,0.906,129.969,4,hip-hop,0.07809454210846506,0,0
6uW03WHG3qv2FzxPIW6SUP,Cheryl Freeman;LaChanze;Vaneese Thomas;Lillias White;Roz Ryan;Disney,Hercules (Original Motion Picture Soundtrack),The Gospel Truth I / Main Titles - Hercules,61,145640,False,0.5,0.565,11,-10.528,1,0.145,0.25,0.000147,0.145,0.466,158.072,4,disney,0.4600391347374081,1,1
51bylzFSkrMp9kwmMtzN2X,Herman's Hermits,Herman's Hermits,The End of the World - 1997 Remaster,41,180226,False,0.429,0.257,5,-10.906,1,0.028,0.864,0.00154,0.0878,0.382,90.004,3,rockabilly,0.5632053450131822,1,1
7LXl6yUAXJL33Z7ZJts986,Il Divo,Ancora,All By Myself,26,232693,False,0.345,0.4,2,-7.701,0,0.0317,0.523,8.63e-05,0.103,0.0376,115.631,4,opera,0.49213444160594877,1,1
5I8DslpztOwOpwERbGGDTC,Camisa de Vênus,Batalhões de Estranhos,Eu Não Matei Joana d'Arc,47,225533,False,0.399,0.75,2,-11.185,1,0.118,0.00481,0.000483,0.0748,0.745,197.679,4,r-n-b,0.3500464918521545,0,1
1tuAr9yRejguil8EMa0QQa,Oscar D'León,Big Band Classics,"New York, New York",27,197320,False,0.465,0.48,3,-6.573,1,0.033,0.608,0.0,0.301,0.584,112.142,4,salsa,0.49770519016571046,1,1
4dmdNjwLHAWB0uWI1E0hqf,Hot Chocolate,80's,It Started with a Kiss,0,242013,False,0.811,0.527,0,-13.463,0,0.0986,0.238,0.000424,0.338,0.684,112.375,4,disco,0.3412701012988942,0,0
0RGoOj4wRgrldTUEzygt5k,DJ Zinc;Chris Lorenzo,Gammy Elbow (VIP Mix),Gammy Elbow - VIP Mix,21,191296,False,0.924,0.893,7,-2.567,1,0.191,0.0166,0.859,0.0907,0.613,129.999,4,j-dance,0.21042348607331302,0,0
49z2kxEp9AzpDY66YuD1jJ,Gentle Bones,Smile For Me,Smile For Me,51,166415,False,0.665,0.645,7,-6.056,1,0.0673,0.144,0.0,0.165,0.254,106.016,4,chill,0.308119947367551,0,0
5g3ZD7PmrEQlQZKDW91yGG,The Bangles,Everything,Eternal Flame,64,235666,False,0.521,0.233,7,-13.683,1,0.0254,0.635,0.0,0.245,0.4,78.93,3,synth-pop,0.5580143972439886,1,1
6MNY72T605kPIOH3hnioxu,Aimer,Penny Rain,Ref:rain,60,289986,False,0.472,0.672,7,-4.297,1,0.0287,0.0343,0.0,0.0936,0.313,77.982,4,j-pop,0.2894652387392317,0,0
2aEkwMP0T1qaAo1qLoI9gl,Juno Mak,念念不忘,念念不忘,43,271353,False,0.431,0.687,0,-6.252,1,0.0493,0.586,0.0,0.3,0.351,141.811,4,cantopop,0.40944655266828145,0,1
4OQ4Ua0SulicmSHpgBXCvs,Mirta da Silva,Oceá,Oceá,49,158974,False,0.346,0.0431,10,-29.328,1,0.0387,0.994,0.951,0.109,0.326,138.532,3,piano,0.6171761289464938,1,2
0zMvwJ23O7vsBTXxrMpwo0,Mini Pop Kids,Mini Pop Kids 3,You Spin Me Round (Like a Record),8,216440,False,0.754,0.928,4,-3.021,1,0.0458,0.00173,0.00151,0.039,0.671,127.959,4,kids,0.11550778344971499,0,0
3WtdWGFcbmVi2uKMcT4KZ2,Detonautas Roque Clube,Detonautas Acústico,Outro Lugar,54,236973,False,0.616,0.833,2,-7.932,1,0.0323,0.0392,9.77e-05,0.801,0.553,104.043,4,mpb,0.3278887831228795,0,0
03EnOL1O9EKi9CFNmPyrCm,Bryan Adams,Anthology,Please Forgive Me,68,355640,False,0.555,0.46,9,-7.032,1,0.0277,0.497,0.0,0.103,0.146,67.027,3,songwriter,0.3012021834725899,0,0
38Qvhp5yjj5uizSxVdcucY,Prateek Kuhad,In Tokens & Charms (Deluxe Edition),Go,35,231958,False,0.449,0.261,9,-11.057,1,0.0324,0.626,0.0,0.101,0.218,84.138,4,songwriter,0.5221644308722565,1,1
5HmqzCeCdZFF20jqI6p73T,Modern Guns;Ijal Bulb,We Are Strangers After All,No Chance to Bloom,37,171213,False,0.246,0.995,1,-2.699,0,0.267,0.00062,0.168,0.476,0.162,139.697,3,emo,0.3916159324840641,0,1
44iP5ZxeA8Z8rQ8dBtxG4b,Lefty Frizzell,"The Complete Columbia Recording Sessions, Vol. 9 - 1968-1972",What Am I Gonna Do,11,155746,False,0.522,0.281,0,-15.195,1,0.027,0.902,0.00333,0.109,0.554,97.444,4,honky-tonk,0.5757661344237617,1,1
16DhvbuyvJob4Q9GHNYu2n,Puddle Of Mudd,Come Clean,She Hates Me,72,216760,True,0.58,0.748,4,-5.433,1,0.0323,0.00935,0.0,0.753,0.584,109.781,4,grunge,0.28966418715712067,0,0
7pJH3YXNRUvq0ctKirL13A,Kary Ng,My January (Deluxe Version),人非草木,48,267586,False,0.549,0.468,0,-7.895,1,0.0289,0.596,0.0,0.127,0.415,118.018,4,cantopop,0.35849183624227315,0,1
5AOS3sZzMVmhJDgV8PjOoR,Los Tecolines,Peerless 80 Aniversario - 24 Exitos Vol. 1,Ya no te quiero,26,144040,False,0.729,0.446,0,-11.727,1,0.034,0.974,0.000702,0.173,0.91,112.476,4,guitar,0.3979429735533655,0,1
47mlmMUesrgqCzSdTz6DXF,Stephen Zechariah,Sagiyae,Sagiyae,58,184500,False,0.496,0.549,4,-8.067,0,0.0286,0.128,0.00226,0.237,0.372,80.03,4,hip-hop,0.4059105439575017,0,1
7EM8x02pL7RZAyG4ZbeVdC,Triac,Always Meant to Hurt You,Child Thief,13,88392,False,0.167,0.837,5,-9.142,1,0.0879,1.35e-06,0.83,0.155,0.126,113.403,4,grindcore,0.47042667804280924,1,1
3zUURFfzGTcmqPNRpMaXgR,Mini Pop Kids,Mini Pop Kids 9,Payphone,10,234600,False,0.691,0.587,11,-4.379,1,0.0297,0.0885,0.0,0.372,0.275,110.029,4,kids,0.39620398432904846,0,1
1lZi0ulnmx8lbFucUpMhnF,Sigma;Labrinth,Collide (Original Motion Picture Soundtrack),Higher,19,181026,False,0.361,0.838,11,-4.416,0,0.0756,0.011,0.0,0.164,0.532,84.753,4,drum-and-bass,0.2925896489879244,0,0
4hNMTaMMztc30ZgaQEdzhE,Grupo Sensação,Pra Gente Se Encontrar de Novo,Preciso Desse Mel,51,233351,False,0.634,0.563,7,-10.164,1,0.0504,0.21,0.0,0.15,0.676,145.212,4,samba,0.34074674221763385,0,0
4nubm71kpigJmoDqB2qoCo,Kids TV 123,Educational Songs 1,The Animal Sounds Song (Edited Version),37,147306,False,0.549,0.269,0,-11.071,1,0.0959,0.829,0.0,0.133,0.538,162.918,4,children,0.5014613012452693,1,1
50RxCp8dmcpd5P66b95u68,Mari Borges;Sarah Beatriz,Outro Na Fornalha (Another In The Fire) [Ao Vivo],Outro Na Fornalha (Another In The Fire) - Ao Vivo,50,269840,False,0.557,0.758,7,-6.165,1,0.0414,0.324,3.34e-06,0.0838,0.192,129.924,4,brazil,0.3442107264103792,0,0
3gnUhfve9KfjrBca9s1weI,La Quinta Estacion,Éxitos del Pop en Español de los Años 2000,Me Muero,0,190613,False,0.423,0.723,5,-3.741,1,0.036,0.14,0.0,0.236,0.623,170.022,4,latin,0.3710346011229167,0,1
33oQaDZex8PFThfgpCpOdH,Autograf;Tiina,Love Runs Deep,Love Runs Deep,60,166004,False,0.815,0.705,11,-4.934,0,0.135,0.0294,1.62e-06,0.173,0.516,123.981,4,deep-house,0.1830485032330107,0,0
1XjrpDJARnUJtL1wRUQMbI,Glen Campbell,Fiesta temática 60s,Christmas Is For Children,0,199200,False,0.32,0.288,7,-13.439,1,0.0291,0.363,0.00561,0.0943,0.181,77.762,4,folk,0.570384575248074,1,1
2MVpsdNyF4sBUFZ3LuP592,Miss Sangria,Floweristic,Playful,34,117000,False,0.633,0.498,9,-9.812,1,0.0311,0.535,0.768,0.153,0.233,80.035,4,study,0.4244064001942456,0,1
2rZ113Rwo5iwIA2orRpDKI,Eikichi Yazawa,LIVE DECADE 1990-1999 (50th Anniversary Remastered),ファンキー・モンキー・ベイビー - Live at 横浜スタジアム'95 - Remastered 2022,40,144080,False,0.573,0.961,4,-5.012,1,0.0639,0.0175,4.17e-05,0.945,0.773,136.193,4,rockabilly,0.31905172781699853,0,0
3FQn5MgSHzxEIPglrsLjHk,Brett Eldredge,Christmas Music - Holiday Hits,A Holly Jolly Christmas,0,142840,False,0.681,0.474,7,-8.623,0,0.0423,0.621,1.24e-06,0.137,0.7,71.957,4,country,0.3137298050162348,0,0
3Seicc46xmtzCEz6jjyOqw,George Winston,Night,Making A Way,28,108093,False,0.572,0.00282,2,-22.044,0,0.152,0.994,0.544,0.103,0.607,130.71,4,new-age,0.5517430165155912,1,1
7H3mfOvtPNA8YDF3EdKy0L,Neeraj Shridhar;Kavita Seth,Cocktail (Original Motion Picture Soundtrack),Tum Hi Ho Bandhu,71,283693,False,0.715,0.89,11,-5.438,0,0.051,0.00111,0.000837,0.0297,0.891,134.994,4,hip-hop,0.2179267627369123,0,0
3nUHbzarc3T956rAvVaN7w,Michael Nyman;Ahn Trio,Stress Free Music,The Heart Asks Pleasure First,0,187426,False,0.216,0.172,9,-21.399,0,0.0456,0.989,0.819,0.0949,0.0997,168.501,3,ambient,0.7203450093771854,1,2
4kBGkavj8GDtDF7KD5Z3SD,Mungo's Hi Fi;Benjammin,Mexican Bean Riddim,Mexican Bean,24,248156,False,0.826,0.49,4,-10.134,0,0.221,0.00929,0.0146,0.0904,0.48,155.002,4,dub,0.1885088278077553,0,0
2ZWdUSlnSgHv2pxqMieKWM,Roman Messer;Christina Novelli,Frozen (Full Fire Mix),Frozen - Full Fire Mix,51,266086,False,0.544,0.996,9,-2.994,0,0.194,0.00288,0.115,0.187,0.0708,138.01,4,trance,0.22607942120457453,0,0
0xmj64EuXxYxGXbpP8M18X,The Smith Street Band,Don't Waste Your Anger,God Is Dead,33,257767,False,0.179,0.407,2,-7.503,1,0.0355,0.113,0.000143,0.32,0.0696,52.435,4,emo,0.5075342735255571,1,1
7xLfz26gfcOPIe93h6Lxa6,Nikhil Swaroop,Nayab,Nayab,32,253344,False,0.601,0.128,8,-14.431,1,0.0429,0.902,0.000129,0.099,0.388,142.761,3,songwriter,0.4848145453731017,1,1
0oNLjFbKhIKF5muPOgwWaA,Exhumed,Slaughtercult,This Axe Was Made to Grind,12,143733,False,0.173,0.979,7,-3.842,1,0.157,1.4e-06,0.943,0.162,0.0639,119.346,4,grindcore,0.38632210501316344,0,1
1vYK7vui1sE6cuIsxJnppQ,George Jones,Done Gone,Hearts in My Dreams,11,153333,False,0.385,0.416,5,-7.789,1,0.0296,0.876,0.00233,0.21,0.652,115.362,3,honky-tonk,0.5081999451506386,1,1
4qDSaWPRtxqc6fsxL4qn7C,Wohnout,Našim klientům,Hledáme zpěváka,38,251280,False,0.614,0.891,6,-5.98,0,0.0522,0.0392,0.0,0.088,0.329,104.012,4,punk,0.19418197721466335,0,0
0v55XuHDYNj4ELPzpRnNo0,Inhaler,Falling In,Fade Into You,53,315491,False,0.468,0.362,9,-10.704,1,0.0262,0.29,0.00529,0.128,0.257,140.031,3,dub,0.3994181084383699,0,1
3TVUW7bJJWDOonkVCZxfLV,Beendo Z,L'Élu,Pas bête,76,143525,True,0.734,0.532,7,-9.038,0,0.102,0.361,0.0,0.105,0.491,138.043,4,french,0.26907186294749597,0,0
6yQr60DuL8l2pFGyOkLIAi,Ole Ole,Los Caballeros Las Prefieren Rubias,Bailando sin salir de casa,38,239320,False,0.619,0.95,9,-5.294,0,0.0874,0.00552,0.0169,0.188,0.872,128.129,4,spanish,0.19474042572726452,0,0
1AMkWDuLk5O4pVaYOy9AlM,Mansfield.TYA,Monument ordinaire,La montagne magique,24,260720,False,0.492,0.452,1,-10.838,1,0.0403,0.00754,0.906,0.187,0.0596,121.034,4,synth-pop,0.3565792320836624,0,1
5f7Rqj2U2OUhzLuRgQUcNz,Roni Size;Reprazent,New Forms,Mad Cat,13,295906,False,0.434,0.989,1,-7.275,1,0.0898,0.018,0.319,0.188,0.605,169.674,4,breakbeat,0.36286871669627074,0,1
4Gjg1gNghCaHMuiTT52Zzj,Tá Na Mente;Vitinho,Fato Consumado / Quem Muito Quer Nada Tem (Ao Vivo),Fato Consumado / Quem Muito Quer Nada Tem - Ao Vivo,50,247078,False,0.421,0.734,7,-5.259,1,0.0475,0.579,0.0,0.919,0.711,76.937,4,pagode,0.3670027697813296,0,1
3D1PuFi2U8lmtdWRZcCz1f,AJJ,Good Luck Everybody,Body Terror Song,58,157600,False,0.507,0.399,9,-10.917,0,0.0358,0.871,0.000377,0.113,0.225,115.588,4,acoustic,0.5096280438534535,1,1
1BuUtMcQoplYtoiRUTLWTa,NJ,PANIPAALI,PANIPAALI,24,220400,False,0.86,0.697,8,-6.976,0,0.175,0.419,0.000164,0.0719,0.726,150.085,4,malay,0.23273988823023725,0,0
1u7kQUb3lQcpHaYRfia13A,Billy Joel,Storm Front,And So It Goes,53,217573,False,0.433,0.0871,0,-14.532,1,0.0341,0.91,1.98e-05,0.113,0.336,135.498,4,piano,0.5093378966205286,1,1
4VmgXxoTyo1RjJXFK8Ed6g,Just Kiddin;Camden Cox,Night Drive Autumn/Winter 2022/23,Stay The Night - Re-Edit,0,166852,False,0.783,0.799,5,-4.58,0,0.0343,0.276,0.0941,0.0756,0.492,123.005,4,groove,0.3361050439090379,0,0
0e6bjyrgubvP6na84PURkT,Poshlaya Molly,8 способов как бросить…,Паки пуси,49,143496,True,0.591,0.637,8,-11.746,0,0.0522,0.00335,0.0,0.353,0.639,134.01,4,electronic,0.3684471149137193,0,1
565cVZONhoMyBkpDX9lywB,Julio Martel;Alfredo De Angelis,La Pastora,La Pastora - Remasterizado,21,191973,False,0.63,0.199,0,-10.883,1,0.0523,0.977,0.608,0.146,0.692,123.387,4,tango,0.46755482875617504,1,1
2sk9UAdAMp6jYy5EpR1DXt,Matt Braunger,Big Dumb Animal,Mall Therapist,20,160826,False,0.69,0.678,4,-10.954,1,0.934,0.816,0.0,0.772,0.585,110.268,5,comedy,0.5602125483649032,1,1
6TxzAXAFycVfsve3xUXRyw,Edgardo Donato,1938-1942,La Melodía del Corazón,18,197306,False,0.576,0.303,2,-10.595,0,0.0373,0.971,0.103,0.125,0.521,128.381,4,tango,0.497955374595985,1,1
1VwgdtybZg3JPYvBBfacKd,Luke Abbott,Modern Driveway,Ovals,10,183169,False,0.423,0.206,2,-23.209,0,0.0345,0.936,0.947,0.1,0.0369,95.805,3,idm,0.6666458809427416,1,2
4N0TO4VfONQDwynV2khBL1,Sidhu Moose Wala;Afsana Khan,Unfuckwithable (Bonus Track from Moosetape),Unfuckwithable (Bonus Track from Moosetape),59,283636,False,0.713,0.747,4,-4.492,0,0.128,0.117,5.51e-06,0.451,0.711,88.058,4,hip-hop,0.3148329349062632,0,0
1e806Bcl0zWAr4Q3YhaMJD,Tube & Berger;Goatchy;Frank Sonic,The Future,The Future,53,211371,False,0.759,0.603,1,-9.085,0,0.044,0.0668,0.237,0.656,0.544,123.033,4,techno,0.22911955913493137,0,0
4ofmSKnAYj295dE0klRGQx,Jay Chou,11月的蕭邦,浪漫手機,50,238400,False,0.565,0.504,10,-8.324,1,0.0325,0.656,0.000189,0.117,0.378,170.025,4,mandopop,0.3887216791756662,0,1
0pW4iiqD5lr2c9FwDtmGCG,Ricardo Ceratto,Los Autenticos Exitos De,Que Mas Da,40,169666,False,0.792,0.435,3,-12.242,1,0.0469,0.531,0.0,0.126,0.963,100.197,4,rock-n-roll,0.2681455267730542,0,0
2ZSaFJce7lMuLOQEKaKVoc,AKB48,ジワるDAYS Type C,ジワるDAYS,18,293813,False,0.362,0.898,7,-1.34,1,0.0434,0.318,0.0,0.367,0.46,172.959,4,j-idol,0.338674639163874,0,0
54eZmuggBFJbV7k248bTTt,America;George Martin,America,A Horse with No Name,76,252239,False,0.654,0.506,11,-17.18,0,0.0535,0.686,0.0155,0.155,0.831,123.179,4,folk,0.46744014971143005,1,1
1G09oEhz0Tye3xnYYFtvM7,KDrew;DEELYLE,Prism,Prism,48,165882,False,0.561,0.847,3,-5.028,0,0.0589,0.361,0.00389,0.126,0.399,169.869,4,dubstep,0.3130934767197076,0,0
5vIcQqiYz1aONkqntTAUTl,Kunal Ganjawala;Richa Sharma,Singham,Maula Maula,58,244368,False,0.494,0.716,11,-6.816,1,0.0675,0.377,6.03e-06,0.0839,0.532,89.479,4,pop-film,0.36814804871166784,0,1
1XxsMbZekPkQoqibJzHaKx,Vybz Kartel;Christopher Birch,"Producers Choice, Vol.3 (Feat. Christopher Birch)",Jah Love We,20,247065,True,0.591,0.731,9,-3.62,1,0.0463,0.0173,0.0,0.212,0.522,94.048,4,j-dance,0.27335557902114194,0,0
5ckwwuTYWo41EfBxwVh4PV,neguse.,「ハッピーな暮らし」,最愛,39,193226,False,0.426,0.851,11,-3.528,1,0.0577,0.0985,0.0,0.661,0.756,183.876,4,j-pop,0.26274155002477767,0,0
2UREu1Y8CO4jXkbvqAtP7g,Skillet,Awake,Monster,77,178013,False,0.64,0.957,8,-2.336,1,0.0741,0.0431,0.0,0.0789,0.692,134.992,4,alt-rock,0.1378642998942904,0,0
398JczUcCEdcGOW1fY2etR,Azucar Negra,Cumbias Dinamiteras,Mi Cucu (My Toot Toot),38,236026,False,0.829,0.896,7,-3.847,1,0.0526,0.47,0.000925,0.0664,0.956,104.952,4,salsa,0.1647052972829496,0,0
5LRnKVQjcqslU5QV3RB7TG,Anurag Vashisht,Tum,Tum,57,178604,False,0.454,0.463,4,-6.057,1,0.0323,0.854,0.0,0.106,0.214,171.826,4,indian,0.39719057672475444,0,1
3BgDOvuTSCBzAMexFcI5rg,Luan Pereira,Do Mato pro Mundo,Do Mato pro Mundo,55,193116,False,0.477,0.857,0,-4.009,1,0.0734,0.559,2.91e-06,0.233,0.558,158.016,4,sertanejo,0.2621797201655156,0,0
0uqywpeHthwmYJb8VQvDU2,Model 500,Submerge Vol.1:Detroit Techno,No U.F.Os (inst.),14,418666,False,0.792,0.808,1,-15.038,1,0.0959,8.22e-05,0.601,0.14,0.922,125.0,4,detroit-techno,0.21563640735727302,0,0
0i4JQCrcRUz8GGcU1pxLUo,Die 3 Besoffskis,Aus 30 Jahren 3 Besoffskis,Country Roads,23,181293,False,0.382,0.992,7,-2.756,1,0.129,0.202,0.0,0.324,0.655,113.163,4,party,0.39047965572946536,0,1
65QQ7BX2f45PrU1EF3DLu4,KiLLATK;Popek,Hijacked FM Station,Hijacked FM Station,35,328000,False,0.537,0.977,1,-6.946,1,0.047,5.18e-05,0.646,0.0848,0.0663,180.036,4,trance,0.1910629021415564,0,0
10esld81LEYoPMKGzHsXm3,Chad Daniels,Busy Being Awesome,The Gross Pillow,23,208080,True,0.537,0.783,2,-9.198,1,0.948,0.728,0.0,0.899,0.405,88.473,3,comedy,0.5403592829531273,1,1
6Za3190Sbw39BBC77WSS1C,Natti Natasha;Ozuna,Criminal,Criminal,75,232549,False,0.814,0.813,2,-3.023,0,0.0561,0.03,9.33e-05,0.255,0.839,79.997,4,reggae,0.14580672980377396,0,0
5ptYpv8z1HK7hWOswwVrsY,Abel Pintos,El Amor en Mi Vida,Abrazándonos,44,225798,False,0.694,0.611,0,-7.158,1,0.0355,0.574,0.0,0.11,0.62,114.917,4,folk,0.3431577215322137,0,0
2xEKhZ6l5sAyIQqQYzVwvU,The Kiboomers,Top 30 Baby Songs,Pat-a-Cake Pat-a-Cake,39,67000,False,0.854,0.4,10,-6.511,1,0.042,0.646,3.12e-05,0.0768,0.854,84.904,4,children,0.35765429139978827,0,1
4qQeZxkEruWOmxgkk7yz2O,Afrojack;David Guetta;Ester Dean,Queda poco para la PAES,Another Life,0,208689,False,0.416,0.771,7,-3.183,0,0.0539,0.178,1.47e-06,0.501,0.493,144.869,4,electro,0.4189667999283745,0,1
7qYmYGsbl6GSwtvtCESGRe,Hacken Lee,李克勤精選到無朋友,月半小夜曲,42,291600,False,0.515,0.427,7,-9.732,0,0.0277,0.777,6.09e-05,0.185,0.25,80.205,4,cantopop,0.38094896023321223,0,1
2J6W9Cbb7ycOvPArxEoheU,Dean Martin,Christmas Best Hits 2022,"Let It Snow, Let It Snow, Let It Snow - Remastered",0,121026,False,0.446,0.214,1,-15.215,1,0.0326,0.885,1.46e-06,0.052,0.741,133.436,4,jazz,0.5827427814017049,1,1
7soFqD1nuVVsc5MOvo13Ad,Ana Mena;CNCO,Index,Ahora Lloras Tú (feat. CNCO),53,207000,False,0.718,0.9,7,-4.31,0,0.0549,0.016,0.000171,0.0572,0.766,115.982,4,spanish,0.1109270740698338,0,0
7izqZuO3Z4Hh4pvL17tmk4,Ellie Goulding;Big Sean,Mega Hits Autumn/Fall 2022,Easy Lover,5,215937,False,0.675,0.817,5,-3.789,0,0.0497,0.00711,0.0,0.0839,0.446,105.964,4,dance,0.16500678304024713,0,0
7hyAAjHZaDWSPDzlUYNUIa,Goldmund,The Malady Of Elegance,Threnody,57,281120,False,0.217,0.00572,2,-30.767,1,0.0394,0.989,0.925,0.109,0.174,85.279,4,ambient,0.5876132708940958,1,1
7EkEG47RFRjxbpSafL0Ufp,York;Sin Plomo;Janet Taylor;JJ Flores,"Swanky Club House, Vol. 1",It's You - JJ Flores Remix Extended,0,382187,False,0.748,0.939,8,-5.23,1,0.0472,0.0607,0.31,0.0891,0.398,126.984,4,progressive-house,0.26149866833319396,0,0
2bsyecmZCgdlsCZ3sWVZ99,Nicky Romero,Toulouse (Bobby Anthony Vocal Mix),Toulouse - Bobby Anthony Vocal Mix,52,178124,False,0.642,0.834,5,-5.529,0,0.269,0.328,0.0,0.509,0.606,127.881,4,progressive-house,0.2905950266901176,0,0
78vv48Ic6syaE6kWqDGY47,Catie Turner,i luv him.,i luv him.,59,225823,False,0.647,0.176,0,-9.501,1,0.0751,0.854,0.0,0.199,0.441,122.795,4,singer-songwriter,0.5375443336560514,1,1
5uckUrZoacplbYW3XvlKVF,Shiritsu Ebisu Chugaku,Major Debut 10th Anniversary Album 中吉,感情電車,20,304840,False,0.511,0.877,8,-3.264,1,0.0322,0.0594,0.000906,0.0257,0.725,174.974,4,j-idol,0.24475524269163718,0,0
1NFeTpNJR8TDP4UzpAix6X,Blind Melon,Hits Pop Rock 90's,No Rain,1,217200,False,0.359,0.573,9,-6.054,1,0.0326,0.665,0.000178,0.136,0.562,73.368,4,blues,0.399628168995531,0,1
44pQkjzXqfR233FcSySvqu,Dimatik;Zareh Kan;Blackjack,Bulgarian 2020,Bulgarian 2020,41,156521,False,0.728,0.941,0,-4.191,1,0.0778,0.00888,0.646,0.112,0.636,138.006,4,hardstyle,0.1707196142935868,0,0
7o68KX6XyCS9lydBTH6TCP,George Jones,Best Of,White Lightning - Single Version,52,165453,False,0.583,0.8,10,-9.689,1,0.0909,0.706,0.0,0.122,0.958,74.056,4,honky-tonk,0.3631840726748977,0,1
2diNjYDYu3BhouRuKoStiB,Alesana,Confessions,Catharsis,25,436387,False,0.512,0.979,1,-3.081,0,0.118,0.00172,0.000746,0.101,0.146,104.997,4,metalcore,0.19151459224669676,0,0
3xyr2xfbSZiZWWGsjLyMFh,Claire Rosinkranz,6 Of A Billion,Hotel,66,134781,False,0.856,0.656,5,-6.475,1,0.0752,0.484,0.0,0.559,0.949,133.927,4,indie-pop,0.3999556385326921,0,1
4U5KYGvHlGbeUUNL6ADWjd,André Rieu;Johann Strauss Orchestra,100 Greatest Moments,"The Second Waltz, Op. 99a",55,221706,False,0.242,0.295,0,-10.751,0,0.0319,0.919,0.899,0.107,0.467,186.669,3,opera,0.6231931088642473,1,2
3JvKfv6T31zO0ini8iNItO,Tom Odell,Long Way Down (Deluxe),Another Love,93,244360,True,0.445,0.537,4,-8.532,0,0.04,0.695,1.65e-05,0.0944,0.131,122.769,4,pop,0.40800156049013897,0,1
24qhW8fqWyrMHqkBfM2HPk,YUNGBLUD,the underrated youth,hope for the underrated youth,55,240906,True,0.225,0.774,11,-3.18,0,0.0483,0.0222,0.0,0.111,0.167,157.525,4,british,0.295987383022645,0,0
0VbJRbdtNfcSeieYf9VG3s,Najim Arshad,En Vaanile,En Vaanile,27,60000,False,0.683,0.349,0,-10.509,1,0.028,0.615,0.00992,0.117,0.453,92.135,4,malay,0.3822211908557812,0,1
38be6Tha1a4kOJPBaqpeEm,ARTBAT,Flame,Flame - Edit,49,326929,False,0.608,0.936,4,-6.254,0,0.0583,0.00181,0.736,0.0463,0.0389,127.038,4,electronic,0.15136972938083249,0,0
5iaPhRuBYqeCHbCOpOlvx5,Glee Cast,"Glee: The Music, Volume 7",Uptown Girl,46,180706,False,0.618,0.643,4,-4.086,1,0.0297,0.569,0.0,0.443,0.722,128.992,4,club,0.4153093290272132,0,1
387MQzCz2bbzc6PeM79MmK,MALIQ & D'Essentials,Musik Pop,Semesta,38,285752,False,0.391,0.721,2,-7.223,1,0.0473,0.333,5.39e-05,0.121,0.478,173.837,4,jazz,0.3269739889296709,0,0
3xr8COed4nPPn6XWZ0iCGr,Yiruma,The Best - Reminiscent 10th Anniversary,River Flows in You,64,218293,False,0.287,0.292,9,-19.285,1,0.0541,0.968,0.978,0.09,0.346,145.703,4,new-age,0.6150380212632164,1,2
4b3qU0YBXYwC3eVPX3mVJI,Frei Gilson,Eu Vou Crer em Ti,Eu Vou Crer em Ti,44,455294,False,0.511,0.862,6,-7.242,1,0.0443,0.0768,1.92e-05,0.697,0.233,135.978,4,brazil,0.3124055835611761,0,0
12U2SzAfaFSpDO5L4cxZyH,Dan Gibson's Solitudes,Caribbean Spa,Sea Breeze,21,443160,False,0.404,0.159,2,-24.28,1,0.0314,0.866,0.876,0.847,0.143,100.109,4,new-age,0.6331014265997614,1,2
73VaI8jZxHiqlR1yq899qe,Amartya Bobo Rahut,Chup Chup,Chup Chup,30,247200,False,0.519,0.418,11,-7.984,1,0.0264,0.93,0.00152,0.129,0.259,149.836,3,songwriter,0.4385198501363225,0,1
0XOnUyYtZG7DjcCpFVHaBi,Gilberto Santa Rosa;Paquito Guzman,40... y Contando (En Vivo Desde Puerto Rico),Atrevida (feat. Paquito Guzmán) - En Vivo desde Puerto Rico,28,267853,False,0.562,0.869,8,-5.967,1,0.227,0.5,0.0,0.18,0.664,148.051,4,salsa,0.35983186012708734,0,1
1c8h1SBYY44ys4EuaIZJMn,Billie Eilish,Halloween Party 2022,bad guy,0,194087,False,0.701,0.425,7,-10.965,1,0.375,0.328,0.13,0.1,0.562,135.128,4,pop,0.3869710107144786,0,1
0NXaCE6On3ZbHqzI5INTxp,Kacey Musgraves;Leon Bridges,Christmas Dinner 2022,Present Without A Bow,0,230480,False,0.693,0.492,10,-6.962,1,0.0378,0.559,3.66e-06,0.0972,0.595,76.017,4,country,0.46444863718093904,1,1
6zsFCfP4TK2J48tMYjb668,OneRepublic;Santigold,Oh My My,NbHD,47,224133,False,0.547,0.804,1,-5.413,0,0.0424,0.0011,2.54e-06,0.687,0.343,97.005,4,piano,0.35074259861471335,0,1
39zODpVtRvghMyfNjZ3BVK,Elvis Presley,"Elvis' Golden Records, Vol. 3",Stuck on You,54,139640,False,0.647,0.513,7,-12.372,1,0.0421,0.758,8.64e-06,0.108,0.955,131.641,4,rockabilly,0.4455486775897564,0,1
3ipprOOm7jB7MjlkcaUUyI,Andy Montañez,Era Salsa para Bailar,Me Gusta,0,363440,False,0.565,0.816,5,-6.814,0,0.0396,0.705,0.0002,0.0853,0.933,89.599,4,salsa,0.34540923990325484,0,0
2NBRmMAaBn4oJ5A5BG3UL5,Anupam Roy,Doorbiney Chokh Rakhbona,Benche Thakar Gaan,42,240692,False,0.856,0.48,10,-8.237,1,0.0357,0.77,0.0,0.122,0.77,109.976,4,songwriter,0.2715493642921924,0,0
28TQwZIFU4z0G9IATfZhvI,Mambalam Sisters,Kanakadhara Stotram - Lalitha Pancharathnam - Stotrams And Ashtakams,Sri Lakshmi Ashtakam,33,223660,False,0.447,0.31,7,-9.668,1,0.039,0.949,0.0,0.141,0.288,123.113,3,classical,0.5613489590952427,1,1
5YtIkHosMnyhM3ZwcAnvtd,Chuck Berry,Best Christmas Playlist Ever 2022,Run Rudolph Run,0,162897,False,0.647,0.876,10,-5.662,1,0.185,0.881,3.59e-05,0.26,0.949,151.925,4,rockabilly,0.3737827224639347,0,1
5ZskYlH2pvq6L3RDWmCGmg,Pig&Dan;Malcolm Duncan,The Sound of Café del Mar,Freefall,17,422848,False,0.388,0.535,10,-9.548,1,0.0344,0.0643,0.926,0.102,0.0956,88.904,4,minimal-techno,0.339710078829033,0,0
333cChDcha5XQ931pu1LU6,Celtic Thunder;Ryan Kelly,Act Two,Heartbreaker,20,209000,False,0.682,0.402,7,-9.709,1,0.0337,0.566,0.0,0.264,0.697,118.945,4,opera,0.367372517651359,0,1
7KKMqmvRv1CjkEMUb4MS2w,Mr. Blaumann,Untenrum rasiert,Untenrum rasiert,24,174935,False,0.768,0.987,10,-3.674,0,0.0819,0.0499,0.0,0.422,0.792,137.994,4,party,0.1916006018993653,0,0
0uAUhdYm5HjAnimccwJXTH,Dean Martin,pov: you have a holly jolly christmas,"Baby, It's Cold Outside - Remastered 2004",0,143026,False,0.499,0.304,0,-11.543,1,0.0632,0.81,0.0,0.0546,0.521,129.321,4,jazz,0.5087200234913389,1,1
0Qr5UB28LdfdMNXK48KZkJ,Asspera,La Concha de Dio$,Boqueando de Más,23,229754,True,0.349,0.954,1,-4.877,1,0.164,0.000455,0.0,0.182,0.485,116.334,3,heavy-metal,0.3534061491987846,0,1
1YhZbKOU47hnRb2q8LOHKH,Killing Joke,Killing Joke,The Death & Resurrection Show,47,415160,False,0.567,0.938,7,-6.28,1,0.0874,0.00157,0.00729,0.124,0.345,100.016,4,goth,0.26204608690043873,0,0
1yYTULMZ5t1mxgbkGzkexi,Die Zipfelbuben;DJ Cashi,Après Ski Fussball Party 2022 - Wir feiern auf den Hütten,Olivia,0,180157,False,0.666,0.942,1,-2.928,1,0.0689,0.0307,0.0,0.246,0.832,141.913,4,disco,0.23421437960002733,0,0
0JMTdC3EsrNdqyYYhDCZCL,Taty Girl,"Baú da Taty Girl, Pt. 2 (Ao Vivo)",A Paz do Teu Sorriso - Ao Vivo,40,166661,False,0.384,0.842,7,-4.847,1,0.107,0.208,0.000317,0.169,0.681,159.587,4,forro,0.32021207677832914,0,0
5D6d1DFXMkjUZYoEUf9BAt,Norbert Leo Butz,Big Fish (Original Broadway Cast Recording),Fight the Dragons,33,223733,False,0.364,0.404,5,-10.213,1,0.0396,0.809,0.0,0.124,0.373,88.867,4,show-tunes,0.4578446388515074,1,1
3VDfLfd7lfCU3MTIXNqfR3,Scorpions,Comeblack,Rhythm of Love,53,219466,False,0.523,0.882,5,-4.156,0,0.0356,0.00291,0.0184,0.092,0.501,90.03,4,hard-rock,0.26934118998904966,0,0
4f5ric0iKfsjcxtAr0BFfG,Wolfgang Amadeus Mozart;Wilhelm Kempff;Berliner Philharmoniker;Ferdinand Leitner,Clásica para los niños de hoy,"Piano Concerto No. 27 in B-Flat Major, K. 595: II. Larghetto",0,451000,False,0.261,0.0201,3,-25.726,1,0.039,0.99,0.895,0.108,0.0913,139.811,4,classical,0.7665171876991713,1,2
2GNh9aQ0Q40TiQXo8CJppZ,Cauty;Hozwal,Frescura y Perreo,NO COGEMOS ESA,0,173333,True,0.65,0.681,1,-6.694,1,0.273,0.377,3.97e-05,0.104,0.44,89.886,4,reggaeton,0.4289583668840631,0,1
35k60P28fYCnT8TY1g3R0f,Snowstorm,Ur natten in i gryningen,Vårstämning,36,216506,False,0.5,0.759,9,-8.126,1,0.0661,0.0041,0.0,0.59,0.922,146.601,4,swedish,0.3480726502097717,0,0
6MTd61g9zq6CB1FnJydjEb,The Archies,Everything's Archie,Sugar Sugar,69,167213,False,0.757,0.725,2,-7.259,1,0.0275,0.399,0.0,0.108,0.965,122.439,4,r-n-b,0.15177964526463772,0,0
2hFzpC4hevoSwzxyYWRSz6,Doc Watson;Merle Watson,Doc & Merle Watson's Guitar Album,Talking To Casey,24,151066,False,0.607,0.61,4,-11.389,1,0.0297,0.275,0.921,0.0637,0.65,105.03,4,bluegrass,0.3754340218063984,0,1
1esE8j1nVyzEQ5rVhYXoJT,Parachute,Parachute,Had It All,55,216853,False,0.606,0.54,7,-6.271,0,0.0339,0.182,0.000144,0.144,0.249,79.952,4,punk-rock,0.30694798864884926,0,0
6RQmlzig8pqorrfvEmGBXe,The Lancashire Hotpots,A Hard Days Pint,The Perfect Pint,22,106066,False,0.623,0.598,6,-9.846,0,0.348,0.452,0.0,0.21,0.961,116.458,5,comedy,0.37209732854549815,0,1
7s8KnzvB2qfpeOrlpKpH28,Joris Voorn;Yotto,Four (Remixes Deluxe),Antigone (Yotto Remix),22,242432,False,0.688,0.827,4,-8.345,1,0.0433,0.0144,0.838,0.396,0.131,123.001,4,minimal-techno,0.3300255712796444,0,0
1Js3IZIgO85T6XxQj6P2NN,Leonardo Gonçalves,Principio (Ao Vivo),Ele Vive - Ao Vivo,38,261493,False,0.382,0.466,2,-8.1,1,0.0346,0.316,5.58e-06,0.311,0.142,74.894,4,gospel,0.44325395564592296,0,1
1wHZx0LgzFHyeIZkUydNXq,Travis Scott,Rodeo (Expanded Edition),Antidote,74,262693,True,0.713,0.526,1,-5.046,1,0.032,0.00767,0.000148,0.124,0.131,131.05,4,house,0.2293304184666032,0,0
4G18Ie2Gm6vVYgzkIiRwFD,Mindy Smith,Happy Country Christmas,I'll Be Home for Christmas,0,216093,False,0.57,0.427,6,-5.873,1,0.0296,0.368,1.73e-05,0.156,0.186,98.995,4,acoustic,0.46504135096034505,1,1
7uzeHzJx33aqpdeKyhXBwh,Maire Brennan,Perfect Time,Perfect Time,34,286200,False,0.18,0.272,10,-15.516,1,0.0371,0.863,2.58e-05,0.18,0.102,171.493,4,opera,0.706790835597906,1,2
3Q3jcZi55QYk8qoIXang22,Stormerz,Mistakes,Mistakes,25,184000,False,0.455,0.897,1,-4.487,0,0.0408,0.0143,0.00022,0.3,0.104,149.992,4,hardstyle,0.2901055670269543,0,0
4bLlsvvicHtuPeYFuwLDRQ,Pixote;Diego & Victor Hugo,Ex Nunca Vira Ex,Ex Nunca Vira Ex,48,204166,False,0.615,0.623,10,-7.617,1,0.0507,0.601,0.0,0.426,0.515,143.962,4,sertanejo,0.4088007844184903,0,1
2i4rLDS0cR77blmqqPybve,Marshmello;Jonas Brothers,Autumn Vibes 2022,Leave Before You Love Me,0,154983,False,0.724,0.744,7,-4.757,1,0.0398,0.00219,4.49e-06,0.116,0.645,119.978,4,electro,0.2691688494219572,0,0
66ba6b58Z8wOEVcRcRD82z,Said The Sky;Origami;Jack Newsome,Wide-Eyed,Affection,38,253043,False,0.316,0.653,6,-7.926,1,0.0711,0.388,1.76e-06,0.0907,0.317,92.063,4,dub,0.4631744907046013,1,1
4jmijRetjRZ5tzOMwePS2T,K.I.Z,Und das Geheimnis der unbeglichenen Bordellrechnung,Eishockey,44,104000,True,0.743,0.666,7,-4.629,1,0.337,0.109,0.0,0.183,0.463,81.082,3,german,0.3023590954516231,0,0
2CWGQwGJdssqTsOqBtORE7,The Laurie Berkner Band,Halloween Train,Halloween Train,32,163480,False,0.64,0.492,4,-8.326,0,0.0534,0.687,0.0,0.31,0.627,157.906,4,children,0.44946043364930605,0,1
7vwhqiIfU8HqXhNgyy8ubR,slchld,you won't be there for me,you won't be there for me,64,182645,False,0.777,0.308,2,-6.483,0,0.0314,0.226,0.0,0.109,0.634,94.933,4,chill,0.21357894156962925,0,0
4mGHzFvAiRCSOPIpjLvf80,The Devil Wears Prada,The Act,Chemical,57,230141,False,0.527,0.789,5,-7.344,0,0.0331,0.0022,0.0172,0.085,0.209,75.019,4,metalcore,0.31513228343777705,0,0
0COhP1uUQAWITcEpKbI9LM,DJ Greg C;Boon-T,Retro 13 (Special Dj Greg C),Static Faction - Gregamix,28,233586,False,0.72,0.906,2,-5.187,1,0.0675,0.000495,0.809,0.0573,0.624,148.003,4,j-dance,0.18752323506914945,0,0
7mF9uYGCRlj7KWNYJHQBZP,Kevin Roldan,Hora del taco sin auto,Mamasita,0,151986,False,0.81,0.717,10,-3.92,0,0.132,0.0182,0.00148,0.105,0.687,95.08,4,reggae,0.20420359185660839,0,0
5Yp3e8RcjYevBTZYJ7OD7s,Santana,Ultimate Santana,Europa (Earth's Cry Heaven's Smile),56,305946,False,0.296,0.669,0,-5.364,0,0.0452,0.03,0.831,0.154,0.679,74.692,4,blues,0.36218181052311105,0,1
1bt13Ik03aWeJR9hDOSARt,Doyle Lawson & Quicksilver,Life is a Story,Life To My Days,20,189293,False,0.513,0.583,3,-6.645,1,0.0303,0.791,0.0,0.333,0.531,180.095,4,bluegrass,0.43689193329534937,0,1
38Rb6IvrT8IuxTptjjA5rP,Squeeze,Singles - 45's And Under,If I Didn't Love You,25,253106,False,0.657,0.64,7,-10.848,1,0.0282,0.379,0.000842,0.283,0.626,122.374,4,synth-pop,0.4026214546675972,0,1
64a5XZCVDWwvC7gwPPCsH6,Arctic Monkeys,"Whatever People Say I Am, That's What I'm Not",Still Take You Home,59,173666,False,0.599,0.946,8,-4.192,1,0.0378,0.000669,0.0,0.0973,0.653,108.934,4,garage,0.14387994862778153,0,0
6XsJTpZwPKMcG8QK8k14Z6,ASIAN KUNG-FU GENERATION,ワールド ワールド ワールド,アフターダーク,57,192026,False,0.387,0.95,1,-3.747,1,0.0475,0.00193,0.0,0.0689,0.541,191.006,4,j-rock,0.30928284376230347,0,0
2zYs4BonN2ydkbrRk333SN,Wizkid;Drake,Sounds From The Other Side,Come Closer (feat. Drake),62,211293,True,0.825,0.453,4,-7.429,0,0.227,0.127,3.82e-06,0.0838,0.496,99.974,4,dancehall,0.1706645939305192,0,0
2Jqu87GbopSiPP3v9DR5j6,Nova Norda,Paralel Evrende Dünya Tarihi,Yüreğim Ellerinde,41,209141,False,0.604,0.375,1,-10.925,0,0.0312,0.028,0.0178,0.332,0.0502,119.86,4,turkish,0.36788812712343133,0,1
4g9vBGwvz06hfW5UKTbYl4,BBS Paranoicos,Og Bo Toyy,Irreparable,38,156653,False,0.458,0.986,7,-3.693,1,0.131,0.000539,0.000114,0.237,0.294,97.078,4,punk-rock,0.22420851959223553,0,0
0wpJR7m3gGrywZbmG20Oai,Barreracudas,Can Do Easy,Promises,25,182013,False,0.324,0.936,10,-5.967,1,0.129,0.0185,0.000224,0.0782,0.899,164.402,4,power-pop,0.40219023017704775,0,1
3UX3J9E7klcaGmMyFc9Ckt,Louie Cut,Felicidade (EP),Felicidade,21,410078,False,0.799,0.603,11,-11.2,0,0.0563,0.000202,0.816,0.104,0.152,127.004,4,minimal-techno,0.24958182541093257,0,0
7qH9Z4dJEN0l9bidizW7fq,Novo Amor,Bathing Beach,Anchor,75,257533,False,0.457,0.407,9,-11.475,1,0.0308,0.805,0.884,0.126,0.126,117.053,4,indie,0.45163147147177873,1,1
2C68iHWkQU0S8O2F1F0nqy,Sharyn;Triple O,In Full Bloom,Life,17,249102,False,0.666,0.565,1,-9.782,1,0.389,0.0722,0.0,0.104,0.263,180.071,4,afrobeat,0.2696817094051416,0,0
7nnbb77c4fLnosiTk5QpxQ,Gustavo Santaolalla;Diego Luna,The Book of Life (Original Motion Picture Soundtrack),The Apology Song,55,172226,False,0.549,0.183,2,-11.398,0,0.0447,0.911,0.0,0.109,0.337,93.965,4,ambient,0.6254054854358861,1,2
2DBzFlduaVzw2EHdP1ZnbG,Josh A,PAINLESS,PAINLESS,46,147757,False,0.753,0.632,9,-8.054,1,0.0423,0.122,0.0,0.198,0.718,91.047,4,emo,0.31809640938632555,0,0
3XzAKoTEjmVCZLi118Yfyu,Los Prisioneros,Pateando Piedras,Estar Solo,36,273973,False,0.788,0.522,1,-14.554,0,0.0384,0.439,0.339,0.119,0.971,122.712,4,hardcore,0.33706913304545666,0,0
3DK2Hh9l88YEvvdX8lqaXe,Ricky Rich;A Boogie Wit da Hoodie,Beautiful Trending Hits 2022,Habibi,0,162990,True,0.723,0.545,4,-6.26,0,0.049,0.0631,0.0,0.297,0.341,117.885,4,swedish,0.3267681551830823,0,0
0uIG7B7prBhJT8MFXGxszc,Mc Kadu;Mc Lele JP;Dj Victor;MC Bruno MS,Céu,Céu,43,378666,False,0.713,0.324,5,-5.656,0,0.412,0.852,0.0,0.116,0.603,117.328,5,funk,0.4701275020620847,1,1
29aEQCuc0s6E0kcFreV46L,hope mona,foggy afternoons,foggy afternoons,42,122181,False,0.696,0.141,11,-23.131,1,0.0628,0.847,0.885,0.098,0.148,110.025,4,study,0.47692028240321543,1,1
4UCmiDTgCZwy5QwgsDEN4T,Jehza;Galindo Again;Dvice;Joniel,Romperte,Romperte,46,234176,True,0.715,0.584,1,-7.065,1,0.171,0.0753,0.0,0.067,0.912,170.06,4,reggae,0.1600649650393398,0,0
029QbkH9BezM0OumOqjOaQ,Matilda Mann,February,February,48,149626,False,0.31,0.206,4,-11.295,1,0.0478,0.908,1.65e-05,0.104,0.123,174.785,4,british,0.6579864690283167,1,2
0iP9WHQ6AgGNEEDl50TnrC,Ricardo Iorio,Atesorando los cielos,Preguntando Lo Que Todos Saben,20,183613,False,0.532,0.617,6,-5.506,0,0.0269,0.177,0.0,0.287,0.416,132.053,4,heavy-metal,0.36085929481400286,0,1
7zEvaoS81Ta2d3D5p7zTgX,The Jackson 5,Xmas Classics 2022,Frosty The Snowman,0,159413,False,0.672,0.615,0,-8.274,1,0.0293,0.471,0.0,0.0911,0.944,119.693,4,soul,0.4160332171727175,0,1
5vOVMNYDam6F6jtemqnNX2,Antônio Carlos Jobim;Frank Sinatra,christmas but not christmas songs,The Girl From Ipanema,0,200360,False,0.541,0.321,5,-14.418,1,0.0329,0.714,0.00345,0.101,0.549,133.537,4,classical,0.5800761096151338,1,1
5s3IbIsHzyC81y7yfIO9N4,Najim Arshad,Kattappanayile Ritwik Roshan,Azhake Azhake - Version 1,18,198900,False,0.709,0.612,5,-6.183,0,0.0279,0.00325,0.000424,0.14,0.934,125.037,4,malay,0.2738555002566339,0,0
1uJjQSOlc8ql6cs0cVWQH6,Blake Shelton,Country Car Hits,No Body,2,187640,False,0.739,0.72,4,-6.695,1,0.026,0.0379,0.00267,0.23,0.892,102.997,4,country,0.22347471471703512,0,0
48VmqhpWDMtEMjW6gODBku,Trampled by Turtles,Palomino,New Son/Burnt Iron,25,263773,False,0.381,0.855,2,-7.246,1,0.0423,0.634,0.935,0.116,0.576,102.535,4,bluegrass,0.3790627271174405,0,1
6UzTyhhqRDeuyfinRdBgFD,BOØWY,LAST GIGS COMPLETE,"LONGER THAN FOREVER - FROM ""LAST GIGS""",38,244053,False,0.249,0.945,7,-3.041,1,0.0411,1.19e-05,0.0958,0.858,0.479,164.109,4,j-pop,0.38079916299842625,0,1
6A8llSO9QFF4djCCmuCrNu,Calvin Harris,Ready For The Weekend,Flashback,56,227880,False,0.266,0.95,9,-5.646,0,0.05,0.00212,0.000991,0.0922,0.158,127.986,4,progressive-house,0.2839653850089438,0,0
2xGkuANyhyQQZ4yRIFDSum,The Dillards,Back Porch Bluegrass,Somebody Touched Me,23,145400,False,0.404,0.653,11,-11.771,1,0.0373,0.392,0.0,0.333,0.745,154.161,4,bluegrass,0.3738555995793221,0,1
14NpvXesWBABlBvKhrZg53,Moonbootica,"Best of Kittball, Vol. 6",Zeus,0,201541,False,0.781,0.816,7,-8.448,1,0.0832,0.000414,0.685,0.0979,0.793,122.002,4,techno,0.20992726652618016,0,0
2D52zjCyqEIQa221lhw6uk,Thirty Seconds To Mars,This Is War,This Is War,66,326983,False,0.402,0.723,6,-5.26,1,0.0579,0.0663,2e-06,0.233,0.224,160.047,4,grunge,0.30207490409238336,0,0
66h3xcrTooMC9AxV8g0Y75,Stephen Sanchez,"What Was, Not Now",The Pool,60,291826,False,0.438,0.527,3,-7.414,1,0.0263,0.899,0.000419,0.131,0.403,93.992,4,singer-songwriter,0.6180833436311408,1,2
1u7qEu0bZXGHW6gfOKyRfX,Valentín Elizalde,Íconos 25 Éxitos,A Mis Enemigos,43,183573,False,0.811,0.476,3,-5.281,1,0.0508,0.743,8.19e-05,0.0598,0.97,102.538,3,r-n-b,0.37270638168470854,0,1
6dsmAUGQAng00srCMvfd8z,The Rolling Stones,REGNIG DAG,As Tears Go By - Mono Version,4,165213,False,0.329,0.282,7,-10.863,1,0.0294,0.71,0.00265,0.158,0.393,112.944,4,rock,0.5632595366551936,1,1
7senbr8yKgkM71sm9ZYIOX,Amaranthe,HELIX (2021 Version),Unified,25,238593,False,0.569,0.869,5,-6.282,1,0.0402,0.00035,0.0,0.146,0.554,130.069,4,goth,0.24875709602389315,0,0
4255amV4enzl28KAn16rUO,Lost Frequencies,Less Is More,Are You With Me,74,138013,False,0.763,0.608,5,-8.1,0,0.035,0.262,2.5e-05,0.12,0.393,121.02,4,house,0.1632817325520831,0,0
3x8pMkDfcUYtCEHnpLBbad,Mr. Fingers;Call Super,Praise to the Vibes / Crying Over You (Remixes),Crying Over You - Call Super Remix,6,366916,False,0.781,0.545,2,-9.955,1,0.0474,0.0159,0.826,0.0918,0.564,110.021,4,chicago-house,0.30028946516553545,0,0
5aJfbWiKcwC4Fh7ymbKHHy,Raghu Dixit,Aanandam (Original Motion Picture Soundtrack),Khule Reston Pe,44,150261,False,0.559,0.425,9,-11.083,1,0.0438,0.84,0.00115,0.0972,0.29,161.89,4,indian,0.4527110975098501,1,1
6EfBMJQwe2xLgldra6DaYp,6ix9ine,YAYA,YAYA,57,149857,True,0.672,0.733,11,-5.377,1,0.0566,0.00289,0.0,0.199,0.354,105.043,4,emo,0.23315490380634718,0,0
63Ugh7fCzAtsn09ESEKQBh,Kid Abelha,Seu Espião (Remasterizado),Fixação,40,381440,False,0.821,0.588,11,-9.26,0,0.0477,0.0177,0.0434,0.0361,0.933,117.637,4,r-n-b,0.20366785719350505,0,0
1n3De6BAUp1o9kPPTtOdZt,Grupo Fundo De Quintal,Palco Iluminado,Fada,36,254160,False,0.615,0.71,2,-6.183,1,0.0358,0.452,0.0,0.338,0.725,145.064,4,samba,0.22676053654134104,0,0
6sxptembJVty4sNtcPMAVz,Shania Twain,Come On Over,Man! I Feel Like A Woman!,78,234493,False,0.657,0.639,10,-7.527,1,0.0412,0.581,0.0,0.278,0.674,124.882,4,country,0.19897956010145107,0,0
2u7KsKOzSyzHHsLWf1PKnc,Gryffin;Olivia O'Brien,Larga Vida al Electro,Caught Up,2,173214,False,0.704,0.822,5,-4.69,0,0.0366,0.0097,0.00117,0.147,0.541,122.031,4,house,0.26213559342113435,0,0
1fkKTSAmrguXmlZ1we0BQp,David Guetta;Becky Hill;Ella Henderson,Baddest of Them All,Crazy What Love Can Do,0,169756,False,0.601,0.713,4,-3.758,0,0.0449,0.0282,0.0,0.158,0.464,122.872,4,edm,0.30926404445582434,0,0
48EtWIYRK3R9Fz2S5tBFU1,The Dwarf Chorus,Snow White and the Seven Dwarfs (Original Motion Picture Soundtrack),You're Never Too Old To Be Young,20,199773,False,0.831,0.178,7,-19.349,1,0.0544,0.962,0.0,0.105,0.786,120.763,4,disney,0.42324247744461624,0,1
3heqSl8sjhlD51ejP8Ul9g,Del McCoury,Del McCoury,Loggin' Man,21,121213,False,0.432,0.616,9,-7.502,1,0.0428,0.597,0.000221,0.326,0.9,166.214,4,bluegrass,0.43182615774875016,0,1
2nNxtJ8Ce702sXXbVBwvW6,Marvvila;Pk;Mc Don Juan,A Pagodeira (Ao vivo),A Pagodeira - Ao Vivo,63,215196,False,0.603,0.764,5,-7.097,0,0.0553,0.738,0.0,0.976,0.926,82.923,4,pagode,0.4451657627328165,0,1
7rLvsAO1yb7ElxPhkz60qh,CHEN;BAEKHYUN;XIUMIN,"Moonlovers - Scarlet Heart Ryeo (Original Television Soundtrack), Pt. 1",For You,62,196549,False,0.533,0.838,0,-3.723,1,0.0319,0.102,0.0,0.394,0.449,75.021,4,k-pop,0.307864860886822,0,0
57fhqwIkHMUIzcvqODgf4l,"nothing,nowhere.",Here to Forever - All New Indie,pretend,0,179690,False,0.533,0.838,1,-5.625,0,0.0837,0.0251,0.0,0.318,0.722,80.049,4,emo,0.30512546366198307,0,0
7xNAfLzAmOJ2jQctZ9NvsA,Regarde Les Hommes Tomber,Ascension,Stellar Cross,19,490386,False,0.0833,0.948,3,-4.929,1,0.146,0.000435,0.469,0.205,0.131,193.46,4,black-metal,0.29380166411650066,0,0
60edNIKZXcOi95A3BcNIms,1349,The Infernal Pathway,Abyssos Antithesis,20,330066,False,0.0998,0.911,9,-11.959,0,0.112,4.3e-06,0.714,0.18,0.0708,195.039,4,black-metal,0.39960576959970656,0,1
1hsRF9jkv8IviYcdI1TDSw,Greensky Bluegrass,Handguns,Handguns,28,227560,False,0.574,0.651,1,-6.464,0,0.0259,0.622,0.000902,0.369,0.542,107.336,4,bluegrass,0.4579461131830816,1,1
1jxh6JFEFhEviLcNrBRJAp,Watain,TRIDENT WOLF ECLIPSE,Towards the Sanctuary,20,294578,False,0.0917,0.892,7,-10.731,1,0.0635,3.54e-06,0.801,0.342,0.119,86.666,3,black-metal,0.4662839961204028,1,1
2csZLnXBMuw6ETZuRxdUZF,Flying Lotus;Denzel Curry,Flamagra,Black Balloons Reprise,52,161971,False,0.647,0.72,5,-6.104,0,0.14,0.0945,0.0,0.121,0.134,88.061,4,j-dance,0.2113474220098376,0,0
4XMf6BjWH7Pme8eY4yyEZE,Dimitri Vegas & Like Mike,Rampage (Free Fire Rampage Theme Song),Rampage (Free Fire Rampage Theme Song),61,159640,False,0.571,0.757,11,-5.892,0,0.0334,0.00114,0.729,0.15,0.176,138.982,4,house,0.16220360453114013,0,0
4dJrjWtAhEkW7VdPYSL1Ip,Anirudh Ravichander;Gana Balachandar,"Vaathi Coming (From ""Master"")","Vaathi Coming (From ""Master"")",60,228257,False,0.649,0.947,7,-4.087,1,0.26,0.218,0.383,0.0532,0.579,164.943,4,hip-hop,0.23783059413454946,0,0
1nU1tlW9ccptgRLfgq05I3,Frei.Wild,Feinde deiner Feinde (Gold Edition),"Schlagzeile groß, Hirn zu klein",39,255093,False,0.412,0.984,8,-3.725,1,0.643,0.119,0.0,0.902,0.363,195.058,4,german,0.4910596968331052,1,1
6I5a59MWumcKQM1SJSghj4,Alireza Mashayekhi;National Symphony Orchestra of Ukraine;Vladimir Sirenko,"Symphony, No. 1, Op. 7",Homophony,0,383085,False,0.303,0.148,7,-17.01,1,0.0817,0.914,0.346,0.192,0.0771,165.211,3,iranian,0.5629413235205041,1,1
5hEMsvmH7SpaiCVU9DZg5N,Bailey Zimmerman,It's You - Fresh Hits,Where It Ends,1,179294,False,0.431,0.837,9,-5.067,1,0.0432,0.259,0.0,0.0879,0.648,170.041,4,country,0.35850357110696773,0,1
0WBoGdKqK3Hlzt65o5vQqA,Diana Ross,Workout Hits 2023,I'm Coming Out,1,325266,False,0.741,0.92,5,-4.457,1,0.0516,0.182,0.122,0.0903,0.739,110.141,4,disco,0.22005240868430248,0,0
1BvSkVrXtnjTuyTR4Qa8be,Sarcastic Sounds,1 Am. Study Session,Wish You Were Mine,52,121519,False,0.816,0.468,1,-8.686,1,0.0608,0.672,0.843,0.244,0.199,158.071,4,sad,0.3017789223641359,0,0
6o24Ba3cyNNC0RqBRLCEU1,George Jones,Image Of Me,Will You Visit Me On Sunday,11,170800,False,0.645,0.388,7,-10.478,1,0.0265,0.726,0.0,0.0918,0.653,115.101,4,honky-tonk,0.4606004334881481,1,1
5HAjss9faCAowGY8dM24r6,Pink Floyd,The Wall,Is There Anybody Out There?,55,161595,False,0.307,0.0742,9,-27.159,0,0.0359,0.72,0.315,0.11,0.0394,118.682,4,psych-rock,0.5536064925274934,1,1
34Of8oS43EKVkacxfY2IvW,Sayian Jimmy;yammir;Nysix Music,Decia Que Era Mia,Decia Que Era Mia,41,215172,True,0.705,0.774,7,-2.501,0,0.165,0.138,8e-05,0.0993,0.696,174.071,4,latino,0.13897497870982273,0,0
3HV0CovFEnuJ8k7zVStPyM,Maurice Haase;Andi & Dörk,Heisser Sand,Heisser Sand - Mallorca Version,31,202608,False,0.684,0.879,11,-4.667,1,0.0419,0.102,0.0,0.441,0.616,137.991,4,party,0.1711076678039419,0,0
2A1qjaX1EtgiHXrJuURZ19,Rei Harakami,わすれもの,いとぐち,16,267040,False,0.558,0.797,5,-12.499,1,0.0675,0.003,0.89,0.0925,0.117,119.996,3,idm,0.3432601547655343,0,0
7fpWJr5shT90KiCHXKHxch,Pritam;Arijit Singh,Barfi! (Original Motion Picture Soundtrack),Phir Le Aya Dil - Reprise,61,305613,False,0.237,0.543,7,-8.921,1,0.0372,0.838,3.86e-06,0.0961,0.316,73.896,4,indian,0.43538591692481743,0,1
3waNdoD0Ioj5PMb9S9NrjU,Ersen ve Dadaşlar,Geçti Bor'un Pazarı Sür Eşeği Niğde'ye,Kendim Ettim Kendim Buldum,32,352130,False,0.441,0.498,8,-15.056,0,0.141,0.546,6.02e-05,0.0975,0.429,106.43,4,psych-rock,0.48356457263043984,1,1
0VXSstDuTzu6dTYg04SCMs,Cuco Sánchez,La Gran Colección del 60 Aniversario CBS - Cuco Sánchez,Corazón Apasionado,26,214933,False,0.482,0.137,7,-11.566,1,0.0426,0.951,1.35e-05,0.106,0.363,70.96,4,guitar,0.5570008772580259,1,1
3T5o2gOsExc13J9yfo1sPF,Royal Blood,All Out Alternative,Trouble's Coming,0,228400,False,0.767,0.694,1,-5.059,0,0.0384,0.0629,0.0,0.32,0.78,112.012,4,alt-rock,0.2786481579314088,0,0
5yy1Ba0P040YFPYWuXIceK,Lisa Nilsson,Till Morelia,Handens fem fingrar,38,216680,False,0.471,0.166,3,-14.147,1,0.0457,0.858,0.0,0.106,0.421,169.298,4,swedish,0.511203610194197,1,1
3w2LyPXEIYwKcvAvBWcA50,Alemão Do Forró,Lingerie Vermelha (Ao Vivo),Lingerie Vermelha - Ao Vivo,37,216974,False,0.722,0.934,0,-2.741,1,0.0407,0.532,0.0,0.949,0.711,96.919,4,forro,0.3543073486142152,0,1
36xBFaVGjqm7le8CTHytUj,Bring Me The Horizon,POST HUMAN: SURVIVAL HORROR,Parasite Eve,65,291812,True,0.589,0.797,9,-5.464,1,0.15,0.0289,4.35e-06,0.383,0.232,102.489,4,metalcore,0.2557073345439487,0,0
7GINihl73NgdMH2N33P2rR,Rain Sounds,Loopable Rain Sounds,Perfect Rain,38,160639,False,0.0924,0.824,7,-21.031,1,0.0801,4.7e-06,0.975,0.757,0.0316,88.219,4,sleep,0.4922551308435629,1,1
6sIbv1oWOuma2qV907MUbk,Bring Me The Horizon;Nova Twins,POST HUMAN: SURVIVAL HORROR,1x1 (feat. Nova Twins),67,209598,True,0.452,0.937,1,-3.346,0,0.161,0.000209,3.61e-06,0.606,0.604,164.032,4,metalcore,0.3008844395082239,0,0
3Jslv9Zm593bZHzoYYOzCP,Foy Vance,Human - Best Adult Pop Tunes,She Burns,0,229226,False,0.73,0.403,4,-10.146,1,0.0483,0.718,0.00225,0.0985,0.502,124.899,4,songwriter,0.4720397760937247,1,1
31Ptn3k6isug3x2JRhGfDc,Tenebrax,Pizdec,Pizdec,34,171789,False,0.645,0.933,2,-1.809,1,0.0704,0.00117,0.0723,0.157,0.278,95.022,4,club,0.17656862154526667,0,0
2i6Zgt3uFaupWIcpvRORMn,B.B. King,Home For Christmas 2022,Please Come Home For Christmas,0,291440,False,0.498,0.533,10,-7.337,1,0.0245,0.261,0.0471,0.314,0.288,96.459,3,j-rock,0.39276636207440657,0,1
55ROr3cl3yi4YRBgfpDy1d,J.J. Cale,Naturally,Call The Doctor,59,147200,False,0.466,0.188,1,-18.309,0,0.0547,0.198,0.657,0.082,0.615,243.372,3,blues,0.4889297187578529,1,1
5Blj2sPUANGciixUQRdvNp,The Bombpops,Can of Worms,Breathe,21,194546,False,0.404,0.982,1,-3.531,1,0.0812,0.000509,0.0,0.169,0.625,156.029,4,power-pop,0.28292535806649993,0,0
6uLot4eub7nbh81AHS05MF,boy in skirt;Niisan,Sad Boy in Skirt,Tell Me Why I'm Waiting - Slowed,58,142267,False,0.684,0.0892,1,-19.013,0,0.0609,0.981,0.951,0.261,0.223,112.674,4,chill,0.5324955514648875,1,1
2qgtuOc1eoOnzitqzsYy9v,Wim Mertens,"What Are We, Locks, to Do?",Oxyrhynchus,26,367106,False,0.584,0.272,2,-13.011,1,0.032,0.938,0.0851,0.0977,0.161,111.038,4,ambient,0.41524474059657507,0,1
3IAfUEeaXRX9s9UdKOJrFI,Anitta,Envolver,Envolver,84,193805,False,0.812,0.736,4,-5.421,0,0.0833,0.152,0.00254,0.0914,0.396,91.993,4,pagode,0.14660076938872932,0,0
0Ug8tD5hbRfgneHlNmQBaE,Laura Sullivan,Softly on the Field,Softly on the Field,36,159661,False,0.45,0.0709,2,-29.773,1,0.0378,0.994,0.907,0.108,0.351,110.822,4,new-age,0.5979365336841472,1,1
30GqVivI3eb7OgonUemcjf,MC Fioti,Joga O Bum Bum Tam Tam,Joga O Bum Bum Tam Tam,61,155454,True,0.932,0.485,9,-8.926,1,0.0965,0.609,0.0295,0.141,0.43,131.959,4,funk,0.28685941330204073,0,0
4hcL09iBOXTMU1DFNU6YqQ,Grace Jones,The Collection,La vie en rose,23,446173,False,0.677,0.695,0,-8.172,1,0.0747,0.111,0.0219,0.0759,0.687,176.979,4,synth-pop,0.2773473281773951,0,0
4XTu1iHT5Q8dDfiIXgUXLD,Zarastruta;Jean Tassy;Patricio Sid;Don,Nômade VII,Nômade VII,48,206451,True,0.813,0.424,1,-11.035,0,0.375,0.816,0.0,0.081,0.546,92.972,4,brazil,0.38690718571428095,0,1
283RBHJGcWoGJGZS883BLM,Niladri Kumar,Alhaiya in France,Alhaiya in France,31,369000,False,0.333,0.417,8,-8.64,1,0.0313,0.958,0.939,0.106,0.141,75.472,4,classical,0.4976482023678557,1,1
71rG2xAm9SbCB1Ldtm4PRu,Strike,Desvio de Conduta,O Jogo Virou,44,191266,False,0.73,0.906,11,-4.453,1,0.111,0.161,0.0,0.0954,0.655,98.002,4,brazil,0.24727412132870719,0,0
1cH9CLvZO8Tk4xvKOPCM4d,Bailey Zimmerman,rainy day indie,Rock and a Hard Place,2,207540,False,0.582,0.568,1,-7.3,1,0.0275,0.577,0.0,0.105,0.394,121.991,3,country,0.45499906504570564,1,1
4dFnkr0vr6HfMVzGbQstrg,Kyoko Koizumi,木枯しに抱かれて,木枯しに抱かれて,42,223172,False,0.64,0.779,9,-6.181,0,0.0301,0.0824,0.00397,0.129,0.641,113.82,4,techno,0.1718271826263526,0,0
0jtNFxtaDRzLTP75rmDRAB,Daniel Chan,比我幸福,比我幸福,51,272933,False,0.484,0.474,9,-8.064,1,0.0363,0.8,0.0,0.0877,0.35,101.907,4,cantopop,0.39281433884146605,0,1
0UkpfwUKYe6uzYxhH3KnIB,Oyh!,1 Step Ahead,1 Step Ahead,43,120019,False,0.639,0.435,0,-11.968,1,0.0873,0.862,0.866,0.0989,0.342,80.375,4,study,0.35836004935193466,0,1
3oV2RVOmwdWdf9BmGS4Oad,Dan + Shay,Good Things,Glad You Exist,66,144760,False,0.741,0.499,11,-8.035,1,0.0356,0.23,0.0,0.125,0.692,103.96,4,country,0.186721156453438,0,0
6Dt4xgUvH2sLJcgiOR8nd8,Camilo Séptimo;Samantha Barrón,Ciclones,Ciclones,44,240880,False,0.599,0.633,8,-6.629,1,0.0357,0.501,0.000147,0.124,0.289,90.072,4,alt-rock,0.34789268956357405,0,0
1KTX7h07fH3MtAzf5bsqHJ,Brett Eldredge,Finest Country,Gabrielle,0,216720,False,0.707,0.722,10,-6.722,1,0.0284,0.0485,0.0,0.122,0.431,98.991,4,country,0.28750270846645676,0,0
5dgHBBHOxxNXhfk6t7DGfG,NTRL;Indra7,XXV,Pertempuran Hati,38,285893,False,0.549,0.809,0,-9.882,1,0.0346,0.000869,0.0805,0.249,0.321,115.989,4,punk,0.1539377364780739,0,0
1MbkGV6nl8omJ4C2IDb7ts,Chris Jedi;J Balvin;Ozuna;Arcangel,Frescura y Perreo,Ahora Dice,1,270493,False,0.704,0.691,6,-5.414,1,0.158,0.255,0.0,0.129,0.427,143.982,4,latino,0.3488292557870415,0,0
1TMzg9zP0IjG5SRl9byG7e,Ikke Hüftgold;Willi Herren,"Vor, zurück","Vor, zurück",23,198857,False,0.606,0.933,8,-2.891,1,0.0921,0.138,6.21e-05,0.371,0.556,139.989,4,party,0.27732229111878887,0,0
6aGfMhwGDl46Dvo9Wbw3hf,Trivax,Sin,...and He Wandered off to Nowhere,1,542217,False,0.163,0.992,8,-7.114,1,0.199,2.88e-05,0.845,0.305,0.0376,154.418,4,iranian,0.34588088966043795,0,0
2x8evxqUlF0eRabbW2JBJd,Arctic Monkeys,Favourite Worst Nightmare,Fluorescent Adolescent,79,183893,False,0.654,0.828,1,-5.377,0,0.0281,0.00146,0.000144,0.122,0.79,112.056,4,indie,0.15852547586794233,0,0
0PkaVMW00sCAeiXd5mKIVb,Odd Shapes,Thousand Islands,Thousand Islands,28,203906,False,0.8,0.342,9,-18.103,1,0.0519,0.433,0.69,0.112,0.221,128.115,4,study,0.33090971285537535,0,0
7614zWoEzYhgOhkHseixij,Ludovico Einaudi,Divenire (Deluxe Edition),L'Origine Nascosta,50,191906,False,0.268,0.0102,2,-20.591,0,0.0496,0.984,0.859,0.134,0.133,66.633,3,ambient,0.7046957192605725,1,2
1f8dYuRdhutbl60c2SKxxZ,Flower Face,Baby Teeth,Another Life,40,289117,False,0.456,0.285,5,-12.309,1,0.0303,0.851,0.152,0.122,0.0501,114.953,4,ambient,0.43500082902183934,0,1
7EYEswNmA0XjzwUitONgzK,Deepak Rathore Project,Tuta Pull Wahan,Tuta Pull Wahan,62,313170,False,0.588,0.283,8,-12.663,1,0.0364,0.863,0.0,0.121,0.284,82.044,4,indian,0.48750874345275164,1,1
67mmy7Mhim6DmeFHHoqptH,The Local Train,Vaaqif,Aakhri Salaam,43,277432,False,0.471,0.651,4,-8.507,1,0.0327,0.147,0.000241,0.197,0.495,173.906,4,indie-pop,0.33896459430302717,0,0
78TKtlSLWK8pZAKKW3MyQL,A Great Big World;Christina Aguilera,Say Something,Say Something,58,229400,False,0.453,0.146,2,-8.976,1,0.0343,0.867,3.49e-06,0.0945,0.0915,137.905,3,acoustic,0.5697138064622161,1,1
7LnWFUNT788TUHymfa2JED,36 Crazyfists,Metal,Digging the Grave,0,176440,False,0.468,0.942,7,-3.265,1,0.0836,0.000117,0.00291,0.164,0.614,170.091,4,metalcore,0.3178760550034849,0,0
1lckJrIAh5HzJxI4PbronK,Justin Bieber,Christmas Best Hits 2022,Mistletoe,0,183066,False,0.623,0.668,6,-7.282,0,0.0531,0.475,0.0,0.0862,0.823,161.948,4,pop,0.36968581964195235,0,1
4KUywaJogF0tYQBdVnFBFP,Dyewitness,Masterplan,Masterplan - Live Version,17,481488,False,0.57,0.934,10,-11.358,0,0.145,0.0117,0.489,0.837,0.157,169.85,4,happy,0.3837356694840143,0,1
4ITlckASNAmB8JE0u7Fm3T,Job Kurian,Mulla (From Hope Project),Mulla (From Hope Project),37,281826,False,0.325,0.288,11,-11.725,1,0.0364,0.537,1.79e-05,0.313,0.17,175.469,4,malay,0.546880675606216,1,1
6Zpj4XvoH4xNp2wCa6X96y,Stanton Warriors,Rebel Bass,Dawn (feat. Janai),12,257966,False,0.686,0.927,1,-4.041,1,0.0398,0.00446,0.57,0.0892,0.313,127.002,4,breakbeat,0.19844348720617117,0,0
3T7aiE7ZBhAbj2xUzDCMUF,Joel Corry;Mabel,Cardio Tracks,I Wish,0,181728,False,0.686,0.856,9,-2.717,0,0.0426,0.0896,0.0,0.0648,0.733,123.997,4,house,0.22052998189669498,0,0
0NLkVxf0PyxsXBG3EuZcJf,Anuv Jain,Gul,Gul,71,217241,False,0.6,0.294,6,-12.301,1,0.0292,0.871,8.66e-05,0.102,0.342,86.97,4,singer-songwriter,0.4084296049759583,0,1
0LtlhQCJl4un9g0rwmIz9x,ARMNHMR;neverwaves,Waiting For Love,Waiting For Love,43,262702,False,0.447,0.452,8,-4.535,1,0.029,0.577,0.0,0.285,0.116,73.889,4,dub,0.45744378994409757,1,1
7yUqfPDLKsr6byAJg6mvOF,Sigmun,Crimson Eyes,Ozymandias,27,288000,False,0.204,0.939,7,-6.08,1,0.12,0.0171,0.49,0.0965,0.361,172.609,4,psych-rock,0.3309323805327159,0,0
2xoofhw8SuJRHgLpMUrbOm,Jonas Lundqvist,Den okända floden,Om gud har en plats,31,197200,False,0.483,0.784,7,-5.844,1,0.0386,0.294,0.00687,0.245,0.528,162.002,4,goth,0.2947715874529375,0,0
1N8B733LdAY38W9kTkXTLO,Blutengel,Wir sind das Licht,Wir sind das Licht,22,271057,False,0.532,0.868,8,-4.761,1,0.0351,0.00439,0.0393,0.0931,0.739,116.004,4,industrial,0.276594741924896,0,0
05K51VGmcBMeKzCB88aIOV,Kleber Lucas,Aos Pés da Cruz,Vou Seguir com Fé,43,243159,False,0.76,0.911,0,-8.193,1,0.0456,0.119,0.0,0.611,0.785,112.163,4,gospel,0.23871953891600012,0,0
4MRylYuw7JcYVuSo3YFy5f,The Replacements,All for Nothing / Nothing for All,"Another Girl, Another Planet - Live",21,151893,False,0.228,0.98,4,-6.158,1,0.251,0.000651,0.000259,0.545,0.226,160.512,4,power-pop,0.4185168445906106,0,1
010LzZsO4eqQUdUv1f1y9m,Gabriel Elias;Vitor Kley,Música Pra.curar Brasileira,Somos Instantes,44,225877,False,0.527,0.647,9,-6.314,1,0.038,0.312,0.0,0.119,0.573,78.026,4,brazil,0.27154929613557316,0,0
3RFL9hE5cBocBsjD5XLJLQ,Official HIGE DANdism,Mixed Nuts,Mixed Nuts,68,213438,False,0.542,0.918,6,-5.074,1,0.0937,0.0101,0.0,0.259,0.784,150.094,4,j-pop,0.2431280418561557,0,0
6dMHdkQmWuDuDltWjBLJBd,R3HAB;KSHMR,Karate,Karate,53,210000,False,0.626,0.961,5,-3.587,1,0.0687,0.000407,0.0024,0.684,0.668,128.01,4,progressive-house,0.2813926653050829,0,0
5QSxwHGT5sxyhDmTPJhbho,Sushant KC,Sathi,Sathi,48,221250,False,0.438,0.296,11,-12.552,1,0.0385,0.863,0.000147,0.103,0.398,173.711,3,indie,0.4656082679593555,1,1
45DrQZmvseYrk9WQnKPihq,Jules Massenet;Renaud Capuçon;Daniel Harding;Deutsche Kammerphilharmonie Bremen,Le Boeuf sur le toit,"Massenet: Thaïs, Act 2: Méditation",24,317546,False,0.128,0.057,4,-24.492,0,0.0416,0.681,0.232,0.145,0.0368,90.22,1,opera,0.5235246118597154,1,1
4FfJyCX8Dq3BcfOhFEL06K,The Band,A Very 70s Christmas,Christmas Must Be Tonight - Remastered 2001,0,218666,False,0.668,0.665,7,-8.55,1,0.0267,0.0519,6.68e-05,0.109,0.766,128.619,4,blues,0.3050933934864975,0,0
0ihliNPJzrPBwGHU8YyFOY,Llewellyn,Reiki,Sacred Symbols (Reprise),24,330573,False,0.236,0.296,11,-22.328,1,0.0826,0.939,0.782,0.954,0.141,121.875,4,new-age,0.7998349651340885,1,2
61aQj9OClj0aQyzO57wlqB,Pense,"Realidade, Vida e Fé",Utopia,31,193157,False,0.58,0.982,1,-4.895,1,0.102,0.000289,7.73e-06,0.497,0.802,114.0,4,hardcore,0.23318258604754083,0,0
4pJUzyPGGBdV2yKlqYLNTN,Jhayco;Anuel AA,Frescura y Perreo,Ley Seca,0,263666,False,0.759,0.843,8,-3.718,1,0.0913,0.127,0.0,0.114,0.56,105.016,4,latino,0.26604645875470845,0,0
00zyfk3IEBnoWczoKV455E,Stella Laura,Plano Perfeito,Plano Perfeito,41,278000,False,0.346,0.315,2,-7.52,1,0.0294,0.882,0.0,0.161,0.362,91.306,4,gospel,0.5298696050140794,1,1
1n1IDjxVczGQoNg4GMl670,A.R. Rahman;A. R. Reihana;Bamba Bakya,Ponniyin Selvan Part-1 (Original Motion Picture Soundtrack),Ponni Nadhi,68,290526,False,0.687,0.633,8,-9.552,1,0.141,0.119,0.0,0.291,0.567,151.996,4,pop-film,0.29455788580120046,0,0
2JalVxjXGUYkkxfzCkUEYH,PRDX,Tonight,Tonight,20,191200,False,0.367,0.852,8,-3.328,1,0.0336,0.00352,0.0398,0.367,0.324,150.01,4,hardstyle,0.2493117919586385,0,0
6iW38RGqdDGOofmz2HeXLW,MEDUZA;Alok;Goodboys,Piece Of Your Heart (Alok Remix),Piece Of Your Heart - Alok Remix,75,166451,False,0.797,0.86,10,-4.38,0,0.0413,0.0312,0.0137,0.334,0.192,124.033,4,house,0.1818754616692286,0,0
4chpfrjIqrOPshlDU4ZrKe,Nacha Pop,Nacha Pop,Chica de ayer,57,208026,False,0.674,0.854,7,-4.337,1,0.034,0.0579,0.00041,0.0735,0.684,127.295,4,spanish,0.18337989148431816,0,0
4yhzZ9ESp4UwnJqImyMR3A,Ghost,[MESSAGE FROM THE CLERGY],Mary On A Cross - slowed + reverb,61,274783,False,0.468,0.838,6,-5.756,0,0.0433,9.42e-05,0.196,0.0896,0.259,115.812,4,hard-rock,0.2424308515560474,0,0
3d5sy82qemYO5B5TljeoBs,Vicetone;Lena Leon,Legacy,Somebody Like You,49,208570,False,0.62,0.851,6,-2.727,0,0.0332,0.136,0.000144,0.0999,0.816,122.011,4,progressive-house,0.2897203245969684,0,0
44gJjTJwY4eba0jpNnrlld,Diljit Dosanjh,MoonChild Era,Vibe,62,155250,False,0.706,0.632,1,-7.172,1,0.0705,0.00713,0.0,0.129,0.625,87.993,4,pop-film,0.23612970855503343,0,0
3shcvpEbVDKyvN0Mz9Bibt,Carcass,Wake Up and Smell the... Carcass,This Is Your Life,14,248693,True,0.314,0.933,4,-7.368,0,0.0873,1.82e-05,0.51,0.234,0.583,149.535,4,grindcore,0.4014529012383289,0,1
4HqNd2LxuZ8ByR7E4tKeLK,Darkthrone,Dark Thrones & Black Flags,Hiking Metal Punks,19,201933,False,0.207,0.982,11,-3.922,0,0.0843,0.00064,0.00565,0.339,0.119,151.627,4,black-metal,0.2974507088035793,0,0
1yO2BM8uqcXWtjKn52Jvti,Mo' Horizons;Fab Samperi,The Banana Remixes,Cowboy Bossa - Fab Samperi Remix - Extended Version,21,314780,False,0.687,0.903,6,-6.56,0,0.075,0.143,0.00517,0.122,0.812,99.994,4,trip-hop,0.23414193114829562,0,0
4lSLtHGwXLZOaOCrI6QKDV,Syn Cole;Dakota,Lights Go Down,Lights Go Down,47,186666,False,0.675,0.763,0,-5.73,1,0.0381,0.00556,0.0,0.0575,0.371,123.988,4,deep-house,0.2935284671687771,0,0
0hXZUhr7FrKaDHVIokMZfH,Derrick May,Innovator (Mayday),Freestyle,9,266053,False,0.791,0.949,11,-9.189,0,0.0633,2.46e-05,0.9,0.0309,0.825,134.096,4,detroit-techno,0.20324474043997662,0,0
0nuqU251rzgC3ZrqJXESTf,Lucas Reis & Thácio,Chegou A Hora (Ao Vivo / Vol. 2),Ultimamente - Ao Vivo,44,189077,False,0.583,0.577,11,-7.603,1,0.0376,0.278,0.0,0.123,0.684,117.806,4,sertanejo,0.31490377275240267,0,0
6ITYHd3FzwzMSJr1m5W4oB,Michael Hoppé;Tim Wheater,Romances,Lillies On The Lake,24,237493,False,0.184,0.154,3,-18.879,1,0.0458,0.99,0.975,0.11,0.0373,92.184,4,new-age,0.5927398694747472,1,1
3EtsTQGKkUXaGDmMi7GRfD,BaianaSystem;Claudia Manzo,ATO 3: América do Sol,Capucha,20,174680,False,0.737,0.934,7,-4.171,1,0.147,0.162,6.58e-05,0.233,0.614,104.965,4,afrobeat,0.28926537959867876,0,0
2y5Fa3z9MzoKRyfZitRnMZ,Llewellyn,Journey to the Temple,Spleen Chakra,22,414093,False,0.194,0.0751,2,-25.758,1,0.0414,0.876,0.96,0.788,0.0368,104.183,3,new-age,0.7135913651206124,1,2
62EMJr1KY3s1gR4ZqgaMyM,Baymont Bross;Steppa Style,Move Ya Body,Move Ya Body - Original Mix,14,335621,False,0.741,0.821,7,-5.382,1,0.114,0.0168,0.000647,0.0381,0.805,138.03,4,breakbeat,0.1806455344276739,0,0
4KlbH1k1grQmwnhEAeblDT,PhaseOne;Polaris,Icarus,Icarus,51,243692,False,0.285,0.985,1,-1.494,0,0.185,0.000122,0.0,0.0704,0.193,130.011,4,dubstep,0.30260238810970236,0,0
0ttfJZcKq7E7NcIldlogbn,Marilyn Manson,Twisted Halloween Hits,The Beautiful People,0,222773,True,0.609,0.948,9,-4.938,1,0.113,0.00404,0.0978,0.042,0.786,144.037,4,alt-rock,0.13886290443352467,0,0
1yPAReA5wPbjCkPjRhcelH,Lani Love,RESUME,RESUME,9,202997,False,0.855,0.56,11,-5.988,1,0.362,0.0277,0.000476,0.113,0.389,123.019,4,kids,0.2642783523994505,0,0
0STvuEX67eua45XDED2dl5,Jessi Campbell,Dry Bar Comedy Presents: Sharpest Knife on the Porch,Childhood,21,118233,False,0.487,0.655,10,-15.495,0,0.913,0.81,0.0,0.761,0.387,95.697,3,comedy,0.517350436343167,1,1
50uih9H4g4rBYoRrEcPUPj,Alex Spite,Snow Rain,Snow Rain,41,201057,False,0.844,0.593,9,-7.588,0,0.0613,0.00595,0.853,0.0813,0.513,119.997,4,groove,0.2400739737844737,0,0
5zhGrRhCaPF4LiSq5uv7nd,David Guetta;MistaJam;John Newman,Back to School!,If You Really Love Me (How Will I Know),0,184390,False,0.692,0.883,7,-4.698,1,0.0582,0.0512,0.0,0.228,0.614,122.984,4,edm,0.23392201924041509,0,0
4O3APpGNhOldqDsPF8IaS5,JADED,Welcome To The People,Welcome To The People,64,160669,False,0.716,0.917,6,-5.091,1,0.0331,0.123,0.396,0.0628,0.751,124.032,4,deep-house,0.1843011451472786,0,0
7ciinyTSnNkktZtYJZ66oe,Poop Emoji,The Luigi's Mansion 3 Song,The Luigi's Mansion 3 Song,9,64227,False,0.867,0.45,9,-9.495,1,0.42,0.0437,0.0,0.185,0.96,109.862,4,kids,0.25535127074859193,0,0
6Lf2CEJkwiW0oqy1j8P35N,Regurgitate,Hatefilled Vengeance,Testicular Trauma,10,75613,False,0.248,0.992,5,-3.821,0,0.115,2.14e-06,0.91,0.0775,0.0771,109.609,4,grindcore,0.2922650367072235,0,0
6QvYmrqFKRSVrcVgvoA7Ar,Red Hot Chili Peppers,All That Really Matters - Just Hits,Tippa My Tongue,4,260808,False,0.573,0.913,5,-6.52,0,0.0409,0.00861,0.0273,0.114,0.795,88.418,4,alternative,0.2827874360642517,0,0
1HJW2w61lh3XcsnfnOR9p4,12th Planet;Katie Sky,Follow,Follow,41,172800,False,0.533,0.938,4,-2.762,0,0.0535,0.0274,0.00472,0.191,0.118,149.998,4,dubstep,0.27306797288565643,0,0
4w0kFToo4KieF43IMDb9ED,Татьяна Комова;Георгий Квик,Ромэн. Русские цыганские романсы,Солнышко,0,214373,False,0.306,0.202,9,-18.504,0,0.0333,0.978,0.0479,0.215,0.174,79.701,4,romance,0.670365532049075,1,2
0gDvyUgaBYhTS8rGiaYofp,Angela Ro Ro,A Vida É Mesmo Assim,Fogueira,37,244986,False,0.298,0.267,0,-13.202,1,0.0344,0.899,0.00162,0.0921,0.133,90.413,3,samba,0.49153081266746285,1,1
4qJrq7Q4ibUcpRt0dOjN52,Marina Lima,Virgem,Virgem,41,243093,False,0.66,0.567,7,-8.209,1,0.0287,0.73,2.79e-05,0.166,0.133,120.105,4,r-n-b,0.376696713694327,0,1
66FjggbljuRcmIqgzZKaZ7,Yiyo Sarante,Hablame Mi Vida,Hablame Mi Vida,31,157335,False,0.728,0.638,7,-6.91,0,0.0502,0.701,0.0,0.279,0.795,112.02,4,salsa,0.35723060396436024,0,1
4ZAerT2NicBmzZ4VkpmWEn,ILLENIUM;RUNN,Awake,Free Fall,51,205970,False,0.429,0.525,2,-4.399,1,0.0382,0.458,6.35e-05,0.124,0.228,133.897,4,dub,0.4929278848116097,1,1
3kjHeqClSEMX3UVoRmgptj,Usted Señalemelo,Usted Señalemelo,Textos,42,293106,False,0.598,0.36,0,-9.79,1,0.0336,0.282,0.000112,0.107,0.189,135.017,3,electronic,0.4227318716060239,0,1
5pr0RW6itk3yEfJHkg4DIF,Armin van Buuren;Billen Ted;JC Stewart,"Feel Again, Pt. 1",Come Around Again,62,169108,False,0.589,0.912,9,-3.878,0,0.0766,0.0366,0.0,0.0752,0.426,123.946,4,trance,0.17091311641962537,0,0
5fiH8RdAqIR6bSokyYRn2d,Andrew Gold;DMA ILLAN,Spooky Scary Skeletons (DMA ILLAN Trap Remix),"Spooky, Scary Skeletons - DMA ILLAN Remix",50,160560,False,0.689,0.937,7,-4.389,1,0.0889,0.0208,0.0519,0.0687,0.835,77.045,4,power-pop,0.16204059620036085,0,0
2lnzGkdtDj5mtlcOW2yRtG,Shakira,Laundry Service,"Whenever, Wherever",75,196160,False,0.794,0.832,1,-4.862,0,0.0407,0.237,1.14e-05,0.203,0.871,107.657,4,latin,0.17451321953325105,0,0
062WEhWJ0tNa0CaAEuMwYB,Kurban,Kurban,Yalan,42,207706,False,0.609,0.965,7,-5.245,1,0.112,0.000877,0.000806,0.188,0.783,140.121,4,turkish,0.26485959500409273,0,0
7lFzS8uBjpXckGjQQcpJrW,MY FIRST STORY,ANTITHESE,不可逆リプレイス,55,231000,False,0.502,0.931,2,-3.676,1,0.0577,0.000143,0.0,0.54,0.365,99.955,4,hardcore,0.2773010124409852,0,0
2G1AgrFBXW76nLkRPZVvKV,Salon Victoria,Popis Hits Yeye Beats,Corazón Contento,38,192653,False,0.567,0.844,7,-6.553,1,0.0677,0.00359,0.00101,0.109,0.737,95.638,4,ska,0.19712044801281542,0,0
7G61RIOr0fW6pk7HIeSjSp,Blackhaine,Armour,Black Lights on the M6,18,145777,True,0.422,0.687,8,-6.877,1,0.852,0.229,7.77e-05,0.0904,0.286,171.698,5,club,0.4648653692227258,1,1
39ZVkOVxjG8ypNdUSVNkxU,David Kushner,Mr. Forgettable,Mr. Forgettable,73,187293,False,0.56,0.41,8,-9.227,0,0.0276,0.544,0.0,0.151,0.28,144.727,4,singer-songwriter,0.3768674668485877,0,1
4mftMbsOZ14XIb5TTQi1kU,"Kelli O'Hara;Steven Pasquale;Company of The Original Broadway Cast Of ""Bridges Of Madison County""",Bridges of Madison County (Original Broadway Cast Recording),Always Better,22,280440,False,0.359,0.242,5,-8.368,1,0.0367,0.914,1.21e-06,0.307,0.0399,81.45,4,show-tunes,0.5906677041303061,1,1
1gI1nC5E3ObyMtejdc8crP,Bonobo;Bajka,Days To Come,Nightlite,51,309546,False,0.549,0.588,0,-10.875,1,0.0294,0.529,0.9,0.0877,0.545,79.495,4,trip-hop,0.3877575148939103,0,1
3q15mB5NqNtXn774xz8RLl,dreissk,State of Decay 2 (Original Game Soundtrack),Horizon,10,210251,False,0.351,0.567,2,-14.035,1,0.053,0.487,0.812,0.106,0.0375,186.056,4,idm,0.4537635589898245,1,1
3ZCLZ1tQf9Pcl2UO8s6JnN,Mike Perry,By Your Side,By Your Side,66,155121,False,0.637,0.813,7,-5.199,1,0.0544,0.0289,0.0,0.0906,0.429,122.963,4,edm,0.1850654724444988,0,0
67KMzLiMuvd6I5c8UlK1u4,Los Loud Jets,Rockmance,Anoche Me Enamore,30,153480,False,0.587,0.677,4,-10.562,1,0.0307,0.506,3.27e-06,0.154,0.959,141.525,4,rock-n-roll,0.3756237223768886,0,1
4eAwB5pnKFTmsgc3zWoYO0,Seether,Finding Beauty In Negative Spaces (Bonus Track Version),Fake It,75,193893,True,0.611,0.95,8,-3.509,1,0.0518,0.00141,1.59e-06,0.0543,0.607,132.078,4,metal,0.20104996977557602,0,0
3pxCXv0NACYfYnLjFcQW5D,Saving Abel,Saving Abel,Addicted,70,222826,True,0.512,0.864,7,-4.146,1,0.0338,0.000821,0.0,0.0982,0.527,138.018,4,grunge,0.23559079822853768,0,0
6mboYkYC6aXpdixTQAm1y6,Sagopa Kajmer,Kötü İnsanları Tanıma Senesi,Sahibinin Sesi,38,265226,False,0.776,0.531,11,-9.429,1,0.119,0.11,0.0,0.118,0.789,92.027,4,turkish,0.2597466496895491,0,0
5u4jJAAD6jd0Z741eT7XGP,Volbeat,Twisted Halloween Hits,The Devil's Bleeding Crown,0,238653,False,0.321,0.909,11,-4.612,1,0.041,1.62e-05,0.139,0.0442,0.209,109.653,3,alternative,0.2490424670560903,0,0
7skyR8nK3vnDikYFBoUVw6,Laura Branigan,Self Control (Expanded),Self Control - Extended Version,52,304893,False,0.772,0.706,6,-12.31,0,0.0331,0.233,0.00997,0.188,0.803,106.378,4,synth-pop,0.21236491618584874,0,0
3nISsZvfqj0tnpzVN6xtEu,Cole Swindell,Finest Country,Stay Downtown,0,201866,False,0.336,0.756,5,-4.191,1,0.045,0.00275,0.0,0.189,0.237,77.807,4,country,0.38278828307728974,0,1
7aQdxBUxPcUzWsbUTUeX3c,Germaine Franco,Encanto: La fantastique famille Madrigal (Bande Originale Française du Film),Impresiones del Encanto,21,149160,False,0.711,0.0466,0,-19.865,0,0.0657,0.984,0.751,0.107,0.264,96.19,4,disney,0.5305998854611117,1,1
1meF9wzOquLL3GYx9Rg9ED,Sujatha,Karyam Nissaram,Kanmani Ponmaniye,21,239986,False,0.548,0.188,0,-9.898,0,0.0501,0.953,0.00459,0.127,0.817,150.548,3,malay,0.4512618283241308,1,1
5WKEKguT5QbGZG7Klh1Ccd,Chris Tomlin,Always,The Answer,43,215399,False,0.532,0.726,1,-4.474,1,0.0296,0.0199,3.1e-06,0.099,0.404,89.971,4,world-music,0.1698383871552947,0,0
0yhc4Hdzc6t2EAUbSJLofl,Elvis Costello & The Attractions,Armed Forces (Remastered 2020),Busy Bodies,22,215840,False,0.45,0.768,2,-10.697,1,0.0367,0.0706,0.00115,0.311,0.838,137.932,4,power-pop,0.321792325113002,0,0
63yss05gw4eRwGm8eTkctG,Malente,No Risk No Funk (10 Year Anniversary Edition),We Came To Party - Original,14,252286,False,0.754,0.88,6,-4.505,0,0.0482,0.0108,0.000829,0.355,0.786,118.991,4,breakbeat,0.15231687268570387,0,0
0aQAxk0VUa03yons7PZjS1,Patricio Rey y sus Redonditos de Ricota,La Mosca y la Sopa,Blues de la Artillería,46,269800,False,0.67,0.62,11,-7.247,0,0.0274,0.045,0.00126,0.11,0.876,108.243,4,punk,0.20490007798360468,0,0
7GJ1d5TkybTVDxLNP5VqhL,Pritam;Shreya Ghoshal;Arijit Singh,Bhool Bhulaiyaa 2,Ami Je Tomar (Kiara's Scare),46,98184,False,0.361,0.274,1,-13.334,1,0.0395,0.397,5.83e-06,0.185,0.337,116.781,4,indian,0.46648626339127724,1,1
5fJTOK2a61O6p5gQ5ZPiMC,DJ Skull,Duly Noted EP,Duly Noted - Original Mix,5,319354,False,0.802,0.837,11,-11.634,0,0.0459,0.0774,0.741,0.1,0.661,123.986,4,chicago-house,0.16292854909883606,0,0
6eLZT3Vv2iwkk7ODW7nclE,Grupo Fundo De Quintal,Samba de Todos os Tempos,Ai Que Saudades da Amélia,39,166480,False,0.507,0.698,9,-14.663,1,0.21,0.404,2.22e-06,0.696,0.783,121.442,4,samba,0.45385812292737404,1,1
7Bk0VK59GsrYX6CwfbDsQ9,Astor Piazzolla;Die 12 Cellisten der Berliner Philharmoniker,Hora Cero,Libertango,17,153786,False,0.405,0.257,2,-16.123,0,0.031,0.948,0.879,0.0941,0.332,153.389,4,tango,0.5872876252871507,1,1
1ggRwygftCM9HKYY9Vrqgf,Larry The Cable Guy,Remain Seated,Remain Seated,22,247696,False,0.46,0.8,6,-11.374,1,0.951,0.775,0.0,0.93,0.189,52.616,3,comedy,0.615944095515105,1,2
3FpEXAupLwCHwzeUBxF99S,joan,i loved you first,i loved you first,53,227067,False,0.556,0.276,0,-9.603,1,0.0269,0.0862,6.89e-06,0.0999,0.216,75.02,4,chill,0.2907350113389485,0,0
0RRNdm9FhEGVl0p6S9JlIT,Tiamat,The Musical History of Tiamat,Gaia - live in Stockholm 1994,19,383093,False,0.397,0.591,2,-8.146,0,0.032,0.0343,0.519,0.777,0.11,119.838,4,black-metal,0.4009538053692188,0,1
6UFou6lticy1PrLFd0bGaX,Nicola Porpora;Simone Kermes;La Magnifica Comunità,Dramma,Polifemo: Alto Giove,20,551440,False,0.216,0.048,4,-22.023,0,0.0419,0.967,0.157,0.0902,0.0595,73.322,4,opera,0.7387520291900499,1,2
4kXkT9HF9ZfDjuv3LIKcwJ,Ankur Tewari;Prateek Kuhad;Dhruv Bhola;Nikhil Vasudevan,"Dil Beparvah (The Dewarists, Season 5)","Dil Beparvah - The Dewarists, Season 5",54,250000,False,0.762,0.391,1,-11.735,1,0.0337,0.867,0.000521,0.112,0.355,137.956,3,indian,0.3941049779415138,0,1
4uCVtXasfPk1Z0JwrwTIzH,Ben Woodward,Golden Hour,Golden Hour - Acoustic Piano,28,168571,False,0.276,0.289,2,-10.879,1,0.0325,0.968,0.00321,0.137,0.118,86.465,3,acoustic,0.5252466213090429,1,1
2j1Es5qEl4pD8GEe2WsYgP,SEVENTEEN,SEVENTEEN 4th Album 'Face the Sun',Darl+ing,70,176560,False,0.519,0.695,0,-4.861,1,0.0812,0.299,0.0,0.43,0.515,95.384,4,k-pop,0.34061242296272454,0,0
4GUkwP7dbOjkoERmJ015J7,Karen Mok,做自己 TO BE,電台情歌,37,248373,False,0.599,0.569,0,-8.473,0,0.031,0.27,0.000445,0.279,0.316,138.021,4,cantopop,0.2708979797691073,0,0
3Nv85OQTEgxlN29my6unSG,PXNDX,Poetics,¡soy un Ganador!,37,185200,False,0.376,0.949,11,-4.767,1,0.0839,0.0034,0.0,0.232,0.569,152.021,4,punk-rock,0.2895694245399014,0,0
3DKeM8CWG2bbxB6A8Ok2ea,Çağrı Sinci,Kayıp Şarkılar,Daha Neler,42,193108,False,0.696,0.626,10,-10.12,0,0.274,0.259,0.0,0.0748,0.729,172.024,4,turkish,0.2263216856546127,0,0
3DAR8j8yceJ2JD0AI6ESje,Porta,Equilibrio,Distancia 1.5,29,206329,False,0.637,0.885,3,-5.605,1,0.355,0.325,0.0,0.0988,0.55,90.401,4,spanish,0.40590800910385627,0,1
0ZUFWmRg3uCqJcoCh26u9w,Atta Isaacs,Two Slack Key Guitars,Sweet Lei Lehua - Bonus Track,22,173053,False,0.54,0.309,7,-15.599,1,0.0318,0.61,0.751,0.119,0.622,126.431,4,guitar,0.4686626401843561,1,1
0vTKR5TQD03kASmEGlyDF3,Bon Jovi,Keep The Faith,In These Arms,61,319226,False,0.51,0.915,4,-3.036,1,0.0562,0.00884,1.75e-05,0.205,0.459,123.257,4,metal,0.12311734199274034,0,0
4xUZrneYGiwwBEzFWhZiB9,Mark & Sarah Tillman,Greater is the Blood,Greater is the Blood,47,231851,False,0.542,0.643,4,-7.097,1,0.0394,0.0954,0.0,0.115,0.237,135.921,4,ambient,0.366125884959128,0,1
7fC8yji6KpWf1snZh1bf9h,PXNDX,La Revancha Del Principe Charro,Corazon De Un Cuento Roto,43,225626,False,0.546,0.975,8,-3.211,1,0.0609,0.00162,1.69e-06,0.103,0.689,115.917,4,punk,0.2612618364251819,0,0
1KceOX4yTiwRHqJFHcmEWp,Eternal Griefs,Blanche Monnier,25 Years of Silence In the Attic,0,922928,False,0.192,0.51,4,-15.102,0,0.0458,0.000194,0.804,0.0935,0.0753,134.662,4,iranian,0.43424718249221267,0,1
35yt3zMkpHeOgyXbYNCkDQ,Dimitri Vegas & Like Mike;Diplo;Kid Ink;Deb’s Daughter,Hey Baby,Hey Baby,28,201000,False,0.708,0.908,6,-3.579,0,0.184,0.0171,0.0,0.0814,0.85,90.026,4,progressive-house,0.20558738599467083,0,0
2AHlAZJS2tTnhDqqlIm6O3,Shamoon Ismail,Cookie,Khayal,44,186985,False,0.56,0.152,9,-16.463,1,0.0537,0.269,0.000108,0.155,0.293,156.168,4,indie,0.3619823554220781,0,1
43UwresvfvNPDl8BQruk4L,Chuck Berry,Christmas time but not Christmas songs 2022,You Never Can Tell - 1964 Single Version,0,163066,False,0.572,0.848,7,-10.054,1,0.125,0.739,4.67e-06,0.245,0.927,157.621,4,r-n-b,0.43331590335511866,0,1
3ZIHR8fa4ELkXo6fxwJ2St,Masicka,Rich,Rich,27,168946,False,0.733,0.814,6,-5.36,0,0.391,0.325,0.0,0.114,0.192,96.906,4,j-dance,0.27870017249041584,0,0
18Lb0yf7HlgETLgfaBG6eV,Lulu Santos,Assim Caminha A Humanidade,Assim Caminha a Humanidade,48,208693,False,0.753,0.755,2,-9.196,1,0.029,0.0547,0.00459,0.0518,0.949,138.518,4,r-n-b,0.32061759715821403,0,0
76HOOcFt3lKVdScmoScfz1,Djavan,"Djavan ""Ao Vivo""",Azul (Ao Vivo),49,259066,False,0.632,0.651,7,-8.658,0,0.0401,0.756,3.99e-06,0.726,0.652,119.567,4,mpb,0.40091915255912813,0,1
6uPSExSu4Xt7HrtJRR1a2P,Rnla;yaeow,Try to Be Better (Again),Try to Be Better (Again),49,140982,False,0.619,0.358,11,-12.621,1,0.0465,0.956,0.642,0.101,0.129,126.119,4,chill,0.3841415072556726,0,1
5gE4Gj8qtbbMAhG4A1dbM3,Izïa,La vitesse,Tristesse,32,251040,False,0.657,0.648,0,-6.233,1,0.0547,0.403,1.42e-05,0.432,0.262,154.2,4,french,0.28850107027534216,0,0
67f8E7U41Dcm9VJY71Kl2I,Сергей Зыков,Первый снег. Песни и романсы,"Не жалею, не зову, не плачу",0,278520,False,0.432,0.259,9,-12.609,0,0.0396,0.954,0.0331,0.202,0.208,123.101,3,romance,0.5600449857738132,1,1
1KPEJ5UxJmElMMiM2SsIpx,Anupam Roy,Baishe Srabon,Ekbar Bol,42,298933,False,0.544,0.411,9,-10.106,1,0.0316,0.298,0.0,0.106,0.422,139.948,4,songwriter,0.3569671529816793,0,1
2WMi3VDwWt3DYIdzX9pt9P,Yume Miru Adolescence,5(Speical Edition),アイドルレース,17,212266,False,0.557,0.942,5,-4.093,0,0.0554,7.28e-05,0.871,0.066,0.509,90.0,4,j-idol,0.20850849020237508,0,0
7hbAuG4CFb8ee6IOBKKdar,Sebastian Plano,Klassische Weihnachtsmusik,A Present for a Young Traveller,0,189478,False,0.167,0.282,11,-15.214,0,0.0368,0.97,0.842,0.0892,0.0405,148.711,3,ambient,0.6739675042663807,1,2
4C31xrbabTvN9DnJvH72pS,Kathleen Madigan,Gone Madigan,My Family,24,646579,True,0.56,0.787,1,-5.39,0,0.912,0.843,0.0,0.801,0.488,62.633,4,comedy,0.6818636078937639,1,2
39oaNtdAIOrkUIaVqCz2Z5,Mike Dunn;Saison,Defected Presents Most Rated Ibiza 2022,It's A Groove Thang - Saison Remix,8,213407,False,0.626,0.884,10,-9.417,0,0.0749,0.12,0.325,0.367,0.301,123.938,4,chicago-house,0.20408807335639478,0,0
1R8wWd2nLDrucASi4b6MWM,Anitta,Bájale como 7500,Pantera,3,124933,False,0.818,0.466,9,-5.777,1,0.0477,0.301,0.0,0.248,0.748,109.034,4,pagode,0.3710060373209528,0,1
5mjTbRn7WG6HsxJI9wUMUL,Tiësto;Ava Max,Objectif Running : Dance,The Motto,0,164818,False,0.754,0.763,7,-4.627,0,0.0435,0.0301,2.23e-05,0.0901,0.464,117.953,4,trance,0.2638223738195188,0,0
3ijCK8aystm14nXveTlJzr,J Balvin,Para entrar en calor,Sigo Extrañándote,2,201280,False,0.896,0.859,11,-4.232,0,0.21,0.154,0.000109,0.212,0.938,93.016,4,reggae,0.15846122566111198,0,0
0aQXKkpgnoTgCXBRNeWGrU,WHIPPED CREAM,Bad For Me,Bad For Me,43,191007,False,0.596,0.894,5,-4.63,1,0.0513,0.0272,0.592,0.115,0.0363,104.931,4,electronic,0.24423768862005404,0,0
46LoYZSh8V0Ean52vPNpcC,Yuvan Shankar Raja,Deepavali (Original Motion Picture Soundtrack),Pogadhe,65,330400,False,0.658,0.407,4,-12.007,1,0.0364,0.727,1.26e-06,0.139,0.137,80.164,4,pop,0.36806517741687,0,1
0Oof6vxILckpjyHM8wT6kX,Nico Rezende,Nico Rezende Piano & Voz,Esquece e Vem,36,246093,False,0.498,0.125,10,-14.298,1,0.0342,0.967,2.38e-05,0.107,0.229,72.092,3,piano,0.5375745390492093,1,1
27nGU2v3syK7aU3AVY2vUO,Cosmic Gate;Nathan Nicholson,Follow You Anywhere,Follow You Anywhere,45,244982,False,0.581,0.869,1,-6.7,0,0.0423,0.0564,0.0789,0.0792,0.0389,123.982,4,techno,0.3097404644052153,0,0
0P2sfcfRD0lWw4b8eXegmR,Cosmic Gate,Exploration of Space,Exploration of Space,56,216360,False,0.631,0.912,9,-7.591,0,0.0362,0.0346,0.539,0.0729,0.329,138.043,4,techno,0.21228407379229625,0,0
6qxqttcwmFodaFyhaCvIiT,Chuck Berry,Weihnachtslieder 2022,Run Rudolph Run,0,162897,False,0.647,0.876,10,-5.662,1,0.185,0.881,3.59e-05,0.26,0.949,151.925,4,r-n-b,0.37309369488333755,0,1
5LoDOM7j5uQp30assYbt9m,GAYLE,Your Perfect Soundtrack,indieedgycool,0,146769,True,0.728,0.773,11,-6.253,0,0.0764,0.0364,0.0,0.235,0.547,98.011,4,alternative,0.2508805387836221,0,0
3TjoLn6AliBGi3QbwwTxKp,Hozier,Swan Upon Leda,Swan Upon Leda,70,222026,False,0.312,0.399,2,-8.506,1,0.0321,0.471,0.583,0.13,0.144,126.025,4,songwriter,0.41125107262501404,0,1
6xviq9mGgmzMp2kfYg6dhU,Shiritsu Ebisu Chugaku,仮契約のシンデレラ(サブカル盤),仮契約のシンデレラ,26,284160,False,0.491,0.978,9,-1.537,0,0.283,0.0569,0.00546,0.567,0.491,169.91,4,j-idol,0.3940970722292524,0,1
3CTCq5KkL2Od9jVDCrTQra,Mascarpone,Dodecacotronic,Suicide,40,248769,False,0.654,0.817,11,-7.748,0,0.0551,0.000333,0.753,0.3,0.323,130.014,4,club,0.18711505543173804,0,0
1uxFhAQQOrF7nbL49DLcls,Knust;Luiz Lins;CMK,Perder o Interesse,Perder o Interesse,47,249597,False,0.717,0.411,9,-11.908,0,0.162,0.219,0.000298,0.172,0.133,74.864,4,brazil,0.338828704246291,0,0
3YL4zMqcyFu0OfLI1sZ66Z,Cigarettes After Sex,EP I.,Starry Eyes,62,206000,False,0.419,0.362,2,-15.32,1,0.0337,0.453,0.335,0.0687,0.114,100.264,4,ambient,0.38584284693529486,0,1
2iZH4DDQr3vpfCLHqbxClj,Robin Schulz;David Guetta,Today's Party Hits,On Repeat,0,190217,False,0.609,0.801,1,-8.483,0,0.0694,0.0246,0.00255,0.37,0.202,122.958,4,deep-house,0.2601277778012811,0,0
1XjrpDJARnUJtL1wRUQMbI,Glen Campbell,Fiesta temática 60s,Christmas Is For Children,0,199200,False,0.32,0.288,7,-13.439,1,0.0291,0.363,0.00561,0.0943,0.181,77.762,4,singer-songwriter,0.44558273745395977,0,1
0LxGFgMi5Bv6q3vJ0aCnRX,Ghost,Rock & Halloween,Mary On A Cross,5,244804,False,0.467,0.9,11,-4.505,1,0.0451,0.000187,0.000493,0.105,0.554,130.027,4,metal,0.21138821142365857,0,0
3s5eF58FHyYXO4ckNWHWIB,Doce Encontro,Além dos Limites,Sem Razão,42,217880,False,0.616,0.571,4,-9.906,1,0.039,0.401,0.0,0.11,0.414,74.897,4,pagode,0.3058648215238641,0,0
75mtKeIPLHAXokQVQmwPLp,Tiësto;Charli XCX,New Arrivals,Hot in It,0,129817,False,0.748,0.841,7,-5.08,1,0.177,0.00445,1.33e-06,0.0413,0.717,123.045,4,trance,0.2378093991021589,0,0
0s3lqGsA4ExV5nscjTHV7h,NIC,Sweet Caroline,Sweet Caroline,24,241053,False,0.712,0.969,1,-4.12,1,0.0581,0.029,9.35e-05,0.216,0.722,137.995,4,party,0.17823940755506645,0,0
4UB2EL1sNtI4CLfKSCvbwG,Chisato Moritaka,ザ・シングルス 1987-1992 (2012 Remaster),だいて - ラスベガス・ヴァージョン; 2012 Remaster,19,300320,False,0.68,0.866,3,-4.966,1,0.0311,0.461,9.68e-06,0.0851,0.935,129.959,4,j-idol,0.27062328809213415,0,0
2FOcU8r9AkrIBHOczW5YZl,Aril Brikha,Deeparture in Time - Revisited,Setting Sun,12,436493,False,0.781,0.38,10,-15.588,0,0.0451,0.204,0.934,0.109,0.0946,124.88,4,detroit-techno,0.37755493772997,0,1
1hMZDDqL6ThRyJQ5rsLiB5,Tim Maia,Tim Maia 1971,Não Vou Ficar,43,172996,False,0.563,0.783,4,-9.052,1,0.0695,0.0925,0.0,0.0887,0.688,77.723,4,brazil,0.322499082579712,0,0
3aHgHY9x68XJ7PWdVgsrS0,Glass Animals,pov: it's 2020,Heat Waves,0,238805,False,0.761,0.525,11,-6.9,1,0.0944,0.44,6.7e-06,0.0921,0.531,80.87,4,indie-pop,0.39242566255253947,0,1
6W2KBpMMXW17r7dPyqi8Iu,Slayer,Repentless,Repentless,58,199866,True,0.4,0.994,8,-7.34,0,0.0625,3.65e-05,0.097,0.145,0.253,104.134,4,death-metal,0.3106210864828457,0,0
7pQCFdcOmQMuI4SX1LrspN,Eikichi Yazawa,永吉 (50th Anniversary Remastered),DIAMOND MOON - Remastered 2022,35,266346,False,0.673,0.599,5,-8.299,1,0.0316,0.67,1.29e-05,0.166,0.417,113.752,3,j-rock,0.4522971765126619,1,1
0e6RXd6MAv6xdvHriDc0ud,Smash Mouth,Обратно в клас - rock,All Star,0,200373,False,0.731,0.867,11,-5.881,1,0.032,0.0394,0.0,0.0861,0.776,104.02,4,alternative,0.26865672410647745,0,0
22QdpwlY4mNXPhl2j9RfgD,Maneva,Tô De Pé (Acústico),Tô De Pé - Acústico,47,169472,False,0.877,0.628,9,-7.541,0,0.0669,0.504,0.0,0.282,0.793,106.087,4,reggae,0.26185675259958163,0,0
6AcdKwlWDTVEoc3gctxsji,Eason Chan,Life Continues,最佳損友,52,233560,False,0.605,0.542,4,-7.961,1,0.0339,0.81,7.92e-05,0.116,0.324,144.154,4,mandopop,0.3206457509808346,0,0
6L1V0LvpXBJ7QptKuLUj3v,awfultune,redesign,redesign,66,148548,True,0.795,0.507,10,-7.188,1,0.0332,0.542,6.83e-06,0.116,0.784,120.009,4,indie-pop,0.26195938649552053,0,0
1CfKabrnieuwFYodtDZvvw,Bullet For My Valentine,Release Your ANGER,Shatter - Edit,0,281757,False,0.413,0.923,9,-4.487,1,0.053,9.24e-06,0.00102,0.0883,0.504,150.059,4,metal,0.25316596325050145,0,0
0o5jiETMwpSUN79gsfipEZ,Velho,Decrepitude & Sabedoria,"Satã, Apareça!",21,143846,True,0.0739,0.974,11,-8.367,1,0.0886,0.0349,0.000586,0.275,0.155,193.872,4,black-metal,0.39885338004004994,0,1
2zGV8MKVGeTwfG3TF0OIWt,Los Chicanos,Los Chicanos,Puente de Piedra,31,221493,False,0.487,0.373,7,-10.22,1,0.0289,0.795,0.0,0.0901,0.373,95.753,4,rock-n-roll,0.3845511256364092,0,1
4z3mfXCFgi5uTLYrDZ5JNR,Hank Williams,The Complete Hank Williams,There's No Room In My Heart For The Blues,10,134600,False,0.613,0.154,0,-15.516,1,0.0296,0.945,8.01e-06,0.277,0.391,115.918,4,honky-tonk,0.45920848692807453,1,1
74MNgfAdxP56KBMKoeu9Nx,arai tasuku,Fantasmagorie The Ghost Show -Original Soundtrack-,Mask of Skeleton,12,90000,False,0.451,0.505,7,-10.349,1,0.059,0.489,0.96,0.102,0.057,80.521,4,idm,0.4917385866584396,1,1
5wtGB6ojq1aPyOaBkhnElz,MHRAP,Tipo Uzui Tengen,Tipo Uzui Tengen,42,225346,True,0.655,0.731,1,-7.561,0,0.0538,0.468,0.0,0.114,0.344,130.039,4,r-n-b,0.3103024130460019,0,0
3e0FzZjTXOUtiJGSClOBrI,Steve Miller Band,Fly Like An Eagle,Fly Like An Eagle,67,282693,False,0.561,0.754,9,-12.769,0,0.112,0.61,0.0194,0.328,0.642,100.08,4,psych-rock,0.39958314539896717,0,1
3zwL0EG6j9gJkPBtJY3VQu,"Original (German) Cast of ""Tanz Der Vampire""",Tanz Der Vampire,"Bitte, meine Herren!",24,136666,False,0.509,0.198,2,-17.131,1,0.0527,0.755,0.000846,0.116,0.0881,104.902,3,show-tunes,0.5742442933688008,1,1
0QKKI3pKCkSIJnICOWQMvG,Andrew Gold,Classic Rock Masters (Re-Recorded Versions),Lonely Boy - Re-Recorded,27,268000,False,0.573,0.691,9,-4.965,1,0.0322,0.11,0.0,0.0824,0.482,122.906,4,power-pop,0.2661222774146675,0,0
42T2QQv3xgBlpQxaSP7lnK,Creed,Weathered,One Last Breath,72,238240,False,0.386,0.677,2,-5.83,1,0.0346,0.00841,0.00366,0.341,0.195,126.602,4,grunge,0.3180861119726379,0,0
0dNzSDc24MGkN9sDim1d7b,Furkan Sert;Dj Iljano;Kristian Gusho,Cry,Cry,45,200000,False,0.722,0.322,9,-12.588,0,0.0387,0.443,0.741,0.0827,0.285,119.982,4,deep-house,0.39270113339524115,0,1
7EsVGqMKR6ZpGTIoeITKPj,Becky Hill;Just Kiddin,EDM Hits,Losing - Just Kiddin Remix,0,369611,False,0.738,0.617,8,-8.334,0,0.0377,0.000152,0.129,0.0651,0.624,120.017,4,dance,0.19928631589994988,0,0
3v6nuqte5aF8NyNAMr9Z8A,Norah Jones,Rockin' Around The Christmas Tree 2022,Christmas Don't Be Late,0,160293,False,0.464,0.356,5,-6.953,1,0.03,0.708,7.76e-05,0.108,0.265,66.377,4,j-pop,0.4510601890789383,1,1
1Hvbb6qTLStfPrzT7FwY2y,Ed Solo;Skool Of Thought,Random Acts of Kindness,Always There,18,352058,False,0.605,0.792,10,-5.503,0,0.044,0.000803,0.709,0.0484,0.405,175.994,4,breakbeat,0.2904986172583949,0,0
7rKS9FoVpE1mLrbxCnlokX,Ran-D,Hurricane,Hurricane,56,295646,False,0.575,0.979,8,-1.561,0,0.396,0.0321,0.0,0.34,0.366,155.032,4,hardstyle,0.1922630643295742,0,0
2DRIlKYPYCa1SQTG14k3h5,One True God,Everytime,Everytime,48,151200,False,0.699,0.894,10,-2.648,1,0.0321,0.0222,0.117,0.0667,0.33,99.994,4,club,0.1635549373448652,0,0
1MOOJuxUu9QiQE9GgkYYPb,Spencer Crandall,Wilderness,My Person,61,177000,False,0.567,0.753,7,-5.291,1,0.0487,0.0894,0.0,0.13,0.756,165.966,4,country,0.18524173532759408,0,0
4Gp1Y78hnUBqFjgiPSmEjZ,Lost Boyz,The Best 90s Hip Hop Hits,"Jeeps, Lex Coups, Bimaz & Benz",1,271314,True,0.549,0.745,1,-6.281,0,0.399,0.00941,0.0,0.453,0.608,178.192,4,hardcore,0.4245866275271877,0,1
0S6JhgDleukTFLOMlIuiZI,Daddy Yankee,Halloween con perreito,Limbo,0,224800,False,0.805,0.878,7,-3.826,1,0.0864,0.0754,0.00329,0.0656,0.922,124.994,4,reggaeton,0.200703808430066,0,0
0tCgkxnS8ctFBIIyyfbHAs,Antti Paakkonen;Pasi Ruohonen,Leijonakuningas (Alkuperäinen Suomalainen Soundtrack),Viidakossa nukkuu Jellona,21,84720,False,0.691,0.363,5,-14.357,1,0.138,0.776,0.0,0.107,0.926,138.044,4,disney,0.4352258548712693,0,1
3ydPqx54UrOZkgfPwiWHwt,Unnormal,Flamingo Go,Flamingo Go,34,233226,False,0.7,0.884,10,-4.939,0,0.15,0.064,0.0,0.497,0.261,148.092,4,party,0.21989662948946712,0,0
709RFIOjtGsMZ2ULy2OaM4,Morbo y Mambo;Andres Nusser,Muta,Plan de Vuelo,22,211500,False,0.647,0.688,11,-8.47,1,0.0308,0.0145,0.077,0.0998,0.395,123.996,4,afrobeat,0.2325993898920359,0,0
1Gq202pQaNT0U9lbcVrPha,Chris Jedi;Joey Montana,Hora del taco sin auto,Dale Hasta Abajo,0,211560,False,0.686,0.915,10,-2.756,0,0.0449,0.079,0.000275,0.107,0.743,100.003,4,latin,0.25104838129834994,0,0
1FIfsfbOqC4zCf6uwwAxrx,LA INDIA,The Greatest Salsa Ever,Dicen Que Soy,32,283800,False,0.664,0.748,7,-8.842,1,0.0469,0.765,0.00013,0.118,0.679,168.24,4,salsa,0.34857496871557364,0,0
3xNIVmBIe839tAsoGe3A4b,Monty Datta;Snøw,Say Goodbye,Say Goodbye,64,150415,False,0.706,0.297,3,-13.652,1,0.132,0.468,0.0,0.0725,0.123,104.049,4,chill,0.45296393518714106,1,1
2i2OcA6VgW9EyyFD5X5PcV,Annie Lennox,Christmas Songs 2022,Silent Night,1,223040,False,0.171,0.124,7,-13.758,1,0.0364,0.781,0.0,0.0929,0.0717,77.914,3,songwriter,0.6674107551921913,1,2
3f8FukwQQGIx1GSGbDEebe,Sheryl Crow,Cozy Country,Callin' Me When I'm Lonely,0,204560,False,0.51,0.702,9,-5.117,1,0.0295,0.00143,0.0,0.105,0.276,141.904,4,songwriter,0.4045785786210213,0,1
1AMh934qstjiAIJADKhkCa,Promoting Sounds;Paycheck;Eredaze,Broken Glass,Broken Glass,50,153600,False,0.66,0.641,5,-6.81,1,0.116,0.171,1.96e-06,0.114,0.205,174.877,4,sad,0.35865572877428165,0,1
1AhXEDyg2AbV7CAnyiAMvM,Lata Mangeshkar,Dilwale Dulhania Le Jayenge,Mere Khwabon Mein,59,256440,False,0.621,0.512,7,-11.074,0,0.0547,0.634,0.0,0.0803,0.926,114.802,4,pop-film,0.45458055777129147,1,1
2OfQvGrr83FGpdLA1nAR01,Arc North;Aaron Richards;New Beat Order;Cour,Numb,Numb,64,130677,False,0.659,0.838,6,-2.79,0,0.136,0.0144,0.0,0.13,0.286,123.95,4,house,0.252605601402696,0,0
2acUzlZxKI6sONQ6YPWbks,Al Madrigal,Live from D.C.,Put Your Hand Together - Live,20,123106,True,0.56,0.818,1,-10.339,1,0.947,0.806,0.0,0.84,0.72,74.005,3,comedy,0.633675188350279,1,2
4hRnEc9d92ZoFMZtSQuTVH,Lefty Frizzell,"The Complete Columbia Recording Sessions, Vol. 1 - 1950-1951",Look What Thoughts Will Do,13,153013,False,0.742,0.224,9,-12.13,1,0.0309,0.775,7.05e-06,0.224,0.732,126.682,4,honky-tonk,0.40096567073373207,0,1
2IMFiHPG7RF5acB0QPFJyj,Phyno;Tekno,Full Current (That's My baby),Full Current (That's My Baby),51,208296,False,0.807,0.673,7,-6.042,1,0.0705,0.0525,0.000118,0.0874,0.411,113.031,4,dancehall,0.19260715607636614,0,0
5OoGzZh3v57f2mFdAeK36J,Milionário & José Rico,"Atravessando Gerações, Vol. 29",Decida - Ao Vivo,58,239053,False,0.516,0.493,2,-7.285,1,0.0814,0.645,0.0,0.92,0.586,79.435,3,sertanejo,0.4605199411647091,1,1
5pov3V37DnTkVV93lWgHqo,The Rolling Stones,Halloween Scary Party,Beast Of Burden - Remastered 1994,0,265173,False,0.784,0.879,1,-3.862,0,0.0308,0.39,0.000848,0.0426,0.893,100.622,4,british,0.3101310607255454,0,0
40gvh6jP5qxMJuMmF9lG9A,The Neighbourhood,Wiped Out!,Baby Came Home 2 / Valentines,71,390493,False,0.21,0.499,2,-9.754,0,0.0485,0.0687,0.00315,0.773,0.108,74.094,4,alternative,0.41936590949826874,0,1
2GoZDQ4qLyv6fLcvMG1uUX,Alvin & The Chipmunks;David Seville,Holiday Anthems 2022,The Chipmunk Song (Christmas Don't Be Late) - Remastered 1999,0,141026,False,0.609,0.434,3,-9.478,1,0.0353,0.711,1.17e-06,0.148,0.777,152.166,3,children,0.5415453474885222,1,1
3ZaVwJSC0N27MSi4p3AWuI,Robin Spielberg,With a Song in My Heart,With A Song in My Heart,20,261173,False,0.436,0.0216,3,-25.869,1,0.042,0.99,0.943,0.132,0.112,74.874,4,new-age,0.5684354584600059,1,1
3GoyKcksFtPVDuNbQnqWvU,The Birthday Massacre,Imagica,Under the Stairs,20,238906,False,0.46,0.851,0,-5.974,1,0.05,8.62e-05,0.629,0.0953,0.377,139.386,3,industrial,0.3239158056491681,0,0
3MxwkxdOyQxGjT3UeOqCEk,XXXTENTACION,Bad Boy Club,SAD!,0,166605,True,0.74,0.613,8,-4.88,1,0.145,0.258,0.00372,0.123,0.473,75.023,4,hip-hop,0.299781025413341,0,0
25JWyDp4DkZpRzChZKHiPw,ELLEGARDEN,ジターバグ,Cakes And Ale And Everlasting Laugh,36,184173,False,0.382,0.945,2,-2.897,1,0.067,0.000486,0.0,0.0481,0.314,154.96,4,emo,0.3026793005555187,0,0
4oGnq7NvS2HhXrY9wQTwws,John Archambault and David Plummer,Chicka Chicka Boom Boom Series Volume One - Old School Classics,I Love the Mountains,8,130253,False,0.556,0.284,2,-14.224,1,0.0377,0.967,2.13e-05,0.34,0.35,94.444,4,kids,0.5413010536196061,1,1
2hnNCZrc32WRuDDVy8jJKd,Pretenders,Cuddle Up Christmas,2000 Miles - 2007 Remaster,0,220426,False,0.292,0.709,7,-9.052,1,0.0303,0.00292,0.0267,0.102,0.452,99.303,3,folk,0.26202973584634803,0,0
6PrnqAkxifshpNad1rFk5t,Rufus Wainwright,Alternative Christmas 2022,Gay Messiah,0,194840,True,0.373,0.438,0,-9.214,1,0.0297,0.563,0.000109,0.355,0.411,139.331,3,piano,0.5860627592013303,1,1
1Tz0RmkyaEu4bCNFGKJqlk,Dan Gibson's Solitudes,Pachelbel in the Garden,Elegy,21,446657,False,0.279,0.175,2,-19.876,1,0.0375,0.953,0.563,0.902,0.109,120.543,4,new-age,0.7408854668221129,1,2
5nRtf8nAw1nN8raYZUVIvw,Veronica Maggio,Handen i fickan fast jag bryr mig,Bas gillar hörn,37,221893,False,0.67,0.449,5,-12.703,0,0.0304,0.419,0.0358,0.126,0.378,125.029,4,swedish,0.41318063108222314,0,1
0RCgQNZ5SAjPukI3OXquFN,gavn!,"Here, just for now",City of Angels,57,133972,False,0.548,0.548,0,-9.017,1,0.104,0.462,0.0,0.132,0.366,146.271,4,sad,0.4013767243125161,0,1
6p5px9kCJlTCybpWXHIcW3,Cem Karaca,Bindik Bir Alamete,Ölüm,33,407928,False,0.331,0.845,9,-5.827,0,0.108,0.0025,0.00097,0.109,0.573,159.753,4,psych-rock,0.47484913636987147,1,1
6WTMUBQXNEU2usO5aekg64,creamy;untrusted;11:11 Music Group,chandelier,chandelier,23,127908,False,0.407,0.736,2,-5.94,0,0.0404,0.0324,5.56e-05,0.136,0.348,130.443,3,chill,0.30785895291658893,0,0
1k5ikG1uA7sPMCKhKOocIo,Billy Joel,Live at Yankee Stadium,"Pressure - Live at Yankee Stadium, Bronx, NY - June 1990",35,321066,False,0.435,0.909,2,-5.69,1,0.0433,0.0736,0.00147,0.961,0.591,151.722,4,piano,0.38143393862890557,0,1
0QLc4flxwQVhYbNhW6PCMe,Kendo Kaponi,Kendo Edition,Te Ando Buscando,40,193548,True,0.746,0.762,1,-4.518,1,0.092,0.0981,0.0,0.282,0.761,91.976,4,latino,0.11530322565473985,0,0
6CKlCWBY885ja7Fz2EQjdE,Enjambre,Enjambre Y Los Huéspedes Del Orbe,Homografobia,45,161733,False,0.366,0.885,9,-5.235,1,0.046,0.0296,0.0872,0.0712,0.336,157.971,4,alt-rock,0.290920472481695,0,0
4zAEL7TeQ3bd3EeEajrTaF,Fred Mollin,Disney Lullaby & Goodnight,All Through the Night - Instrumental,31,211133,False,0.493,0.0757,9,-19.919,1,0.0313,0.895,0.563,0.115,0.298,75.009,4,disney,0.5587492929509196,1,1
2pLGsPKNR52B42vkKEC9tB,Icona Pop,Happy Commute,The City We Call Home,0,171306,False,0.588,0.606,2,-6.46,1,0.102,0.00786,7.33e-06,0.0679,0.536,155.067,4,electro,0.327045690483933,0,0
75NlWlulEE4ydy6ZGI50hd,The Beach Boys,Holidays Are Coming,Little Saint Nick - 1991 Remix,0,118840,False,0.602,0.553,11,-9.336,1,0.0328,0.108,0.0,0.0512,0.971,130.594,4,psych-rock,0.3341219337492539,0,0
1TD7UJAz4DyR3GuAgju5zU,Los Gardelitos,Oxigeno,Mezclas Raras,45,195266,False,0.645,0.764,9,-5.467,0,0.0378,0.00172,0.0,0.517,0.66,119.921,4,alt-rock,0.23937186484255107,0,0
7HP4mx8OmlscxGWlRgciSw,Trio Ayacucho,Como Siempre Con El Mayor Cariño,Huérfano Pajarillo,21,268120,False,0.732,0.569,7,-5.75,0,0.0856,0.706,3.96e-06,0.0794,0.684,111.525,3,guitar,0.39292496310439284,0,1
61J8L2XV5xyxKguKvPHr7p,Carlos Gardel,Carlos Gardel - Sus Mejores Tangos,El Día Que Me Quieras,17,206733,False,0.394,0.41,5,-6.779,0,0.0564,0.993,0.00437,0.226,0.492,101.432,3,tango,0.5898742195298118,1,1
7frumfCbPME9rnrbBB7qZ7,Ramones,Maintain Your Mojo,I Wanna Be Sedated,0,149466,False,0.598,0.96,11,-3.989,1,0.042,0.169,2.89e-05,0.105,0.937,163.011,4,punk-rock,0.3012860306282745,0,0
4t2Ow4sdp8p8OVfpu2e1Ey,Azucena Maizani;Nelly Omar;Orestes Cufaro,"Vintage Argentine Tangos (1928 - 1954), Vol. 2",La canción de Buenos Aires,20,165982,False,0.516,0.258,5,-10.737,1,0.0545,0.679,0.487,0.148,0.749,123.092,4,tango,0.4826405256742074,1,1
0b5L58Bor5ic69eJQVUcsb,Sebastian Yatra,Reggeaton Imperdible,Traicionera,4,230280,False,0.779,0.675,11,-4.976,1,0.0485,0.138,0.0,0.105,0.63,91.006,4,reggaeton,0.22971348997545787,0,0
5aTBi6b1nVAdJJYh6aCDXe,Milionário & José Rico,Volume 09 (Trilha Sonora do Filme - Estrada da Vida),Jogo do amor,47,195760,False,0.519,0.5,9,-3.557,1,0.0264,0.569,0.0,0.651,0.557,75.523,3,sertanejo,0.4758665776909843,1,1
0Jj3HijYvpp6UBVJeQPNQh,Justin Bieber,pov: it's 2020,Come Around Me,0,200773,False,0.648,0.681,2,-8.389,0,0.0379,0.263,0.00761,0.0971,0.766,157.944,4,pop,0.40437060824354554,0,1
22kRCQPyNXWZSQEcDvCmGD,Sachin-Jigar;Priya Saraiya;Jaideep Sahni,Shuddh Desi Romance,Gulabi,62,230661,False,0.673,0.663,4,-10.026,1,0.0446,0.0648,1.79e-05,0.117,0.678,124.002,4,hip-hop,0.20315686210666264,0,0
7JiA1Bf3Fnbwa4gelb1u50,Peter Wackel,"Saufen morgens, mittags, abends - Die Party",Ladioo - Arena-Hitmix,24,236026,False,0.499,0.989,11,-2.363,1,0.093,0.138,4.5e-06,0.433,0.196,137.008,4,party,0.3100339108273102,0,0
0wp6ckRomrGJq2fD2CFOQE,Daya;JVKE,Bad Girl (JVKE Remix),Bad Girl - JVKE Remix,69,166222,False,0.834,0.662,5,-6.179,1,0.0407,0.522,9.07e-05,0.14,0.718,115.999,4,house,0.2597762600970046,0,0
6cEnw857u8QoKNXvphv8W4,The Baseballs,Strike,Umbrella,27,187533,False,0.644,0.879,10,-3.716,1,0.0458,0.447,1.27e-06,0.127,0.926,106.056,4,rockabilly,0.29119821983253746,0,0
7hSnUKB7xmb8p7y3GFRz0s,Lisa Nilsson,Sånger om oss,Var är du min vän,40,194026,False,0.459,0.324,11,-10.872,1,0.0283,0.777,3.95e-06,0.112,0.641,143.231,4,j-pop,0.4490575168543666,0,1
1L0MHYXBxSZicrP3u59m0M,Zoe Wees,Autumn Vibes 2022,Control,0,230880,False,0.6,0.465,4,-4.951,1,0.0314,0.643,1.48e-06,0.149,0.0682,113.81,4,german,0.2716772235847501,0,0
4QIjnRz7NIkadIPXQyB3UY,Tinariwen,Africa Rising Vol.5,Cler Achel,0,267533,False,0.685,0.797,2,-5.372,1,0.0558,0.506,0.00935,0.069,0.926,98.612,4,guitar,0.4738298298972301,1,1
4eWUzMsIXvvsIk3ow18wty,Jason Ross;David Frank,Atlas,Ghost Town (feat. David Frank),34,212470,False,0.418,0.665,0,-5.951,0,0.0433,0.473,0.0,0.0994,0.44,170.161,4,dubstep,0.384782477643796,0,1
3AVyKOmMgvRjsC576xWw78,Paradis,Recto Verso,Toi Et Moi,60,220853,False,0.703,0.76,11,-7.308,0,0.0635,0.00412,0.761,0.111,0.608,113.01,4,french,0.17690679594597086,0,0
5VisQelF34HBjwUEE6piPj,Michael Stuart,Back To Da Barrio,Nadie Sabe,27,295586,False,0.775,0.874,5,-2.944,0,0.0582,0.479,0.0,0.131,0.968,97.03,4,salsa,0.35179457386696517,0,1
5fwRhPXAvGgzUxW62ZCvEg,Atif Aslam,Zeher,Woh Lamhe Woh Baatein,66,320040,False,0.465,0.822,8,-4.826,0,0.066,0.136,0.000442,0.0898,0.405,89.761,4,pop,0.24162795669400677,0,0
0JHnKrQAMmX3CONJ0t1d9q,Idlefon,Submarine,Conflict,0,365595,False,0.512,0.572,9,-10.531,0,0.03,0.354,0.961,0.0916,0.0521,119.988,4,iranian,0.3925058712684725,0,1
6zOuo4SQK5i50W7IqM3xFW,サザンオールスターズ,ピースとハイライト,ピースとハイライト,39,273303,False,0.579,0.915,9,-3.322,1,0.0353,0.136,0.0,0.0962,0.654,139.11,4,j-pop,0.2843327333787277,0,0
07CgSl5vWjcXMX4zYkbrLX,Irmã Kelly Patrícia;Padre Marcelo Rossi;Padre Fábio De Melo;Padre Reginaldo Manzotti;Padre Omar;Padre Juarez de Castro;Padre Gleuson Gomes,No Coração da Jornada,Tantum Ergo,43,314746,False,0.272,0.161,4,-13.479,1,0.0314,0.884,2.07e-05,0.12,0.221,102.972,5,brazil,0.5948418683282982,1,1
5N6zAExePGdU5s10LAoqMb,Fit For A King,Falling Through the Sky,Falling Through the Sky,55,261345,False,0.496,0.898,7,-4.676,1,0.0431,8.04e-05,0.0108,0.114,0.385,97.029,4,metalcore,0.2297498839905253,0,0
0gf9HMeZDXRexbuM5CihZg,Rammstein,"Reise, Reise",Morgenstern,52,239866,False,0.514,0.945,8,-4.833,1,0.105,0.00234,0.000158,0.0638,0.409,104.971,4,industrial,0.16213620544397783,0,0
0a4agFmqHXxcZl1nho1BxM,Blondie,Best Of Blondie,Heart Of Glass - Special Mix,69,275733,False,0.694,0.577,4,-14.63,1,0.0308,0.015,0.00836,0.0853,0.845,114.478,4,power-pop,0.14395585229257396,0,0
20McUFi8KCIVdNDLrkTDuZ,HVME,Goosebumps,Goosebumps,75,163208,True,0.767,0.659,1,-7.429,1,0.0444,0.325,0.0,0.13,0.439,124.946,4,house,0.19403149248253226,0,0
0KoiMHhqKLoL4xM54rcWYY,DJ Snake;Selena Gomez;Ozuna;Cardi B,Carte Blanche,"Taki Taki (feat. Selena Gomez, Ozuna & Cardi B)",73,212500,True,0.842,0.801,8,-4.167,0,0.228,0.157,4.82e-06,0.0642,0.617,95.881,4,electro,0.20542798181489483,0,0
5brs9JsOe5Dx0joPjr8zjN,Full Of Hell,Roots of Earth Are Consuming My Home,The Bed Is Burning,17,169680,False,0.204,0.933,7,-4.757,1,0.0575,1.82e-06,0.718,0.277,0.163,140.078,4,grindcore,0.316087207338163,0,0
4vaVOrCyqWKDosCS3Qr3mr,Batmobile,Bail set at $6M,Shoot shoot,26,204600,False,0.644,0.792,10,-10.694,0,0.0445,0.0062,0.000619,0.316,0.603,99.296,4,rockabilly,0.2235522272089976,0,0
1ChZ4mrSLP8HImCY6IyImf,Adam Christopher,Peaches (Acoustic),Peaches - Acoustic,55,190909,True,0.675,0.243,0,-13.392,1,0.0413,0.797,0.0,0.214,0.707,142.87,4,acoustic,0.445374489373645,0,1
1D403LgpMsSbJ1GGx7MHLy,The Louvin Brothers,Satan Is Real,The Kneeling Drunkard's Plea,23,173093,False,0.564,0.0564,10,-16.949,1,0.0344,0.744,0.0,0.107,0.484,126.274,3,bluegrass,0.5755626887287587,1,1
2OErSh4oVVAUll0vHxdr6p,The Smiths,The Queen Is Dead,Bigmouth Strikes Again - 2011 Remaster,70,193320,False,0.401,0.901,1,-5.011,0,0.041,0.0704,0.0,0.538,0.839,134.799,4,punk,0.27708364653773465,0,0
5SuOikwiRyPMVoIQDJUgSV,Gen Hoshino,Comedy,Comedy,73,230666,False,0.676,0.461,1,-6.746,0,0.143,0.0322,1.01e-06,0.358,0.715,87.917,4,j-pop,0.2573857343584399,0,0
27nGU2v3syK7aU3AVY2vUO,Cosmic Gate;Nathan Nicholson,Follow You Anywhere,Follow You Anywhere,45,244982,False,0.581,0.869,1,-6.7,0,0.0423,0.0564,0.0789,0.0792,0.0389,123.982,4,trance,0.29124666020635487,0,0
5wANPM4fQCJwkGd4rN57mH,Olivia Rodrigo,SOUR,drivers license,88,242013,True,0.561,0.431,10,-8.81,1,0.0578,0.768,1.42e-05,0.106,0.137,143.875,4,pop,0.37446207760762246,0,1
24Y8E5pBFXPoFsHOCGHw9i,K. S. Harisankar;Pragathi Band,Gathi,Kaantha,18,236441,False,0.571,0.608,2,-9.68,0,0.0345,0.155,0.000266,0.55,0.522,84.992,4,malay,0.3283065317019872,0,0
2fSTtvFRYcjF250vQfphEm,Dombresky;Crusy,Toolroom Amsterdam 2022,El Beso (feat. Mathieu Ruz),5,211547,False,0.653,0.962,10,-4.848,0,0.0454,0.000851,0.0168,0.411,0.611,125.97,4,groove,0.24271399476848105,0,0
7ejyUCWw9t9AbeOrCj5p7t,Matanza,Pior Cenário Possível,"O Que Está Feito, Está Feito",39,160626,False,0.404,0.979,9,-5.348,0,0.0551,0.00148,1.41e-05,0.0818,0.686,135.898,4,punk,0.2234799308768355,0,0
1X8ogY5IBc1deuzzhvFMer,Giuseppe Ottaviani;Mila Josef,Fade Away,Fade Away,47,261802,False,0.493,0.943,9,-8.548,1,0.0445,0.000502,0.221,0.107,0.0384,128.012,4,trance,0.20432563010331767,0,0
1NIyXiafPgyNBbuTV9fmwq,Mickie Krause,Karneval 2022 100%,Mich hat ein Engel geküsst,0,227026,False,0.527,0.993,9,-2.68,1,0.273,0.109,0.0,0.961,0.546,133.135,4,party,0.3450490336085634,0,0
5Agu3zY4uR1G4EMh17lXjC,Ravyn Lenae,New RnB,Sticky,0,196754,False,0.713,0.846,4,-6.712,0,0.0537,0.0339,0.000381,0.106,0.572,120.021,4,soul,0.23769935091861827,0,0
3FuOBnk7Xsglp7AIsHQVaA,Reiki Armonía,Música Relajante para Reiki - Canciones de Fondo Spa para Tratamiento Ayurvedico,Paz Mental,21,290999,False,0.0672,0.0903,9,-23.496,1,0.0401,0.97,0.977,0.093,0.0361,76.042,4,world-music,0.653650784603014,1,2
2c7bYMlhrYiZFn5Ywtk4PG,Malla 100 Alça,Vol. 3,Vamos Falar de Amor,40,246674,False,0.572,0.93,9,-1.472,1,0.0346,0.58,0.0,0.24,0.65,156.046,4,forro,0.22742516667986148,0,0
4hlOk1TUPU7RFOe7aFpk6Q,VNV Nation,Transnational,Everything,20,322573,False,0.489,0.871,0,-7.152,1,0.173,0.000615,0.000193,0.106,0.234,129.972,4,industrial,0.3027546658741863,0,0
0tuoMBC1JiGPcEgB70921u,NG2;Rubby Perez,Al Borde de la Locura,Yo Se Que Es Mentira (Feat Rubby Perez),27,291396,False,0.777,0.809,7,-3.719,0,0.0466,0.217,0.0,0.1,0.963,95.876,4,salsa,0.2601937375983278,0,0
36orMWv2PgvnzXsd5CJ0yL,Sam Feldt;RANI,Post Malone (feat. RANI) [Joe Stone Remix],Post Malone (feat. RANI),65,174444,False,0.59,0.642,7,-3.87,1,0.122,0.0771,0.0,0.105,0.651,107.356,4,edm,0.2205018815339463,0,0
03vN549znW8wt9fRCsR9B3,Mini Pop Kids,Mini Pop Kids 12,Shake It Off,10,219000,False,0.776,0.715,7,-7.877,1,0.128,0.00572,1.33e-06,0.272,0.961,160.018,4,kids,0.19994509000633093,0,0
4iKtfH3YYxonmuExAVuQgz,Novo Som,Um Dia a Mais,Voz do Coração,30,269212,False,0.534,0.574,10,-6.07,1,0.0283,0.0667,0.0,0.0832,0.188,140.006,4,groove,0.32468385742798106,0,0
4o7qQwLjPPwXNNSTax6yWr,Los Abuelos De La Nada,Rock x siempre,Lunes Por La Madrugada,0,194693,False,0.613,0.655,2,-9.229,1,0.0288,0.0206,1.16e-06,0.224,0.557,138.854,4,punk-rock,0.32522546096335264,0,0
1PG8orLQrHI2pUvcb9JfHY,Gabriel Guedes de Almeida,"Oh, Quão Lindo Esse Nome É","Oh, Quão Lindo Esse Nome É",45,246727,False,0.463,0.207,9,-13.791,1,0.0386,0.905,1.07e-05,0.0756,0.103,67.475,4,brazil,0.4950699070908305,1,1
4r4eTvYnjzyQnMpWei7Qgb,NTO,Apnea,Invisible,47,339760,False,0.536,0.58,1,-11.024,0,0.0522,0.111,0.881,0.104,0.0574,123.037,4,techno,0.25808992854801915,0,0
5warSyd6NxMCrXBFDZI72y,Kevi Jonny;Tierry,Dona Encrenca,Dona Encrenca,50,179748,False,0.677,0.455,0,-11.963,1,0.141,0.616,0.0,0.249,0.782,127.651,4,forro,0.4400548891705582,0,1
1UZ9ZpSAmq3YJqUMVRUQxV,3 Steps Ahead,Most Wanted and Mad,It's Delicious,24,399840,False,0.503,0.902,5,-6.962,1,0.0435,0.00262,0.0983,0.363,0.07,97.55,4,happy,0.32292070269137446,0,0
5bHzv7vwApROsBQFEqkZOP,Kibariye,Dört Mevsim,Buz,46,278569,False,0.59,0.679,7,-5.956,0,0.101,0.347,0.0,0.05,0.629,158.939,4,folk,0.2625543799160763,0,0
0OwkWUJHTcxJSxlprEGd9w,Detonautas Roque Clube,Detonautas Acústico,O Amanhã,49,211706,False,0.563,0.562,7,-8.621,0,0.0268,0.139,0.0,0.145,0.314,149.984,4,mpb,0.28242022848221127,0,0
5ZsAhuQ24mWHiduaxJqnhW,Ritviz,Ved,Udd Gaye,67,180413,False,0.595,0.817,11,-6.187,0,0.0474,0.000712,0.0386,0.142,0.483,144.961,4,indie-pop,0.2484344988909074,0,0
4j9rhFtGmjbOOHZ4g07rp8,Yuri Morfessi,Прощай Москва,Время изменится,0,192097,False,0.326,0.358,8,-9.673,0,0.0397,0.989,0.00827,0.358,0.364,145.27,3,romance,0.6372630228218551,1,2
5ONJ9mrQrCkO3G7LQi4wfE,Timmies;Mishaal,Misspoken,Girl How Will I Love You,48,99942,False,0.705,0.259,1,-8.796,1,0.374,0.398,5.63e-05,0.0571,0.502,172.476,4,sad,0.3505842351014504,0,1
1djh7DdNiRHdGFj5ils3BN,Rompasso,Angetenar,Angetenar,54,366031,False,0.819,0.583,0,-8.751,1,0.132,0.00422,0.536,0.387,0.0535,102.904,4,edm,0.1716583816896827,0,0
2Qp02T1oQPiqezbtkBEJ0n,Mara Lima,"Melhores Momentos, Vol. 4",Vaso de Alabastro,40,332068,False,0.428,0.576,2,-5.807,1,0.0398,0.769,0.0,0.211,0.339,153.566,4,gospel,0.5200593242020516,1,1
6cpbVrZueaJIklHRs9cGFI,Planet Hemp,Usuário,Phunky Buddha,39,170040,False,0.386,0.825,11,-8.881,1,0.277,0.00159,2.66e-06,0.641,0.253,188.962,3,punk-rock,0.37142052070951626,0,1
6vhOyWiOnO7EzxnXBllmkQ,Zwette;Tom Rosenthal,Go Solo (feat. Tom Rosenthal),Go Solo (feat. Tom Rosenthal),64,192893,False,0.783,0.557,1,-8.599,1,0.0275,0.641,0.0506,0.116,0.368,108.012,4,german,0.24836929229281735,0,0
5gk0dcTvWZGg7Tlq8PEfNe,Burna Boy;Stormzy,New RnB,Real Life,0,197933,True,0.594,0.568,0,-7.268,1,0.0701,0.147,4.01e-05,0.339,0.407,132.348,5,dancehall,0.3909631802663997,0,1
4sJAm5WXrKBycKF20bgEqB,Krewella,Be There,Be There,38,199755,False,0.583,0.729,6,-4.525,1,0.0314,0.0909,2.02e-05,0.367,0.318,144.994,4,dub,0.30346316457954653,0,0
51deRrAMZpS7LwjawgZucg,Shabareesh Varma,Yennum Yellow (Cheer Songs of Kerala Blasters),Va Varika Va - Kerala Blasters Cheer Song,22,107192,False,0.639,0.773,1,-7.819,0,0.0683,0.164,1.15e-05,0.101,0.58,129.973,4,malay,0.29261303584603565,0,0
34dKNAFLXzgWWutWgDtxxN,The Slingers,The Cruellest Cut,The Cruellest Cut,30,329645,False,0.69,0.651,0,-5.631,1,0.0238,0.0352,0.000429,0.164,0.542,105.005,4,garage,0.3235559424298493,0,0
61HGzMjSgcnQSBHc3Fehcn,Berlin,80s New Wave Hits,Metro (Re-Recorded),24,260786,False,0.471,0.893,4,-10.166,0,0.0329,0.000565,0.00055,0.0763,0.914,169.185,4,synth-pop,0.3229029113522641,0,0
3eqOaTqnyb0GEgv6JInG6W,6ix9ine;Anuel AA,DUMMY BOY,BEBE,72,217822,True,0.635,0.902,0,-3.559,1,0.109,0.172,0.0,0.125,0.285,102.062,4,emo,0.23374576056245636,0,0
0yGEOYpUwQfR3Bt6rPz4lK,Phil Coulter,Sea Of Tranquility,The Green Glens Of Antrim,23,185626,False,0.375,0.114,9,-21.846,1,0.0286,0.977,0.854,0.0863,0.21,136.684,4,new-age,0.6247508442890336,1,2
2YYiQ6CfPAAE9Wvj7u1dfA,Twinkle Twinkle Little Rock Star,Lullaby Versions of Disney Classics,Colors of the Wind (Pocohontas),29,201492,False,0.642,0.263,10,-18.23,0,0.0479,0.904,0.793,0.139,0.394,67.001,4,children,0.4949646238037192,1,1
16UQJHO164ZQ8W2y7O7Gp5,ALPHA 9;Scorz;Tom Bailey,ASOT 1090 - A State Of Trance Episode 1090,Calling (ASOT 1090),42,234729,False,0.568,0.888,5,-7.863,0,0.0536,0.000298,0.0842,0.119,0.05,126.03,4,trance,0.26185217593662763,0,0
028eHoODO39uXKd2UGYq4t,Area 11;Beckii Cruel,All the Lights in the Sky,Shi No Barado,26,318306,False,0.59,0.93,2,-3.522,1,0.0384,0.233,0.0,0.204,0.457,120.964,4,industrial,0.24150241884833695,0,0
66hayvUbTotekKU3H4ta1f,Jack Ü;Skrillex;Diplo;Justin Bieber,Skrillex and Diplo present Jack Ü,Where Are Ü Now (with Justin Bieber),74,250285,False,0.432,0.781,4,-4.038,0,0.0567,0.041,4.21e-06,0.0789,0.197,139.432,4,edm,0.26085028714419706,0,0
3V1NX0a5YesqBlhnX95saJ,Die jungen Zillertaler,Ernte 2k23,Bauerntanz,0,165480,False,0.628,0.978,5,-2.763,1,0.0585,0.0363,0.0103,0.474,0.959,120.068,4,party,0.3427849689564447,0,0
6AuSL7NGgAxlgCWnl7wjME,Alan Tam,首麟影視歌,誰可改變 - 電視劇《天師執位》主題曲,18,233666,False,0.307,0.314,5,-13.354,1,0.0289,0.722,0.00037,0.354,0.153,161.502,4,cantopop,0.4598921413701855,1,1
7dsFoAxXjAlvVOXhRkD4sb,Vicka,Como Eu Quero,Como Eu Quero,42,167717,False,0.786,0.639,0,-7.474,1,0.0265,0.122,0.000146,0.0992,0.584,121.014,4,mpb,0.26673707598972574,0,0
4tV6ku4jEYw9L5gZuNpCbP,Gammer;Darren Styles,DYSYLM,DYSYLM,57,176051,False,0.532,0.878,7,-3.933,0,0.215,0.0102,0.201,0.169,0.385,169.962,4,techno,0.2353970106347793,0,0
0FBzoIIRHpb81roPMjpkBX,One True God,Afterlife,Afterlife,37,173114,False,0.702,0.741,5,-6.332,0,0.0296,0.0237,0.678,0.104,0.271,122.006,4,club,0.3274513606186514,0,0
5YkqiihRgtTwNq3kMr5TiK,BCee;Charlotte Haining;S.P.Y,Life as We Knew It,Remind Me - S.P.Y Remix,16,276279,False,0.535,0.842,10,-4.281,0,0.0474,0.00405,0.232,0.283,0.106,172.025,4,drum-and-bass,0.29230714229096816,0,0
3N6kzbnfpTPB5J9NAGc1rU,Super Simple Songs,Twinkle Twinkle Little Star & More Kids Songs,Twinkle Twinkle Little Star,69,152691,False,0.696,0.227,1,-11.763,1,0.042,0.866,1.25e-05,0.0794,0.284,87.88,4,children,0.5449725458756073,1,1
2tKXrorgfX5RzIyuHlv8Dn,Drumattic Twins,Heads Up High / 8-Track,8-Track,14,175145,False,0.677,0.931,1,-2.038,1,0.0491,0.000879,0.892,0.0137,0.962,131.941,4,breakbeat,0.22371663517163434,0,0
1g7gghb3Ep48Uyhso3m6gf,Loess,Wind and Water,Creshiem,8,453373,False,0.372,0.36,6,-16.556,1,0.0433,0.888,0.884,0.189,0.0429,139.51,4,idm,0.6045560509763612,1,2
5orygsZ5Ga0jEOvftsXqw2,The Who,"Meaty, Beaty, Big And Bouncy",The Seeker - Edit,63,190373,False,0.318,0.657,2,-11.829,1,0.0358,0.101,3.01e-06,0.144,0.753,177.477,4,british,0.4712886665699779,1,1
09a0g18Z1CTgr8HdcJ4W8W,Drexciya,Journey of the Deep Sea Dweller I,Lardossen Funk,12,236439,False,0.803,0.88,1,-11.034,1,0.0685,6.02e-06,0.588,0.0463,0.359,129.923,4,detroit-techno,0.1933911940381504,0,0
7HQb4hccUNRrB7tqQht0MH,Los Prisioneros,Rock un sentimiento vol. I,Tren Al Sur,0,336933,False,0.676,0.67,9,-7.218,0,0.051,0.00565,0.00676,0.0805,0.725,90.232,4,latin,0.27691774189247714,0,0
4W11ykVxHguZTyd30ckgLh,Felix Rösch,Piano,Berceuse,51,127147,False,0.222,0.0285,0,-28.619,0,0.0352,0.99,0.867,0.163,0.152,79.693,1,ambient,0.6219534132259016,1,2
5MAM4PXb95MPl2JWSlMI6L,Rootkit;Anna Yvette,Against The Sun,Against The Sun,50,212288,False,0.325,0.663,11,-5.869,0,0.074,0.0313,0.0101,0.0737,0.147,174.04,4,dub,0.36922662261046885,0,1
074NgeLzrXD9hQ5O3iNIcY,ONE OK ROCK,Rock Brandneu,Save Yourself,1,197995,False,0.503,0.849,5,-2.709,1,0.0615,0.00428,0.0,0.0667,0.762,165.096,4,k-pop,0.2756462865090282,0,0
4QAf9weI18Ox8pArQknC8f,Hardwell;W&W;Fatman Scoop,United We Are,Don't Stop The Madness,40,225230,False,0.686,0.903,7,-4.604,1,0.171,0.000788,0.00255,0.2,0.0391,129.998,4,progressive-house,0.2671773003131186,0,0
5Gy67YHzPZTk9Q0D73LAGH,Jeet Gannguli;Arijit Singh,"Khamoshiyan (From ""Khamoshiyan"")","Khamoshiyan (From ""Khamoshiyan"")",63,335709,False,0.524,0.52,2,-6.838,0,0.0272,0.643,0.0,0.158,0.259,143.885,3,pop-film,0.35710946215715594,0,1
3O2hyG9su893phbDNmn5yu,Peter Gregson;Daniel Pioro;Grace Davidson;Clara Sanabras;Hannah Cooke,Classical Christmas,Taladh Chriosta,0,201651,False,0.0877,0.0452,4,-22.712,0,0.0431,0.988,0.936,0.109,0.0353,85.425,4,ambient,0.7054210913994926,1,2
092PSCM3LlkiCatgTN0vrU,D'banj,King Don Come,Oliver Twist,51,237453,False,0.83,0.881,8,-5.706,1,0.0699,0.429,7.25e-06,0.126,0.866,125.021,4,dancehall,0.23496419098469723,0,0
1hBdAohS9PQAmIOGe98SbL,Bayside,Vacancy,Two Letters,34,245946,False,0.424,0.96,7,-4.13,0,0.14,0.00101,0.0,0.0935,0.412,165.046,4,hardcore,0.20549952405626615,0,0
17LZRfiDunm1oQt6a1CXLw,Die Cappuccinos,Krasse Zeit,Boom Boom Bailando,31,177759,False,0.699,0.847,0,-3.743,1,0.0555,0.253,0.0,0.491,0.962,121.973,4,disco,0.3688555846330183,0,1
5IDp1BzLcYV4s5yEHBOnuY,Nat King Cole,Heilig Abend,O Tannenbaum - Remastered 1999,0,180200,False,0.25,0.228,3,-14.186,1,0.0364,0.811,0.000166,0.199,0.198,90.001,4,jazz,0.6375544547373868,1,2
0MbQNJzr6ysEjjPbL75E4f,"Tito ""El Bambino"";Randy",Última Misión Reggaeton,Siente El Boom,0,188733,False,0.804,0.745,4,-5.805,0,0.0744,0.112,0.0,0.0925,0.512,95.024,4,reggaeton,0.33182840860219986,0,0
2Y0iGXY6m6immVb2ktbseM,MGMT,Little Dark Age,Little Dark Age,83,299960,False,0.705,0.712,6,-6.156,1,0.0385,0.0102,0.000855,0.1,0.62,97.512,4,alternative,0.11182131513847673,0,0
5d0CEohvmvqcizfc0cXn1t,Wage War,Manic,Manic,62,164666,False,0.472,0.872,2,-5.244,1,0.0987,0.00328,0.00254,0.212,0.328,180.053,4,metalcore,0.3069802996844638,0,0
1IOqDpre0XvOYSmnDN3Vvc,Lörihen,Aún Sigo Latiendo,Solo Tus Ojos,21,384549,False,0.471,0.894,10,-6.373,0,0.0457,0.00175,0.0,0.363,0.253,115.043,4,heavy-metal,0.23015841899686218,0,0
2uqUDXhP1CQ8BfKcuk8AV6,Clean Bandit;Sean Paul;Anne-Marie,Feeling Good,Rockabye,1,250456,True,0.724,0.759,9,-3.996,0,0.0544,0.411,0.0,0.437,0.765,101.943,4,house,0.35279772689688466,0,1
4QQ9nLdsPP9Ts02bbMpLxj,Mara Lima,"Melhores Momentos, Vol. 4",Daniel,39,386899,False,0.399,0.705,4,-4.104,1,0.0413,0.479,0.0,0.353,0.447,110.301,4,gospel,0.49638386199002044,1,1
5EOwnW8B5tPuwy036UnDnb,Earth n Days;Mattei & Omich,Selection ADE 2022,Wait A Minute - Mattei & Omich Remix,0,214000,False,0.698,0.939,9,-4.707,0,0.0542,0.000469,0.912,0.26,0.787,123.993,4,disco,0.24808823732166949,0,0
31KJUFg7UUeKBnl9udTHaZ,Lena,Mega Hits Autumn/Fall 2022,Looking For Love,2,159255,False,0.787,0.701,1,-7.073,0,0.0448,0.251,9.02e-05,0.114,0.545,112.048,4,german,0.2089327458066594,0,0
0XCm6GKaDufW9S1LPNOUnI,The BREED,Sunday Vibe,Sunday Vibe,57,100038,False,0.67,0.456,5,-10.751,0,0.0673,0.279,0.895,0.0984,0.589,80.974,4,jazz,0.2629563540612825,0,0
7MMUmuPiGgSl95eTLgBfNS,Rygin King,Ruption,Ruption,25,184632,True,0.656,0.873,1,-4.566,1,0.384,0.511,0.0,0.176,0.755,91.187,4,j-dance,0.34495055624217547,0,0
4PlkeOWaeaS9e0R2DvZUgc,Ozuna;El Cherry Scom,OzuTochi,Perreo y Dembow,58,162026,False,0.913,0.722,7,-2.949,1,0.0576,0.0171,0.0978,0.139,0.545,110.015,4,latino,0.16204990267714492,0,0
5bzSQWaQq0AKxaMbuwLxwv,ClubDub;Mambakid,clubdub ungir snillar,frikki dór 2012,34,175250,False,0.841,0.692,0,-5.23,1,0.318,0.134,0.0,0.146,0.692,123.97,4,electronic,0.22977351386494324,0,0
12pqBmaTHiXMGWklj8XUbu,Alfredo De Angelis;Orquesta de Alfredo De Angelis,Los 25 Mejores Tangos,Caminito,25,174306,False,0.672,0.201,5,-10.615,1,0.0356,0.647,0.0148,0.0413,0.68,119.534,4,tango,0.37085277962337126,0,1
3C8UT7tms0t0CGaW3q5dvB,Carlos Gardel,"Essential Classics, Vol. 9: Carlos Gardel (Remastered 2022)",Silencio (Remastered 2022),17,161732,False,0.726,0.125,11,-11.751,0,0.143,0.983,0.0,0.183,0.486,115.526,4,tango,0.4840326903018092,1,1
6MDn6t4CdUjVaqv7XB1sd4,Anaal Nathrakh,Vanitas,Feeding The Beast,14,299106,True,0.281,0.774,6,-1.572,1,0.109,5.3e-06,0.953,0.348,0.151,125.022,4,grindcore,0.4237638278841572,0,1
2bunTwJC1dEXmQtByVpJht,Los Tecolines,Serenata con Los Tecolines,Cerezo rosa,22,183653,False,0.789,0.478,5,-10.938,1,0.0409,0.629,0.0,0.154,0.824,125.474,4,guitar,0.3415152895089787,0,0
2DSyDpxxlaKSM4CHRBGYXk,Everything But The Girl,Idlewild,Goodbye Sunday,18,240133,False,0.704,0.63,2,-12.876,0,0.0408,0.473,7.78e-06,0.129,0.721,90.309,4,trip-hop,0.36193636711542765,0,1
5ydMCvT5Wg5PFKWB5phKZe,Imagine Dragons,Fiesta de disfraces vol. II,Thunder,0,187146,False,0.601,0.824,0,-4.757,1,0.0474,0.00866,0.173,0.155,0.246,167.965,4,rock,0.22792190189252712,0,0
4pBykn8eWxl3O9JvIHZXj4,Armin van Buuren;Vini Vici;Alok;Zafrir,United,United,50,217391,False,0.643,0.957,1,-5.026,1,0.0892,0.0565,0.841,0.0763,0.281,138.073,4,trance,0.19387302966700873,0,0
4XZOsm9rbFcjGMqTDhJE9k,Rosa de Saron,Acústico e Ao Vivo 2/3,O Sol da Meia-Noite - Ao Vivo,41,370013,False,0.251,0.9,2,-5.202,1,0.0486,0.0831,5.26e-06,0.802,0.274,156.445,4,gospel,0.49700887474168876,1,1
0pSXxKWtVz7SX343vVGNAI,Marshall Jefferson;Curtis McClain;Director's Cut,The House Music Anthem (Move Your Body) [feat. Curtis McClain] [Remix Project],Move Your Body - Director's Cut Retro Signature Mix,19,535680,False,0.748,0.892,4,-8.088,0,0.044,0.00508,0.0617,0.326,0.739,124.999,4,chicago-house,0.19388249439774957,0,0
7K636EDCVdL1i8ACnbI4le,Silent Knights,Shhhhh For Baby Sleep,Shhhh 1,60,203697,False,0.32,0.554,1,-19.622,1,0.0589,0.914,0.000185,0.902,0.0257,150.411,1,sleep,0.6211315346881038,1,2
4ZZSDzZtFbLb9pKfQR03PP,Kishore Kumar;R. D. Burman,Legends - Kishore - The Prodigy Vol 3,Kishore Kumar Speaks And O Mere Dil Ke Chain Film - Mere Jeevan Saathi,59,274038,False,0.421,0.472,7,-11.597,1,0.0364,0.873,0.0,0.376,0.604,109.067,4,pop-film,0.5236993253526373,1,1
4N3bkmxFELN6Q4yTOImxhW,Vegas (Brazil),Tempoo,Tiempow,39,356571,False,0.65,0.755,2,-7.003,1,0.0455,0.0144,0.777,0.0992,0.0652,140.018,4,trance,0.21589088194435452,0,0
304HbZEKcHYZyBkG5GhjD6,Ilkae,Pistachio Island,Pear Vale,10,97133,False,0.811,0.292,9,-16.817,0,0.0925,0.884,0.9,0.118,0.507,112.061,1,idm,0.48013225644390867,1,1
0rLLKtog5Bc0XoGRnYOZ19,Balsam Range,Richest Man,Richest Man,23,182326,False,0.617,0.715,11,-7.17,1,0.0375,0.087,0.000306,0.227,0.825,120.027,4,bluegrass,0.3319339715635091,0,0
7jU7bkSuD3q3D40ogwlhgE,The Bobbettes,Mr. Lee: The Best of the Bobbettes,Mr. Lee,36,135573,False,0.493,0.602,5,-9.836,1,0.334,0.607,1.82e-06,0.122,0.872,203.334,4,blues,0.44307206216868017,0,1
0HhDrzhTf9e4qpacpDEbiW,Paul Cardall,Primary Worship,Oh what do you do in the Summertime,29,172186,False,0.301,0.199,7,-17.741,1,0.0437,0.985,0.924,0.135,0.156,111.134,1,piano,0.5513041976968959,1,1
31cBOSlykfEsNuVhpzm535,Hugo TSR,Fenêtre Sur Rue,Point Final,37,402071,False,0.731,0.925,2,-7.37,1,0.599,0.294,0.0,0.23,0.111,97.03,4,french,0.3574965864764011,0,1
0h9SkgqZV9PB04Qnqgz3hZ,Colin Donnell,Songs for a New World (New York City Center 2018 Encores! Off-Center Cast Recording),She Cries,22,307653,False,0.425,0.543,5,-8.742,1,0.0508,0.596,0.0,0.274,0.483,77.122,4,show-tunes,0.4358499672666065,0,1
04fYoQSUTfPhVjyW8aXkix,Yuvan Shankar Raja;Roshini;Priya Hemesh;Divya Vijay,Theeratha Vilayaatu Pillai (Original Motion Picture Soundtrack),En Jannal Vandha,56,283480,False,0.69,0.654,1,-4.726,1,0.203,0.0706,0.000561,0.0251,0.624,124.983,4,k-pop,0.2733630981526152,0,0
0ivAXyBo7oud7Xkffq4aLG,Royal Blood,Here to Forever - All New Indie,Trouble's Coming,0,228400,False,0.767,0.694,1,-5.059,0,0.0384,0.0629,0.0,0.32,0.78,112.012,4,garage,0.23640848828937855,0,0
7cS8Z27XiJmHQfi7f2jKBZ,Fattaru;Henok,Fatta Eld,Mina Hundar,35,230800,False,0.843,0.715,11,-7.518,0,0.193,0.154,0.0,0.0456,0.951,155.972,4,swedish,0.17912842461806813,0,0
4KtgvmeeJ83iRxHc9QrBmf,Elvis Presley,ELVIS (Original Motion Picture Soundtrack),Suspicious Minds (Film Edit),59,377586,False,0.284,0.801,7,-9.981,1,0.0639,0.000687,0.00326,0.888,0.521,136.943,4,rock-n-roll,0.4677116318452258,1,1
0Tjdbd83LEAWrA0atsXMDJ,The Everly Brothers,Best Of The Everly Brothers - Rare Solo Classics,Let It Be Me,58,146733,False,0.471,0.19,7,-16.046,1,0.028,0.77,0.00385,0.129,0.305,72.764,4,rock-n-roll,0.5668686220810818,1,1
5pPzzsa9g8Y4GU1qOlkSvm,Maria Bethânia,Noturno,Bar da Noite,40,126557,False,0.489,0.0263,0,-19.273,1,0.05,0.872,0.0,0.128,0.174,87.962,4,mpb,0.5200589692200562,1,1
47MtUiBYZmxs9bdqN62KuQ,Lars Winnerbäck,Granit och morän,Sysselmannen,44,219933,False,0.541,0.633,0,-7.218,1,0.0273,0.0884,1.47e-05,0.163,0.613,133.888,4,swedish,0.36993609836955826,0,1
61202Zzk9rk4bPMZLh2gr6,Allman Brothers Band,Fiesta temática 60s,Trouble No More,0,227751,False,0.556,0.567,9,-11.426,0,0.0333,0.0577,0.00144,0.0907,0.856,141.348,4,hard-rock,0.3358706824871812,0,0
4EoNrE75AtcCC6RgbNOqBB,Troublemakers,1995-2000,Staden Göteborg,36,117258,False,0.418,0.93,2,-7.251,1,0.0489,9.85e-06,0.000106,0.525,0.592,110.707,4,swedish,0.31405347612831697,0,0
6eyrDurDCi6nI8FSWGnRUn,Tre Oh Fie,Give It 2 Em,Give It 2 Em,43,118450,False,0.637,0.895,1,-9.268,0,0.0788,0.00486,0.0141,0.225,0.587,150.018,4,club,0.16897792964589717,0,0
4eZDDzIhHupgaYgKKAUQPx,Kapanga,Todoterreno,Miro de Atrás,43,247759,False,0.544,0.81,9,-5.871,1,0.0347,0.000656,2.63e-05,0.206,0.944,159.989,4,ska,0.2145985248562996,0,0
40KeMi4kkYpAlT1VmjrxDb,Breakestra,Dusk Till Dawn,Get It Right,21,192013,False,0.743,0.962,6,-3.922,0,0.0508,0.127,2.65e-05,0.321,0.872,108.602,4,afrobeat,0.23784033489045506,0,0
7bl8qstk4K7d1wkbDmNnZL,Afroman;Yung Fate;DJLeach;Jake Strain,420,420,45,312058,True,0.848,0.482,1,-10.555,0,0.0975,0.547,0.0022,0.108,0.783,120.008,4,comedy,0.37725510148619606,0,1
4y1KB0U6LsuWLKiZgtq5ky,Kvaen;Pierre Törnkvist,The Funeral Pyre,Yee Naaldlooshii,16,273261,True,0.345,0.593,5,-6.686,1,0.0544,2.99e-05,0.955,0.556,0.182,99.929,4,black-metal,0.42518126393433275,0,1
5lKeJIU0KnJZEF2FE76B3y,Samael,Telepath,Telepath,16,215480,False,0.518,0.971,2,-3.296,1,0.118,0.00266,0.00191,0.0735,0.304,145.811,4,black-metal,0.2516415293639113,0,0
2vIRbUh95ZbEVXxhIwpV9t,Matthias Reim;Michelle,All the Best,Idiot,32,225880,False,0.742,0.923,0,-4.284,1,0.0602,0.183,0.00171,0.18,0.687,135.981,4,party,0.20211573089182486,0,0
0sfQW9kNtzBfFBCpN1p3c0,J Balvin,Esto me suena a Farra,Ginza,2,171093,False,0.749,0.815,5,-6.381,0,0.083,0.228,0.00117,0.0838,0.866,102.218,4,reggaeton,0.18482916414784112,0,0
48xmeRtNViFzlFSeboVeVX,Kyoko Koizumi,The Stardust Memory,The Stardust Memory,33,232991,False,0.623,0.698,3,-5.808,1,0.0271,0.0244,0.000168,0.355,0.502,143.318,4,techno,0.2664305643580492,0,0
0ZWW07BD8W85lUbgx2sn7E,Ben Platt,Dear Evan Hansen (Original Broadway Cast Recording),For Forever,60,301013,False,0.371,0.457,5,-7.674,1,0.0407,0.222,0.0,0.0882,0.166,96.269,4,show-tunes,0.4193448194211516,0,1
0JS0AEmlz20lugs6G10mYy,D-Block & S-te-Fan,D-Block & S-te-Fan - From The Hard EP,From the Hard - Original Mix,22,257600,False,0.441,0.899,9,-6.544,0,0.0301,0.287,0.302,0.29,0.275,149.965,4,hardstyle,0.3922312424249416,0,1
49h9lUseWMnzyU0W8E40mP,Calcinha Preta;Gusttavo Lima,"CP 25 Anos, Pt. 1 (Ao Vivo)",Um Degrau na Escada - Ao Vivo,47,251061,False,0.499,0.92,4,-4.095,1,0.0678,0.274,0.0,0.42,0.401,170.011,4,sertanejo,0.29294052363701095,0,0
5mk76DcUc1oQqOgcczreKB,Fern.,Want U Bad,Want U Bad,61,222000,False,0.469,0.315,6,-15.836,1,0.0496,0.871,0.000184,0.111,0.353,79.947,4,chill,0.5298705905523384,1,1
7pUetcOlkN6UEGvYfVQVim,PassCode,Ray,UNTILL THE DAWN,21,207000,False,0.522,0.988,5,-2.122,0,0.105,0.000467,0.00525,0.52,0.481,104.99,4,j-idol,0.23117106905072904,0,0
0l8p1TkaVgcwIUS0xwm6Y5,Haley Joelle,Two Places at Once (Part I),Two Places at Once,65,199395,False,0.497,0.278,2,-9.959,1,0.0464,0.792,0.0,0.308,0.237,104.84,5,singer-songwriter,0.5758548061741865,1,1
7lKhxWhv5sPG9MBaDfdJL7,Lumi Couri,Taivas,Taivas,60,144121,False,0.175,0.00428,11,-34.648,1,0.0412,0.971,0.946,0.104,0.0744,73.285,1,sleep,0.6272753119290649,1,2
3RDDPTFuikYlu0A4OXCCkl,Nicolas Candido,Hoje Caminhei,Hoje Caminhei,42,160171,False,0.603,0.326,10,-12.698,0,0.0801,0.318,0.00113,0.0859,0.49,104.41,4,mpb,0.3534136701908265,0,1
1bgKMxPQU7JIZEhNsM1vFs,Alesso;Zara Larsson,Words (feat. Zara Larsson),Words (feat. Zara Larsson),85,142677,False,0.739,0.586,10,-5.079,0,0.0472,0.0245,0.000252,0.308,0.444,124.026,4,house,0.1581214472323436,0,0
6JKLSrYx0XR3ayYWggoPNV,Mon A Q,Stay in Love,Stay in Love - Dance Radio Mix,32,294413,False,0.702,0.715,0,-5.966,1,0.0309,0.077,7.71e-06,0.189,0.556,129.987,4,deep-house,0.25598934681308694,0,0
3q5dbqhPz4ALLeyDKaqsE4,HANA,不能放手,說過放下 - 電視劇《錦繡南歌》主題曲,20,230613,False,0.591,0.329,11,-10.682,0,0.0312,0.65,0.0,0.117,0.313,109.955,4,cantopop,0.43671937688558565,0,1
71HcKKNwvQ8Jv6lbBEi4oO,Yiordano Ignacio,El Nene Con el Flow,Berraqueo,46,187063,False,0.9,0.655,10,-7.259,0,0.0746,0.346,0.0,0.104,0.885,96.032,4,reggae,0.2258109632423182,0,0
3yw1L1o8ImB9YP9te0WRu8,Malena Muyala;Fabián Marquisio,Paisaje,Paisaje,28,223793,False,0.485,0.22,4,-12.198,0,0.0412,0.858,1.98e-06,0.089,0.449,161.291,1,tango,0.4755244719993744,1,1
116H0KvKr2Zl4RPuVBruDO,Bad Bunny;Drake,MIA (feat. Drake),MIA (feat. Drake),79,210367,False,0.817,0.539,6,-6.349,0,0.0621,0.0141,0.000496,0.099,0.158,97.062,4,latino,0.20399972340799558,0,0
38dIniBkVzA7vdrLRY0cEZ,Felix Jaehn;Zoe Wees,Night Drive Autumn/Winter 2022/23,Do It Better,0,170045,False,0.677,0.804,1,-5.337,0,0.0677,0.0818,1.92e-05,0.158,0.41,122.111,4,german,0.3227798423013377,0,0
2eaQufLpyjCrVIVny7tjaD,Celtic Woman,Emerald: Musical Gems,Mo Ghile Mear,28,256826,False,0.393,0.438,7,-9.421,1,0.0398,0.648,0.0,0.3,0.496,130.003,4,opera,0.5186987472795422,1,1
5Qf3XVlVIL9lFu8oaxHlE8,Terrence Mann;Tuck Everlasting Original Broadway Cast Ensemble,Tuck Everlasting (Original Broadway Cast Recording),Join the Parade,24,38760,False,0.634,0.804,0,-6.663,1,0.172,0.482,0.0,0.237,0.318,144.938,4,show-tunes,0.38684038468824566,0,1
7aoJALsQuyzF9KnkO7AwXf,James Brown;The Original J.B.s,Disco Boogie Mood,"Get Up I Feel Like Being Like A Sex Machine, Pts. 1 & 2",1,316004,False,0.793,0.783,10,-5.088,0,0.0637,0.113,1.26e-05,0.305,0.798,108.332,4,funk,0.276022265760489,0,0
0pS25QJ0g83B2OIu9je81g,Ella Fitzgerald,Santa Claus Is Coming To Town,Rudolph The Red-Nosed Reindeer,0,171773,False,0.596,0.315,8,-9.175,1,0.0428,0.961,0.0,0.258,0.64,119.935,4,jazz,0.5703860956974354,1,1
380vyl9xb7um0l5qIYyWeC,Luca;Joel Stewart,Overflow (feat. Joel Stewart),Overflow - feat. Joel Stewart,53,142105,False,0.603,0.421,9,-10.646,1,0.0493,0.567,5.58e-05,0.0757,0.242,114.093,4,french,0.36287595638296233,0,1
3yQeMeo2fQp6zI5pWi3kY7,Sarah Oliveira,Sarah,Dependente,28,125000,False,0.537,0.46,1,-5.791,0,0.0296,0.419,0.0,0.232,0.154,133.957,4,groove,0.41366560582385564,0,1
6TClJ8jXi3OBV7gcrU3jx5,AP Dhillon;Gurinder Gill,HIDDEN GEMS,TERE TE,75,114418,False,0.692,0.488,7,-10.96,0,0.135,0.0508,0.0,0.154,0.299,171.9,4,hip-hop,0.21632975494386494,0,0
1i6N76fftMZhijOzFQ5ZtL,Talking Heads,Talking Heads '77 (Deluxe Version),Psycho Killer - 2005 Remaster,78,261413,False,0.721,0.521,2,-8.123,1,0.0613,0.0708,0.00545,0.127,0.942,123.118,4,funk,0.13954688976463914,0,0
1MPZ13x66SyV4Ie992QNB9,The Agonist,Lullabies For The Dormant Mind,Globus Hystericus,21,221200,False,0.497,0.991,9,-3.14,1,0.199,0.000242,0.0534,0.286,0.284,154.983,4,death-metal,0.3275361019177674,0,0
0ZEigpVOtVunIcimL7dJuh,Katatonia,The Great Cold Distance,My Twin,49,221066,True,0.419,0.83,5,-6.707,0,0.0313,0.00249,0.00721,0.286,0.386,95.001,4,goth,0.2369434664594655,0,0
0GkNX9XymFBHNR5TelQbD4,Mantu Chhuria;Aseema Panda,Tu Mora Habulo Mama,Tu Mora Habulo Mama,29,217297,False,0.719,0.961,10,-2.925,0,0.223,0.206,0.0,0.0287,0.578,147.958,4,samba,0.2342547320428318,0,0
6boUblHda4QDKSGAM8wrxP,Dhanush,Pattas,Chill Bro,44,239989,False,0.73,0.904,7,-4.223,1,0.247,0.18,0.000348,0.121,0.464,160.07,4,k-pop,0.3062621296274446,0,0
5N1bKDzbdCKnReop9O2YEG,LOZAREENA,Face2,Face2,43,221600,False,0.647,0.856,7,-4.402,1,0.13,0.0882,0.0,0.0722,0.543,86.723,3,j-dance,0.29379109488661886,0,0
4kFnQ7jcMoT12WJgkUP3vJ,Barns Courtney,Helloween Party,Hellfire,0,168853,False,0.529,0.846,4,-5.513,0,0.0483,0.244,0.0,0.205,0.69,93.979,4,alternative,0.46070449583394457,1,1
4vK1rDzhj0ykyqiZnq4Wjj,Plastikman;Richie Hawtin,PK,PK,7,601053,False,0.564,0.159,11,-21.46,0,0.0309,0.000189,0.947,0.11,0.0971,122.866,5,detroit-techno,0.43307288274258415,0,1
5Hup9929IAMtVWPWcwMtu4,Tomas Ledin,Tillfälligheternas spel,En dag på stranden,39,258493,False,0.813,0.482,1,-11.19,0,0.0327,0.0878,0.000167,0.0824,0.886,113.961,4,swedish,0.20710444634809172,0,0
1XGsEVaoYosgzQNUQrXyUb,Marshmello;Bastille,10's Music Grandi Successi,Happier,1,214289,False,0.687,0.792,5,-2.749,1,0.0452,0.191,0.0,0.167,0.671,100.011,4,dance,0.22381654275448276,0,0
4ve9p2wRIRnwM7bbFHmtZG,Raghu Dixit,Just Maath Maathali,Just Maath Maathali,51,156368,False,0.688,0.492,5,-8.459,1,0.0256,0.492,0.000227,0.147,0.638,107.918,4,folk,0.3390705423586107,0,0
3GXfmj8VI55reLE5aLl1sK,David Guetta;MistaJam;John Newman,Feeling Good,If You Really Love Me (How Will I Know),0,184390,False,0.692,0.883,7,-4.698,1,0.0582,0.0512,0.0,0.228,0.614,122.984,4,edm,0.19626108538638343,0,0
08OjvLnGR3M0HUhcePeMNO,Andrew Foy;Renee Foy,death bed (coffee for your head),death bed (coffee for your head),47,112008,False,0.565,0.0392,1,-28.276,1,0.045,0.835,0.183,0.117,0.601,125.399,4,guitar,0.48379659754543786,1,1
48EbR611N6JyaJtzM3M63U,George Ogilvie,October,October,55,307401,False,0.685,0.53,5,-7.25,1,0.0325,0.574,0.0,0.0845,0.19,117.985,4,british,0.35394049087426027,0,1
2KrlbSCJFfjdpqWeawARMz,Regain,Out of Bounds,Dominate,22,194870,False,0.574,0.935,6,-2.174,0,0.412,0.0598,0.00974,0.53,0.322,154.887,4,hardstyle,0.2696759665922852,0,0
2H22I5b5ZWbDEWACE9setp,Casuarina,Roda de Samba do Casuarina e Convidados,Minha filosofia,44,230426,False,0.472,0.648,6,-8.886,0,0.0366,0.609,0.00501,0.696,0.542,85.305,4,pagode,0.48740161220992223,1,1
7MCnFTgjTZgzezR6EzMH8q,Jim Florentine;Don Jamieson,Terrorizing Telemarketers 7,"Unethical, Pt. 2",22,126409,False,0.589,0.781,11,-11.996,1,0.932,0.987,1.16e-06,0.417,0.456,72.268,3,comedy,0.6740267080511685,1,2
0pNC2MAeFjea9qWOfGhtbi,aswekeepsearching,Rooh,Rooh,31,250810,False,0.537,0.69,1,-8.29,1,0.04,0.0504,0.0185,0.109,0.205,120.035,4,ambient,0.3386695594292398,0,0
6phmKeRhJUsiSBJgMkgjg8,N.W.A.,Efil4zaggin,Alwayz Into Somethin',60,264960,True,0.709,0.874,7,-4.522,1,0.193,0.0114,0.0,0.213,0.832,88.546,4,hardcore,0.1742683521605066,0,0
07ImPoPqKNwqucuPEZooBj,SLANDER;Au5;shYbeast;PLYA,"Anywhere (feat. shYbeast, PLYA)","Anywhere (feat. shYbeast, PLYA)",51,287600,False,0.383,0.843,1,-6.438,1,0.0656,0.00672,0.0,0.176,0.314,149.978,4,dub,0.2849397313135459,0,0
7nIyZpAsOH3U0dYBiozXea,The Yellow Diary,Izafa,Tere Jeya Hor Disda,55,190122,False,0.561,0.526,6,-10.005,0,0.0258,0.774,0.00605,0.103,0.463,89.996,4,indie,0.3649630961563653,0,1
7sHIKRkrjd92ITAEeRaID1,Lion Fiah;Saybor;La Corte Music,Duro,Duro,34,176828,False,0.849,0.758,3,-5.441,0,0.0679,0.12,1.57e-05,0.117,0.792,95.04,4,dancehall,0.16367521831061885,0,0
3lGmH2vFtfaTQJ5Bq7tIMZ,Floyd Cramer,On the Rebound,First Impression,12,138200,False,0.662,0.245,0,-13.28,1,0.031,0.692,0.143,0.103,0.86,107.929,3,honky-tonk,0.449454716104517,0,1
0210gFYpVnijFhx38qw4Zf,Владимир Бунчиков,Мы в жизнь идем (1936 - 1958),"Объединяйся, молодежь!",0,180742,False,0.523,0.26,2,-18.286,0,0.0397,0.859,0.0,0.341,0.588,110.512,4,romance,0.49789011557117885,1,1
0YM62MzsqtMsbCS0E89bvx,Los Amigos Invisibles,Commercial,Sueño Erótico,35,242373,False,0.683,0.823,9,-6.475,1,0.0559,0.138,0.067,0.176,0.837,120.03,4,afrobeat,0.22406295292984338,0,0
75y9r2v3m3hOdNUJwWDzLZ,Luisito Ayala Y La Puerto Rican Power,30 Años de Power,Quiéreme Tal Como Soy - Live,28,330800,False,0.509,0.81,8,-5.69,1,0.0435,0.71,0.000972,0.908,0.962,177.495,4,salsa,0.40548750782242127,0,1
4ZSFKEQMre7LJUkUEW28oA,Wiz Khalifa,Sailor on the Moon - Hot New Rap,Bad Ass Bitches,0,118466,True,0.904,0.601,2,-5.561,1,0.198,0.0305,0.0,0.615,0.761,87.037,4,dance,0.29002912120311625,0,0
1kH4D5cBUE0JUb9DfaUOsd,Wood & Wire,North of Despair,Just Don't Make 'Em,21,280426,False,0.38,0.592,4,-9.512,0,0.0323,0.526,0.00804,0.0921,0.796,153.906,4,bluegrass,0.45374722836513687,1,1
2yEHX6MqAXPyD7bm47A2Br,Tiësto;Black Eyed Peas,Pump It Louder,Pump It Louder,76,158571,False,0.66,0.942,4,-2.273,1,0.185,0.00789,1.76e-05,0.834,0.543,126.017,4,house,0.2817183530869328,0,0
6RF9F2sSwOnNmpggaBv6R5,Raulin Rosendo,De Aqui Pa'lla,Derroche,28,246586,False,0.792,0.698,4,-6.059,0,0.0539,0.652,1.01e-05,0.102,0.9,159.865,4,salsa,0.3591941387200805,0,1
65dvxc4Kctq3JIJ2BkKKMj,Naresh Iyer;Shreya Ghoshal,Sillunu Oru Kadhal (Original Motion Picture Soundtrack ),Munbe Vaa,68,357006,False,0.602,0.758,1,-9.416,1,0.0324,0.25,3.93e-05,0.209,0.788,141.108,4,pop-film,0.21990114814264572,0,0
7fHvI0zoz7nP0dSoiv7ntt,Lisa Nilsson,Himlen runt hörnet,Varje gång jag ser dig,45,227666,False,0.751,0.882,8,-7.933,1,0.0829,0.071,0.000322,0.342,0.526,110.884,4,soul,0.28002513986160465,0,0
6U2NuJILEOEpW2tVCuqKHb,Daddy Yankee;Natti Natasha;Becky G;Bad Bunny,Dura (Remix),Dura - Remix,68,242160,False,0.772,0.803,1,-3.035,1,0.0468,0.188,0.0,0.434,0.853,94.981,4,reggae,0.24790743238239807,0,0
7qY7qxZEyLcxxwX5D3lQdj,Ratones Paranoicos,Vivo Paranoico,Lo que doy - Vivo,39,267213,False,0.499,0.897,9,-5.659,0,0.0394,0.174,0.00596,0.904,0.545,126.838,4,punk-rock,0.39490909543182506,0,1
4EFrCcPqsTnJOfVXHUnrTO,Unholy,Silver grave,Silver grave,39,283681,False,0.632,0.567,9,-8.277,1,0.0362,0.0456,0.91,0.193,0.38,110.042,4,club,0.3902756861679872,0,1
5c1E9iQocE9TMJ0ltS1d1B,Totoy El Frio;Kevin Roldan,Verano en Junio,Quillami,0,202733,True,0.72,0.666,4,-6.448,1,0.18,0.0718,0.0,0.315,0.944,172.051,4,reggae,0.19129604735648328,0,0
06PdA0DLgF4BfAeUNZAbFG,Fats Domino,Fats Domino Swings,Blueberry Hill,61,147880,False,0.489,0.499,11,-9.702,1,0.0271,0.74,0.000236,0.156,0.829,133.341,3,rock-n-roll,0.4041623920447862,0,1
5uwTHBWJ9N8TpBfTiOKZgs,Ocean Sounds XLE Library,Baby White Noise Sleep,Waves And Wind,39,78821,False,0.253,0.503,1,-22.325,1,0.0542,0.606,0.989,0.457,1e-05,98.513,3,sleep,0.5294449011673812,1,1
3xsOfWps2uhcjn7gznHks4,HANA,"手中沙 (劇集 ""不懂撒嬌的女人"" 片尾曲)","手中沙 - 劇集 ""不懂撒嬌的女人"" 片尾曲",21,207466,False,0.67,0.156,10,-11.854,0,0.0345,0.872,3.13e-06,0.099,0.466,115.748,4,cantopop,0.4859651155357273,1,1
2OqzR7I7GF19T2qPrbmYQC,Cliff Richard & The Shadows,Radio Gold - Cliff Richard And The Shadows,Living Doll,47,156793,False,0.599,0.481,9,-7.412,1,0.0467,0.501,0.0,0.0982,0.772,62.573,4,rockabilly,0.45042215534641106,1,1
5ZBsYN7vL7k1WRuJycfBds,The Jimmy Castor Bunch,Butt Of Course,Bertha Butt Boogie,23,371466,False,0.838,0.573,0,-13.675,0,0.0499,0.0572,0.00174,0.098,0.918,98.73,4,groove,0.23146829496843482,0,0
4U1DbSP0jhwf3MVam9J14w,Limão Com Mel;Taty Girl,Estúdio Limão,Meu Neguinho,39,192467,False,0.687,0.768,8,-6.799,0,0.0588,0.498,0.0,0.077,0.808,112.092,4,forro,0.24979609521652268,0,0
5icOoE6VgqFKohjWWNp0Ac,Marshmello;CHVRCHES,Here With Me,Here With Me,75,156346,False,0.791,0.565,5,-3.933,0,0.0439,0.0623,0.0,0.156,0.181,99.961,4,electro,0.12078022939440086,0,0
44g0ftxbp0OAgAXK28ltHj,Diljit Dosanjh;JBee;Ikky;Tory Lanez,Chauffeur JBEE Remix (feat. Tory Lanez),Chauffeur JBEE Remix (feat. Tory Lanez),59,205440,False,0.656,0.728,1,-5.004,1,0.111,0.18,0.0,0.177,0.603,154.087,4,pop-film,0.273637971252998,0,0
38RAiDHgY436zkGXTmQvkp,Hugo Díaz,Tangos,Cuesta Abajo,17,270512,False,0.569,0.471,0,-8.971,1,0.0735,0.63,0.625,0.0909,0.417,101.855,4,tango,0.4765668423510728,1,1
2sWCKLm6qrQ4Hu6Lkrh2Xb,Nikolai Erdenko,Лучшая цыганская музыка. Часть четвертая,Солнышко,0,213720,False,0.264,0.167,7,-20.194,0,0.0354,0.943,0.517,0.29,0.108,109.73,3,romance,0.6414121903480008,1,2
5MaKcM9OtEnbu8YAZbPtfS,Melike Şahin,Merhem: İlk Konserler (Live),Uykumun Boynunu Bükme (Live @ Bostancı Gösteri Merkezi),37,280469,False,0.488,0.672,9,-11.69,0,0.0365,0.0219,3.46e-05,0.712,0.463,105.943,3,turkish,0.34804684268041475,0,0
2d3DoAIDeUC58X3mzDRmDs,Jacky Cheung;高慧君,不後悔,你最珍貴,54,286840,False,0.52,0.285,10,-10.754,1,0.027,0.686,0.0,0.0931,0.0798,93.922,4,mandopop,0.5048603938440147,1,1
2n40kGcCG499ckQwYNJnWp,Papon,Bollywood Unplugged,Kaun Mera,38,344471,False,0.601,0.407,2,-10.169,1,0.0288,0.71,0.00149,0.119,0.108,95.95,1,folk,0.32912671968132073,0,0
2PxZSFOv7RebkeSEwQTjr7,Mustafa Zahid,Awarapan (Original Soundtrack),Tera Mera Rishta,60,347040,False,0.575,0.895,4,-3.417,0,0.0541,0.0521,0.00142,0.104,0.648,102.02,4,pop-film,0.20295555475035942,0,0
6m9sj7msjjynuExDWRwCr7,The Wiggles,Party Time!,"What's the Time, Mr Wolf?",30,89346,False,0.667,0.396,2,-11.013,1,0.807,0.221,0.0,0.378,0.718,128.255,4,children,0.4480528384926466,0,1
40WKBTSgL6lyBpgQPanpoS,Rebel Cats;Jay de la Cueva,Rebel Cats Y Sus Amigos,Anclado A Ti,31,172586,False,0.512,0.954,0,-3.671,1,0.105,0.0183,0.0121,0.609,0.607,110.121,4,rockabilly,0.32535918805758807,0,0
6ezauvJT4kX0UvmntXdGQr,Porter Robinson,Nurture,dullscythe,45,240158,False,0.346,0.376,7,-11.197,0,0.0476,0.532,0.712,0.0757,0.33,81.17,4,dub,0.47804994453170496,1,1
0o9t52kMt1yNHE0IDmdu43,Skinny Atlas;Laeland;Snøw,summer nights,summer nights,54,172137,False,0.521,0.523,6,-7.621,1,0.0362,0.233,0.0,0.403,0.343,145.156,4,chill,0.35045034626608085,0,1
1KqF8lTWSsKd4C5yINTGaH,Ewa Konstancja Bułhak,Bambukalambu,"Ryby, żaby, raki",23,192960,False,0.694,0.523,5,-10.461,0,0.117,0.651,0.0,0.0945,0.814,81.568,4,disney,0.36866534402671836,0,1
12Jup0G4Xlm5XovO62ABVv,Fr. John Samuel,Holy Qurbana Hymns in Malayalam,Nin Mathaavu,19,99395,False,0.56,0.458,5,-5.849,0,0.0273,0.689,0.0,0.433,0.722,139.688,4,malay,0.4493132102293999,0,1
6znLeGhFx7y3dzLgLWy2WW,Ever So Blue,Letters,Letters,34,193778,False,0.261,0.0959,9,-23.699,1,0.042,0.992,0.868,0.103,0.369,182.65,3,piano,0.649548757356868,1,2
0fxjsll9jmmRgMFbwdp4Xg,Mulatu Astatke,New York - Addis - London: The Story of Ethio Jazz 1965-1975,Yègellé Tezeta,51,194293,False,0.839,0.233,3,-13.539,1,0.0413,0.745,0.747,0.105,0.777,125.597,4,afrobeat,0.313553188382492,0,0
68HDdKx3xQUh2U7CErYN1j,Grum,Journey To ABGT500 pt.2,Drifting Away (ABGT499D3),36,247619,False,0.541,0.895,6,-8.707,0,0.0426,0.000338,0.462,0.176,0.127,125.994,4,progressive-house,0.15837725629368715,0,0
6FnD62i17Yb1gd2RBS1x30,Michael W. Smith;Skye Reedy,Awaken: The Surrounded Experience,Agnus Dei,40,294368,False,0.204,0.242,7,-12.121,1,0.0354,0.608,0.0,0.174,0.0765,134.742,4,world-music,0.5975095909010162,1,1
1nkf3dkbk1gUO361O8gDqo,Patrick Page;Hadestown Original Broadway Company;Anaïs Mitchell,"His Kiss, the Riot","His Kiss, the Riot",20,183794,False,0.217,0.506,10,-10.434,1,0.114,0.553,0.00517,0.0878,0.229,78.476,4,show-tunes,0.5107897721616058,1,1
1wdPW3bn0ysQVdRhWET6XL,Candy Lo,哲學家,哲學家,32,274545,False,0.55,0.373,2,-9.006,1,0.0306,0.822,0.000589,0.112,0.471,131.947,4,cantopop,0.49292816655246513,1,1
3PHj5zJAHJrU7Iw8QgSnLV,Dr LoFi,Aaj Din Chadheya (Lofi),Aaj Din Chadheya - Lofi,49,298912,False,0.427,0.504,8,-10.458,1,0.0628,0.537,0.0192,0.371,0.107,73.522,4,indian,0.42908286075279406,0,1
1Y0BPppM77cdZQqcR3uWO3,Traditional;Friedrich Oberschelp;Christfried Bickenbach;Gerhard Bunk;Der Bielefelder Kinderchor,Alle Jahre wieder: Weihnachten mit Kindern,"Herbei, o ihr Gläubigen",0,197400,False,0.325,0.107,10,-17.44,1,0.0389,0.983,0.0,0.1,0.346,109.271,4,sleep,0.6619556830589199,1,2
3vEx3syxx9AdodiBPiBY5j,Cameron's Bedtime Classics,Lullabies and Magic,Sweet Dreams,19,263924,False,0.465,0.106,2,-18.594,1,0.0314,0.963,0.942,0.098,0.0392,79.036,4,disney,0.5201669661265571,1,1
402z8paMCSLAv7XnW6YEvi,Gabino Pampini,50 Años,Cuando Florezcan las Amapolas,29,228762,False,0.672,0.658,2,-8.883,0,0.0352,0.593,0.0399,0.0357,0.84,109.17,4,salsa,0.39560486630731884,0,1
5Z3ZbUOUgYFdFdgPFwwdDf,Frontliner;Natalia Isabella,The Summer Of Frontliner 2,Sail Away - Edit,24,214305,False,0.399,0.683,6,-5.459,1,0.0392,0.00899,0.0,0.119,0.265,150.082,4,hardstyle,0.21874180152595818,0,0
0JZZ3Ae4P3jlH3R4wZUbN5,Steel Pulse,African Holocaust,Global Warning,29,292866,False,0.806,0.679,1,-6.579,1,0.259,0.0465,0.0,0.0431,0.811,77.139,4,dub,0.22233435343739205,0,0
1e9IYUO2mZvklWC5RkffPl,White Noise for Babies,Sea of White Noise,Noise Ambience Calmness,0,218000,False,0.12,0.971,9,-20.252,0,0.0655,0.996,0.883,0.809,1e-05,76.252,3,sleep,0.6488854828155581,1,2
0VbOBom0Ya2zrlSpv7II1C,Collective Soul,Dosage,Heavy,64,174912,False,0.553,0.872,1,-5.617,1,0.0374,0.00109,0.00115,0.0988,0.543,106.927,4,grunge,0.24204364478585505,0,0
1wjmb6uqRlWuF6stUJ4eNc,Blank & Jones,Substance (Super Deluxe Edition),Desire,24,413640,False,0.679,0.867,7,-4.695,1,0.0484,0.000752,0.919,0.837,0.336,139.993,4,techno,0.31128134726756246,0,0
3H3KHEifg4i7RZedDqZeX0,WowKidz,50 Top Hindi Nursery Rhymes,Titli Udi Bus Mein Chadi,27,40704,False,0.93,0.463,6,-6.302,1,0.319,0.88,0.0,0.107,0.761,125.009,4,children,0.43804683006426776,0,1
3DUGWLHFA5B0dI80WhnL9F,Eve 6,Horrorscope,Sunset Strip Bitch,26,198760,False,0.433,0.928,9,-4.438,1,0.148,0.000993,5.48e-06,0.087,0.785,175.897,4,grunge,0.2648965379678103,0,0
0Cqa73dSlagoCQP2LEBFDr,Los Tecolines,Peerless 80 Aniversario - 24 Exitos Vol. 1,Mucho corazón,25,186986,False,0.764,0.287,4,-12.13,0,0.0382,0.964,5.56e-05,0.105,0.405,113.106,4,guitar,0.46122411214018927,1,1
3nxQsiBxMP7f1Ey4J7YqNs,Las manos de Filippi,Los Métodos Piqueteros,Los Métodos Piqueteros,36,208200,True,0.733,0.678,9,-6.745,0,0.0326,0.0138,0.0,0.168,0.938,114.004,4,ska,0.2185866308593162,0,0
0nL9R8UslLX49eij3eq1Ro,The Prophet;3 Steps Ahead,The Hardcore Archive Part 2 (1995 - 1996),Housetime (3 Steps Ahead Remix) - Extended Mix,5,313324,False,0.699,0.977,11,-3.691,0,0.109,0.304,0.0489,0.174,0.123,99.929,4,happy,0.2733452082500319,0,0
4aWqVlWZwVfuSTVucZrb65,Ella Fitzgerald;Louis Armstrong,pov: you are an christmas elf,Cheek To Cheek,0,353647,False,0.665,0.443,0,-8.076,1,0.0803,0.582,0.0,0.113,0.662,122.872,4,jazz,0.36230339893382024,0,1
13SgfMDRRldjdxzd6eKpQm,Juan Magán;Mariah Angeliq;Yera,Hora del taco sin auto,Amigos,0,177333,False,0.74,0.63,11,-6.634,0,0.0832,0.0212,0.0,0.299,0.763,89.952,4,latino,0.2856562610997036,0,0
3clj22mW4k1FADb751JYWc,Dead Fish,Zero e Um,Bem-Vindo Ao Clube,41,187400,False,0.547,0.977,1,-2.819,0,0.0924,0.000834,3.98e-06,0.366,0.386,97.993,4,punk-rock,0.2343527452926538,0,0
4N7YAWIUEYqntHh04Qdf8M,Vitinho,"Sonhos, Vol. 1 (Ao Vivo)",50 Tons - Ao Vivo,51,199668,False,0.567,0.849,0,-6.379,1,0.0959,0.701,0.0,0.965,0.839,149.826,4,pagode,0.433297332152543,0,1
4SjKsDIVQessPLdN42FZlm,Vishal-Shekhar;Snigdhajit Bhowmik;Ananya Chakraborty,"Alcoholia (From ""Vikram Vedha"")","Alcoholia (From ""Vikram Vedha"")",63,231022,False,0.774,0.584,11,-7.89,0,0.107,0.231,0.0,0.198,0.444,132.0,4,pop-film,0.24668889405454214,0,0
0OQtMyzTMcvYtul4uGCJPb,Brock Ansiolitiko,Ver-S.O.S,De vuelta a casa,34,195941,False,0.661,0.697,8,-8.387,1,0.0501,0.32,1.16e-05,0.0922,0.0755,98.02,4,spanish,0.30793844819556276,0,0
1DEA1tTNQdWPsoH0Zr2kdu,Pert Near Sandstone,Paradise Hop,Appalachian Girl,23,258093,False,0.496,0.475,7,-6.509,1,0.0323,0.801,6.86e-06,0.157,0.533,112.454,4,bluegrass,0.4457984943071036,0,1
0pPeUQmVwq1MfVeh9x3tbV,Oxya,Take Back,Take Back,28,180023,False,0.492,0.842,7,-4.52,0,0.11,0.0604,0.0,0.419,0.649,159.846,4,hardstyle,0.46484992619509324,1,1
0YJ8NlhYd13u2CZeuI2HMD,Earl Klugh,Soda Fountain Shuffle,Just Pretend,21,223266,False,0.709,0.372,2,-16.478,1,0.0526,0.652,0.415,0.129,0.832,78.53,4,guitar,0.3339942619429264,0,0
6Mmfn16y9FPXhjvneVFE9e,Joachim Pastor,Goodbyes,Goodbyes,39,466935,False,0.707,0.519,9,-12.566,0,0.039,0.665,0.9,0.109,0.166,123.999,4,minimal-techno,0.40584014867112955,0,1
6WRJ8fEAi03rbGRFIorfc6,Elsiane,Mechanics of Emotion,In the Shadows,17,285493,False,0.467,0.529,4,-8.825,0,0.0287,0.0192,0.000422,0.11,0.177,87.949,4,trip-hop,0.326009346077846,0,0
4MO8ZfoBPueBLS7dIm99MM,PartyfrieX,Partyfreak,Vreten,26,189600,False,0.546,0.887,2,-5.684,1,0.114,0.114,0.0,0.847,0.626,134.076,4,hardstyle,0.40528724863702403,0,1
1urIVc5DUYEh8boKLd3FCt,Mortician,Hacked up for Barbeque/ Zombie Apocalypse,Eaten Alive by Maggots,14,113346,False,0.297,0.817,9,-10.017,0,0.121,0.00062,0.297,0.18,0.0744,125.225,4,grindcore,0.3898531532001132,0,1
5PXsZaT8cOxb4mXrA20PMQ,Ozuna,Nibiru,Baila Baila Baila,70,158760,False,0.837,0.626,11,-5.674,0,0.152,0.0588,0.0,0.252,0.592,99.987,4,latino,0.19668601255517892,0,0
2whwQ5AcH84MhNIXoAYKdi,Watchhouse,This Side of Jordan,Cavalry,58,196493,False,0.48,0.273,2,-11.045,1,0.0319,0.913,0.000135,0.0911,0.438,124.238,4,bluegrass,0.5100926003492058,1,1
37401pYbpD1TKkFyP4hYPB,Royal Deluxe,Born for This,I'm A Wanted Man,50,228986,False,0.493,0.588,11,-5.145,0,0.0342,0.00943,5.37e-06,0.325,0.259,82.072,4,blues,0.33396909852877904,0,0
1kjxU1Z1omaqsaS7qh3ZhQ,Selma India,Je Suis Paix,Je Suis Paix,58,182831,False,0.304,0.0219,9,-30.35,1,0.0324,0.987,0.91,0.109,0.231,104.09,4,piano,0.6102280722496544,1,2
7hiUBUSyIepRGWQbYrMvzw,Nathaniel Rateliff & The Night Sweats,Mega Hits Autumn/Fall 2022,Face Down In The Moment,0,279186,False,0.52,0.591,6,-3.225,1,0.0301,0.353,0.00412,0.102,0.359,151.089,4,blues,0.43253986197303157,0,1
7aRbNtrDwkJh8THFGUAD0A,Franz Schubert;Burak Çebi,Burak Çebi: Bright Spots,Piano Sonata D. 960 in B-Flat Major: I. Allegro moderato,0,1203613,False,0.412,0.0313,10,-25.323,1,0.0454,0.991,0.899,0.0735,0.0387,126.359,4,classical,0.6094964691028091,1,2
5PFuhDqfybJX0yUDorOcls,Sound Rush;Sogma,Harder Tunes Forever - 100% the Best in Hardstyle and Hardcore,Transform,2,235423,False,0.319,0.896,3,-3.749,0,0.08,0.00139,3.01e-05,0.104,0.362,154.655,4,hardstyle,0.34251098130842844,0,0
6KeXJbrg02axATKVgdW8am,Ludovico Einaudi,Una Mattina,Ora,54,473493,False,0.225,0.124,10,-26.385,1,0.0544,0.965,0.905,0.0937,0.0479,132.853,4,ambient,0.5641266963215001,1,1
6dnPQD7riP9K0ub8tbFJV5,SHISHAMO,SHISHAMO BEST,熱帯夜,37,252266,False,0.539,0.753,2,-6.651,1,0.0338,0.000814,4.46e-06,0.167,0.647,186.144,4,j-rock,0.31655371731404075,0,0
04YU3IbNPCd3VPHOHjJJUx,Last Idol,ラストアルバム,何人(なんびと)も,20,273600,False,0.633,0.913,8,-2.587,0,0.045,0.0711,0.0,0.202,0.829,126.982,4,j-idol,0.2209842470639074,0,0
6JMRXqVpDD1Xu2lAoFOVbS,O Rappa,O Rappa - Acústico Oficina Francisco Brennand (Deluxe) [Ao Vivo],Rodo cotidiano - Ao vivo,48,207197,False,0.483,0.896,7,-5.206,1,0.0887,0.186,0.00019,0.965,0.392,128.21,4,reggae,0.4172104145886757,0,1
4WNjDQ6LZJxM0nsWyfhHHg,Format:B;Pleasurekraft;Kolombo,Ibiza Techno Top 50 : 2022. 2 - the Closing,Coltrane - Kolombo Remix,0,412800,False,0.786,0.682,4,-7.412,0,0.0739,0.0106,0.557,0.0896,0.145,125.008,4,deep-house,0.35578522694464976,0,1
4kBJKzHDMYlocOXDssdqNi,Flamin' Groovies,Groovies Greatest Grooves,Don't Put Me On,31,252346,False,0.631,0.593,5,-11.485,1,0.0444,0.0866,0.122,0.374,0.58,128.47,4,power-pop,0.3107012152979919,0,0
6UcbxO3C7bgwkjjVdFxqim,Ekin Cheng,初夏之戀,I'll Have to Say I Love You in a Song,33,152666,False,0.535,0.681,9,-8.288,1,0.0272,0.822,0.00654,0.106,0.666,133.702,4,cantopop,0.4565873506204648,1,1
6zZmCSkyu52ho1xEekxLim,Propellerheads,Decksandrumsandrockandroll,Better?,12,123040,False,0.687,0.982,1,-6.226,1,0.223,0.00951,0.856,0.0659,0.343,183.761,4,breakbeat,0.22088206571563654,0,0
7GEQkaJPZmph6xtzXFNWxn,The Killers,Alternative Christmas 2022,Joy Ride - Night Version,0,436413,False,0.666,0.935,0,-4.563,1,0.0445,0.00285,0.781,0.352,0.69,118.999,4,dance,0.32853033177917723,0,0
2gak2Z4kHpsCiyhySu1aO6,Nicola Conte,Jet Sounds Revisited,Love Me 'Til Sunday - Performed By Nicola Conte,21,269949,False,0.685,0.832,7,-8.232,1,0.0314,0.346,0.243,0.145,0.768,107.994,4,trip-hop,0.29885374704024337,0,0
723iQZxU8MToulytMk7hkG,Kijugo,Kataware Doki but is it okay if it's lofi?,Kataware Doki but is it okay if it's lofi?,43,192000,False,0.847,0.146,0,-19.128,0,0.0674,0.838,0.929,0.211,0.205,119.986,4,anime,0.4619317336226972,1,1
2qRrm8JIClfFaXlt0UHxvi,The Chemical Brothers,Surrender (20th Anniversary Edition),Flashback,15,320906,False,0.215,0.979,11,-4.228,1,0.0433,0.0114,0.00034,0.08,0.32,140.142,4,breakbeat,0.36625078600681554,0,1
0F0vP1gOKm3TRc8RxuWH7K,Linn da Quebrada;Boss in Drama;BADSISTA,mEnorme,mEnorme,26,224246,False,0.384,0.508,1,-9.587,1,0.0483,0.127,0.000199,0.234,0.227,124.82,4,club,0.42709745832664847,0,1
1gXqg06Sc5301iRoKNhRRL,"Nikolai Erdenko;Ансамбль ""Джанг""",Шедевры цыганской музыки. Классика цыганской песни,У реки,0,134173,False,0.536,0.391,6,-17.031,1,0.0387,0.933,0.00462,0.15,0.82,154.325,4,romance,0.5021808997174766,1,1
2mUVRJuqQDjiQHzsQrZ0mg,Anthony Rother,Super Space Model,Don't Worry - Original,18,502609,False,0.917,0.336,0,-10.52,1,0.367,0.000234,0.627,0.106,0.888,129.965,4,minimal-techno,0.28372137875617015,0,0
3SlQVRQAgsc6ac6UBM9dIk,LiSA,LEO-NiNE,unlasting,59,296813,False,0.637,0.447,7,-5.893,0,0.0302,0.53,0.0,0.0977,0.343,113.256,4,j-rock,0.38912725645770524,0,1
0DPcJVMHiqvl4oWuaG48lo,Wolfgang Amadeus Mozart;Jan Lisiecki,Mozart - A Classical Dawn,"12 Variations in C Major on ""Ah, vous dirai-je Maman"", K. 265/300e: Theme",11,57133,False,0.451,0.0159,0,-35.666,1,0.0644,0.991,0.877,0.0717,0.883,114.211,4,classical,0.5166736429011238,1,1
2sE9IexbGA2WwA4J6JaVw0,New Model Army,Winter,Burn the Castle,21,192478,False,0.367,0.904,11,-8.206,0,0.0629,0.000262,0.201,0.0564,0.452,143.333,4,goth,0.3459053942934444,0,0
3yuSn1mX7iU35dmVqqvVPD,Luke Vibert,We Hear You,We Hear You,14,193053,False,0.802,0.812,6,-3.169,0,0.128,0.152,0.0,0.256,0.717,95.631,4,idm,0.2428698702901878,0,0
6QLKiicKZXwzaCtUWS1SI3,Novo Som,As 10 Mais do Novo Som,Para Sempre,25,232013,False,0.625,0.399,9,-12.705,1,0.0288,0.423,0.0,0.412,0.388,130.298,4,groove,0.3994828351211298,0,1
4m4fIb5so8C1ifn6AVufBV,Nicholas Gunn,The Sacred Fire,A Place in My Heart,47,220266,False,0.667,0.652,2,-12.216,0,0.0589,0.28,0.692,0.108,0.492,92.554,4,new-age,0.2946295442026329,0,0
0ETDRoS675x8vFPT1GuLgL,Glee Cast,Glee LGBTQIA+ Pride,"River Deep, Mountain High",16,212626,False,0.325,0.855,8,-4.603,1,0.0755,0.0563,0.000299,0.298,0.497,167.538,4,club,0.3297707417250545,0,0
4b5QHhUld8ba26ZJEHawFW,Larry Heard,Can You Feel It,Can You Feel It - Instrumental,43,340813,False,0.687,0.505,9,-12.141,0,0.0494,0.0959,0.9,0.0888,0.677,114.775,4,chicago-house,0.23526409369036527,0,0
3VvsbwvnTw6NOlnCFR0nAK,Floetry,Flo'Ology,Imagination,28,394946,False,0.649,0.429,4,-11.23,0,0.0802,0.0913,0.00137,0.0319,0.465,116.515,4,british,0.33966775839689173,0,0
7tDASYxj2O3UBK6VTWGaUW,Najim Arshad;Sangeetha Sreekanth,Oru Murai Vanthu Paarthaya (Original Motion Picture Soundtrack),Arikil,55,263620,False,0.582,0.556,5,-5.935,0,0.0309,0.877,0.00995,0.0883,0.357,143.993,4,pop-film,0.41805985932483253,0,1
64ePgq9aQ8w7MHbarfwwiZ,Ceephax Acid Crew,Box Steady,Darqcyde,11,338437,False,0.788,0.863,1,-8.549,1,0.0717,0.000107,0.835,0.0453,0.485,131.004,4,idm,0.18559018181354875,0,0
5HYuRYANROil0iLwKWkBdB,Pomme,ZEN 2022,when I c u,0,238626,False,0.328,0.116,9,-14.55,1,0.0371,0.957,7.08e-05,0.388,0.259,181.687,3,french,0.6292545751891871,1,2
01p5s1IbneueexPka3Px3O,Charlie Brown Jr.;Marcelo Nova,Música Popular Caiçara: Edição Luxo (Ao Vivo),Coração Satânico - Ao Vivo,43,271533,False,0.284,0.937,2,-4.411,1,0.164,0.00102,0.0,0.934,0.288,181.937,4,hard-rock,0.5031631969868293,1,1
4VlJMfwRPnJHZ60TDZDshW,Jor'dan Armstrong,52 Weeks of Summer,Came Up,19,199876,False,0.72,0.441,5,-9.626,0,0.172,0.668,3.96e-05,0.116,0.309,96.01,4,afrobeat,0.43276436567006704,0,1
3wNycDzsKr9SYh58yWsnP2,Mr.Children,重力と呼吸,秋がくれた切符,39,210733,False,0.287,0.592,3,-6.486,1,0.0267,0.425,5.47e-06,0.335,0.386,77.583,4,j-pop,0.48373192783456836,1,1
2hAoZ8jEe8UNWZL2iaVgc1,OSAMU SATO,LSD REVAMPED,Fried Banana 2018,9,279800,False,0.56,0.886,9,-8.416,0,0.0456,0.107,0.833,0.0795,0.964,120.005,4,idm,0.30707922232954704,0,0
6Kh5thzbnEAGzgLFeiVRc4,Shane O,Wedding Cake Riddim,All Out,0,144039,False,0.657,0.705,5,-3.979,0,0.209,0.0295,0.0,0.159,0.321,126.992,5,dancehall,0.2767984667046209,0,0
0wg0Ly8aadaS8FonmAu27A,Celtic Woman,Ancient Land (Deluxe),Going Home,21,241986,False,0.43,0.369,2,-7.828,1,0.0279,0.471,0.0,0.172,0.108,75.948,4,opera,0.4262434571288531,0,1
1sFFxRWtbJmYH3hP5Fvi3v,My Chemical Romance,Danger Days: The True Lives of the Fabulous Killjoys,Bulletproof Heart,31,296733,False,0.405,0.95,6,-2.8,1,0.071,0.00033,3.47e-06,0.108,0.383,139.715,4,emo,0.2954582336536118,0,0
16qXHjHXikXPue7pYMgLx5,NTO;Rodriguez Jr.;Tricky,Loving You Like Always (Rodriguez Jr. Remix),Loving You Like Always - Rodriguez Jr. Remix,43,203882,False,0.535,0.82,7,-9.356,1,0.0325,1.28e-05,0.919,0.116,0.255,114.973,4,minimal-techno,0.22248708568749762,0,0
5NCNySW8lAekW79fumeTnG,サザンオールスターズ,世に万葉の花が咲くなり,せつない胸に風が吹いてた,37,264604,False,0.552,0.863,2,-4.972,1,0.0343,0.274,0.0,0.0988,0.767,131.916,4,j-pop,0.23100083963797688,0,0
7K5tOFxje8nlunmexOmWgo,DJ Snake;Ozuna;Megan Thee Stallion;LISA,"SG (with Ozuna, Megan Thee Stallion & LISA of BLACKPINK)","SG (with Ozuna, Megan Thee Stallion & LISA of BLACKPINK)",66,225600,False,0.796,0.836,6,-2.827,0,0.0473,0.00421,0.0068,0.101,0.68,100.033,4,electronic,0.10404310958096138,0,0
4RtKWao64GNQBLs7WgbxXb,Gost,Possessor,Sigil,17,234770,False,0.301,0.97,6,-0.939,0,0.122,0.00109,0.946,0.0879,0.217,129.768,4,club,0.32369422357874195,0,0
2OejjIQHB7W9vKB5gHj6Ln,Layo & Bushwacka!;Bushwacka!,Love Story,Love Story - Bushwacka! Remix,15,487146,False,0.683,0.665,9,-8.862,0,0.0377,0.0052,0.913,0.105,0.0683,131.978,4,breakbeat,0.2163130686854518,0,0
4VsGKABwzD4SlPsVXhIgSE,Busy Signal,Parts Of The Puzzle,Stay So,51,220464,False,0.859,0.623,8,-5.339,0,0.061,0.181,0.000259,0.165,0.807,101.978,4,j-dance,0.21370537683294275,0,0
1EBo9H6NjVeZRAlXcXLYq8,Jhayco,Esto No Se Le Dedica A Cualquiera,Me Extraña,2,234520,False,0.755,0.767,7,-3.754,0,0.106,0.0176,0.0,0.143,0.232,156.001,4,reggae,0.22905141304567744,0,0
0egYpJLBJGuqMO579aL47A,The Cramps,Smell of Female,Psychotic Reaction,26,234733,False,0.25,0.988,11,-5.754,1,0.13,0.0198,0.526,0.668,0.161,131.484,4,goth,0.40496399081131884,0,1
5SJ7wxV5pDvhxs4xjgb2cW,Elijah Gonzales;Shiloh Dynasty,Trust Nobody,Trust Nobody,55,166217,False,0.693,0.191,1,-18.597,0,0.115,0.789,0.342,0.102,0.784,208.001,4,sad,0.4622237878507489,1,1
2XQSgmtEY2titXhfY414dy,Boards of Canada,Music Has The Right To Children,Roygbiv,59,151520,False,0.631,0.521,4,-10.312,0,0.063,0.0201,0.923,0.103,0.118,84.033,4,trip-hop,0.23822548106670327,0,0
4bLCib4WnSGbkPTx6hln2x,Steely Dan,On air 70's Hits,Reelin' In The Years,0,275466,False,0.52,0.758,2,-9.92,1,0.0363,0.115,0.0,0.109,0.706,135.349,4,rock,0.3898388721228641,0,1
4eqsIRw0sKnLafeqqU7Phh,Alberto Podestá;Rodolfo Lezica;Agustin Magaldi;Alberto Morán;Jorge Durán;Carlos Almada;Enrique Campos;Jorge Vidal;Mariano Leyes;Oscar Larroca;Armando Moreno;Alberto Marino,Grandes cantores del tango,Antiguo reloj de cobre,23,127760,False,0.54,0.409,3,-12.594,1,0.172,0.816,0.000838,0.201,0.706,96.114,4,tango,0.49279739813881285,1,1
68ae1LwQdpHhYwPrz7rTdl,Bleed From Within,Fracture,The End of All We Know,51,252333,True,0.359,0.979,6,-5.599,0,0.0866,0.000449,0.000282,0.326,0.303,149.026,4,metalcore,0.279248875869544,0,0
03nTfF7fRu1FJgk2bDrsax,Disfear,Live the Storm,The Furnace,16,252400,False,0.33,0.99,2,-2.484,0,0.0779,1.6e-06,0.0055,0.136,0.0712,119.014,4,grindcore,0.3467923928987211,0,0
0vb21Y15llmTPEqw5m7KAW,Vijay Antony;Dinesh,Tn07 Al 4777 (Original Motion Picture Soundtrack),Aathichoodi,57,251210,False,0.739,0.738,7,-8.241,1,0.249,0.348,0.0,0.161,0.737,139.895,4,pop-film,0.2801605665926641,0,0
43GJmTLEE0itzVPFmCKmmS,Erasmo Carlos,50 Anos de Estrada (Ao Vivo no Theatro Municipal),Sentado à Beira do Caminho - Ao Vivo,39,301213,False,0.475,0.58,7,-8.119,1,0.0321,0.0905,8.06e-05,0.985,0.309,103.685,4,samba,0.45877230819119474,1,1
1kiTyfNdbxdwx6V5pi380k,Manjari,Karuthapakshikal (Original Motion Picture Soundtrack),Mazhayil,33,334440,False,0.492,0.685,2,-5.198,1,0.0449,0.716,0.00194,0.127,0.503,174.002,4,malay,0.42691121294642925,0,1
5T7DUEeAj0hkMLTzIlDCRz,Natalie Holt,Loki: Vol. 1 (Episodes 1-3) [Original Soundtrack],Loki Green Theme,52,144761,False,0.458,0.475,5,-12.581,1,0.032,0.76,0.836,0.125,0.132,126.055,4,british,0.5648807129550052,1,1
3rFrusePhu0Uzf9XhTRtAV,Shogo Hamada,この新しい朝に,この新しい朝に,32,345433,False,0.546,0.815,11,-3.2,1,0.0311,0.118,2.78e-06,0.148,0.542,128.966,4,j-rock,0.27024089523926137,0,0
6Ww581O9pklqs42MN4Da6q,Sonny Fodera;Raphaella,Need U - Spotify Singles,Need U - Spotify Singles,51,154017,False,0.745,0.772,11,-5.161,0,0.0497,0.0642,1.69e-06,0.23,0.788,121.98,4,deep-house,0.23694059772158893,0,0
1mB7dCUM7sPyNab6R43nlj,Falling In Reverse,The Drug In Me Is You,The Drug In Me Is You,72,218786,True,0.548,0.855,3,-3.266,1,0.151,0.0149,0.0,0.127,0.644,145.133,4,metal,0.22226945288088265,0,0
7AcGFRQPq3kNArX1RU3cPM,Timmies;Shiloh Dynasty,Passion & Confusion,I Dont Wanna Know Her,58,122204,False,0.836,0.287,9,-14.701,0,0.342,0.599,0.00439,0.352,0.358,109.934,3,chill,0.3714157971168078,0,1
4JA1VA7I16v3g12AwWQN2A,Living Room,Ibiza Winter Island 2022 (The Deep-House Edition),Spirit Nature,0,227500,False,0.664,0.681,9,-10.967,0,0.0391,0.0316,0.853,0.125,0.5,120.003,4,jazz,0.32044189220523406,0,0
3Q97tyLwBoqT3hgpXC9h42,Robert Lowe,Just Dipping My Toe,Just Dipping My Toe,46,227036,False,0.679,0.127,7,-13.935,1,0.0693,0.927,0.908,0.104,0.44,80.072,4,guitar,0.5004099994950377,1,1
04x6DpeFQ72efXsD0DmWPQ,Jay Chou,十二新作,明明就,56,260386,False,0.543,0.428,9,-8.966,1,0.0262,0.14,0.0,0.0876,0.173,112.985,4,mandopop,0.294384587174292,0,0
3mmOZNLF9RwO85BD37j4A1,Fleurie,Say It's Over,Say It's Over,24,215520,False,0.548,0.784,2,-6.542,1,0.0267,0.00558,0.00302,0.123,0.331,97.018,4,singer-songwriter,0.24785335140987413,0,0
5a7VBd32bFqT6GXU38l5qq,Sergei Prokofiev;Miriam K. Smith;Sandra Wright Shen,Momentum,"Cello Sonata in C Major, Op. 119: III. Allegro, ma non troppo",0,503341,False,0.363,0.0911,0,-22.805,1,0.0389,0.969,0.874,0.162,0.228,77.37,4,classical,0.49357646763852614,1,1
4BdHtHIs4bJ6O5uQEOb9pM,HANA,"聽雪落淚 (劇集 ""烈火如歌"" 主題曲)","聽雪落淚 - 劇集 ""烈火如歌"" 主題曲",21,198155,False,0.59,0.318,3,-11.462,1,0.0311,0.692,0.0,0.114,0.222,136.359,4,cantopop,0.42159543145429407,0,1
3mrCVBnj3LOOKZLlRoj2MT,Stam1na,Stam1na,Kadonneet kolme sanaa,37,222726,False,0.452,0.817,2,-8.372,1,0.0459,4.06e-05,0.915,0.394,0.354,130.161,4,heavy-metal,0.38457769367998196,0,1
3nFwh8bSIFzeVOnKZKzacA,George Lopez,Team Leader,Kids In the Store,21,260838,True,0.435,0.726,10,-14.431,1,0.937,0.847,0.0,0.885,0.362,85.097,5,comedy,0.6469040757580236,1,2
643KA1xhBJCulImSKjxSBN,John Dahlbäck;Agnes,10's Dance Classics,Life (Diamonds In the Dark) - Feenixpawl Remix,0,390000,False,0.778,0.66,8,-5.003,0,0.0617,0.00506,0.486,0.0474,0.162,127.977,4,progressive-house,0.24252833314694516,0,0
1rMEccgwbKt3qmAXeBqOyZ,Haricharan;Benny Dayal;Salim Kumar;Vishnu Vijay,"Ole Melody (From ""Thallumaala"")",Ole Melody,66,242005,False,0.752,0.452,0,-11.399,1,0.35,0.133,0.000194,0.236,0.833,99.684,4,pop,0.39890181219668247,0,1
4KAJHL1c9AGKDxRQFtm0wd,Carrie Hope Fletcher,When the Curtain Falls,Burn,23,222782,False,0.431,0.379,2,-8.042,1,0.0575,0.635,0.0,0.185,0.293,140.079,4,show-tunes,0.5466020470578976,1,1
2wvpGY0X2anQFBcypdkeIa,Mark With a K;Redhead,Forever Young,Live Free - Radio Edit,22,217603,False,0.515,0.811,2,-6.077,0,0.04,0.0111,0.0,0.54,0.15,149.928,4,hardstyle,0.2974826630398021,0,0
4OJWEXvhoqC2c3Z8IO59r6,dave the band,Slob Stories,Capsule,24,237573,False,0.243,0.963,8,-8.422,0,0.116,0.00094,0.000111,0.0844,0.145,166.627,4,garage,0.33298589969619874,0,0
4VC6Ihh1epJiQPiiMpJXDE,Barrington Levy,Poor Man Style,Don't Give Up,17,198440,False,0.83,0.467,9,-10.936,1,0.0953,0.0551,1.64e-05,0.0662,0.837,140.569,4,dub,0.2792915767128349,0,0
6wUK8WB3cbNUAAGjNmKy3M,Kayzo;Bad Omens,Suffocate,Suffocate,57,179200,True,0.638,0.961,7,-1.726,1,0.3,0.0144,0.00141,0.175,0.664,150.065,4,dubstep,0.2827031761504357,0,0
4CRp77Sf1fHsFIOp4yhdcu,Alexander Vertinsky,Velikie ispolniteli Rossii XX veka: Aleksandr Vertinskiy,Dorogoy dlinnoy,19,174871,False,0.566,0.201,10,-12.559,0,0.0707,0.989,5.86e-06,0.338,0.592,114.97,3,romance,0.5459229836651123,1,1
1BSAmxkrz2H8v5kpTfAT6v,Bea Miller,chapter two: red,like that,55,185440,False,0.426,0.445,6,-5.776,0,0.169,0.183,0.0,0.661,0.347,56.966,4,alt-rock,0.3582876833266774,0,1
7L18r0lddbrSDSSj5dSvRJ,Cosmic Psychos,Cum The Raw Prawn,Fuckwit City,33,212253,True,0.342,0.881,9,-7.097,1,0.0474,7.25e-05,0.301,0.135,0.237,136.554,4,psych-rock,0.3514734708799055,0,1
65c6VCikt7f5sAS1heoYQC,Bohemia;Sidhu Moose Wala,Same Beef,Same Beef,68,290360,False,0.779,0.854,9,-4.958,1,0.219,0.0462,0.0,0.21,0.379,91.992,4,hip-hop,0.14827188544776576,0,0
76gRg3RyCTCijQ2La5vtns,Pense,"Realidade, Vida e Fé",Existência,34,192053,False,0.569,0.988,6,-4.261,1,0.0617,0.000154,6.49e-06,0.173,0.883,112.012,4,hard-rock,0.19969966857690635,0,0
1xtlT8C62HToUvB0xmwvyi,Vishal Chandrashekhar;Sai Vignesh,Sita Ramam (Tamil) [Original Motion Picture Soundtrack],Kurumugil,65,218808,False,0.419,0.342,4,-10.985,1,0.0636,0.518,0.0,0.106,0.599,149.798,3,pop,0.47176486208188284,1,1
11pBR5cLzU99vehVE4ZZnt,Dan Cummins,Get Outta Here; Devil!,Get Outta Here Devil!,24,279317,True,0.599,0.682,5,-12.866,0,0.956,0.664,0.0,0.322,0.539,94.532,3,comedy,0.5002460543599653,1,1
641JGaa36EEBvjp1x2vqqn,Squash Bowels,Grindvirus,Oust - Odor Eliminator,12,133280,False,0.453,0.995,3,-2.36,0,0.173,1.5e-06,0.95,0.32,0.17,130.082,4,grindcore,0.36897282216850935,0,1
0N3JL9zXF0xy87cW5A08Yt,Hank Williams,The Ultimate Collection,There's A Tear In My Beer,13,168106,False,0.585,0.149,8,-16.003,1,0.0281,0.992,0.000279,0.165,0.483,140.631,4,honky-tonk,0.5353137993126462,1,1
5V0wtqmrvcc1ZAbgrhqpEu,Shapeshifter;Ladi6,Soulstice,In the Rain,19,331960,False,0.574,0.829,4,-6.675,0,0.0495,0.0352,0.0132,0.158,0.666,174.976,4,drum-and-bass,0.28824501455697205,0,0
4EotbqbrQJdh6niPUHXIfZ,Parijat,Serenity,Sigh,24,290130,False,0.221,0.0791,7,-19.858,1,0.0333,0.916,0.908,0.099,0.0384,159.836,4,new-age,0.5870979263259698,1,1
